decision_month,decision_date,ranking_window,rank,Ticker,hold_1m_return,hold_2m_return,hold_3m_return,momentum_3m,momentum_4m,momentum_5m,momentum_6m,momentum_7m
2026-10,2026-10-01,4,1,CRWD,,,,0.37738437094311394,0.3607783584221489,1.3359668842360142,1.706160514501029,1.7655771601697934
2026-10,2026-10-01,4,2,PANW,,,,0.12558229287009226,0.3187233277158972,1.1882593107641788,1.4662351684559125,1.639027746302678
2026-10,2026-10-01,4,3,AMGN,,,,0.13372848755728883,0.24464518757267006,0.25142056816350067,0.168318500229498,0.07011548060414019
2026-10,2026-10-01,4,4,REGN,,,,0.17759648041360498,0.22476618138739246,0.050393306589985976,-0.05208508767392139,-0.06833896471952416
2026-10,2026-10-01,4,5,MRVL,,,,-0.014349774778439128,0.2220121879246577,0.6256206224253404,1.5141069702045193,2.317837781285722
2026-10,2026-10-01,4,6,FTNT,,,,0.12416659972110344,0.21462554004384748,1.071155398360224,1.2023413168231296,1.2571356470305632
2026-10,2026-10-01,4,7,META,,,,0.18533380213948614,0.21101174597097727,0.19454000018279216,0.2554189489603951,0.1135914833399514
2026-10,2026-10-01,4,8,AMD,,,,0.13838554746011456,0.20700600743960562,0.7077993173454769,1.9291183140813408,2.1000402557933002
2026-10,2026-10-01,4,9,SHOP,,,,0.22576666697820724,0.2011762249336253,0.1677762863331469,0.2579311555913093,0.24886915536951104
2026-10,2026-10-01,4,10,WDAY,,,,0.43356101846293504,0.1877504615825063,0.4709357383954149,0.44711348766958636,0.3935527770689802
2026-10,2026-10-01,5,1,CRWD,,,,0.37738437094311394,0.3607783584221489,1.3359668842360142,1.706160514501029,1.7655771601697934
2026-10,2026-10-01,5,2,PANW,,,,0.12558229287009226,0.3187233277158972,1.1882593107641788,1.4662351684559125,1.639027746302678
2026-10,2026-10-01,5,3,FTNT,,,,0.12416659972110344,0.21462554004384748,1.071155398360224,1.2023413168231296,1.2571356470305632
2026-10,2026-10-01,5,4,MU,,,,0.06323740665143496,0.059931177365545096,1.0242318262710275,1.9837129636889923,1.6607695446744137
2026-10,2026-10-01,5,5,DDOG,,,,0.04529635500268214,-0.003711841203449917,0.9672667320609605,1.329653625354355,1.4881647910757163
2026-10,2026-10-01,5,6,ALAB,,,,-0.17277067830536275,0.1134993830031894,0.7585357524552738,2.3520173731779113,1.9566155487752783
2026-10,2026-10-01,5,7,AMD,,,,0.13838554746011456,0.20700600743960562,0.7077993173454769,1.9291183140813408,2.1000402557933002
2026-10,2026-10-01,5,8,MRVL,,,,-0.014349774778439128,0.2220121879246577,0.6256206224253404,1.5141069702045193,2.317837781285722
2026-10,2026-10-01,5,9,SNDK,,,,-0.12032655560031247,0.01490827730569766,0.5060572379159647,1.5806446838009998,1.8876557021009646
2026-10,2026-10-01,5,10,NBIS,,,,0.013526512795997814,-0.12184798229332128,0.5035276750609923,1.2783718070851968,1.5522469325031225
2026-10,2026-10-01,6,1,ALAB,,,,-0.17277067830536275,0.1134993830031894,0.7585357524552738,2.3520173731779113,1.9566155487752783
2026-10,2026-10-01,6,2,MU,,,,0.06323740665143496,0.059931177365545096,1.0242318262710275,1.9837129636889923,1.6607695446744137
2026-10,2026-10-01,6,3,AMD,,,,0.13838554746011456,0.20700600743960562,0.7077993173454769,1.9291183140813408,2.1000402557933002
2026-10,2026-10-01,6,4,CRWD,,,,0.37738437094311394,0.3607783584221489,1.3359668842360142,1.706160514501029,1.7655771601697934
2026-10,2026-10-01,6,5,SNDK,,,,-0.12032655560031247,0.01490827730569766,0.5060572379159647,1.5806446838009998,1.8876557021009646
2026-10,2026-10-01,6,6,MRVL,,,,-0.014349774778439128,0.2220121879246577,0.6256206224253404,1.5141069702045193,2.317837781285722
2026-10,2026-10-01,6,7,INTC,,,,-0.05526686213662091,0.09759442047237354,0.2045773608866639,1.4984385394514201,1.6373626373626373
2026-10,2026-10-01,6,8,PANW,,,,0.12558229287009226,0.3187233277158972,1.1882593107641788,1.4662351684559125,1.639027746302678
2026-10,2026-10-01,6,9,DDOG,,,,0.04529635500268214,-0.003711841203449917,0.9672667320609605,1.329653625354355,1.4881647910757163
2026-10,2026-10-01,6,10,NBIS,,,,0.013526512795997814,-0.12184798229332128,0.5035276750609923,1.2783718070851968,1.5522469325031225
2026-09,2026-09-01,4,1,PANW,0.09434119696096865,,,0.20503854865196258,0.9996133900844331,1.2536254463459393,1.4115218851591882,1.06413179864
2026-09,2026-09-01,4,2,CRWD,0.23722503034446385,,,0.09986326258149303,0.88806953217366,1.1872823844726041,1.2353065063675692,0.9603053830058572
2026-09,2026-09-01,4,3,FTNT,0.10423227977141902,,,0.09997286104992376,0.8756519224279176,0.9944547512041797,1.0440768562732115,0.9910198582935479
2026-09,2026-09-01,4,4,MU,0.17564065368767245,,,-0.09842248646231944,0.7218116946888065,1.5379463991227906,1.2632507104345927,1.133338903767792
2026-09,2026-09-01,4,5,DDOG,0.23507860962326244,,,-0.19334028536009606,0.5928271421209685,0.8862391488303503,1.0145801017756146,0.7345214338981116
2026-09,2026-09-01,4,6,WDAY,-0.05862488454762671,,,0.26171856689852957,0.5625394322098305,0.5372336318601143,0.4803373853783197,0.1441919442608015
2026-09,2026-09-01,4,7,DXCM,-0.04337692544031524,,,0.2039534671148855,0.46927468022141294,0.44524612687731024,0.22174032096815766,0.24279609688037396
2026-09,2026-09-01,4,8,PAYX,-0.19738939169241276,,,0.2392441882559504,0.3822940902237688,0.414376791280068,0.36425460838836843,0.25481596489295044
2026-09,2026-09-01,4,9,ALAB,0.2733378899097272,,,-0.12552717403066482,0.38104407823750885,1.6324649566624858,1.3219410748743892,0.8361978429493866
2026-09,2026-09-01,4,10,AMGN,-0.07041451302687962,,,0.3389249348388974,0.3462135389380132,0.25681663128555354,0.1511749006415839,0.29710107543358544
2026-09,2026-09-01,5,1,ALAB,0.2733378899097272,,,-0.12552717403066482,0.38104407823750885,1.6324649566624858,1.3219410748743892,0.8361978429493866
2026-09,2026-09-01,5,2,MU,0.17564065368767245,,,-0.09842248646231944,0.7218116946888065,1.5379463991227906,1.2632507104345927,1.133338903767792
2026-09,2026-09-01,5,3,PANW,0.09434119696096865,,,0.20503854865196258,0.9996133900844331,1.2536254463459393,1.4115218851591882,1.06413179864
2026-09,2026-09-01,5,4,SNDK,0.16320179786575717,,,-0.12748735501625652,0.29475147019139647,1.218570061132958,1.4825062232531239,1.3102489592901998
2026-09,2026-09-01,5,5,CRWD,0.23722503034446385,,,0.09986326258149303,0.88806953217366,1.1872823844726041,1.2353065063675692,0.9603053830058572
2026-09,2026-09-01,5,6,AMD,0.33967929351615145,,,-0.09903361701465785,0.274782200195951,1.1864324754871092,1.3140166984718165,0.8662848799201417
2026-09,2026-09-01,5,7,FTNT,0.10423227977141902,,,0.09997286104992376,0.8756519224279176,0.9944547512041797,1.0440768562732115,0.9910198582935479
2026-09,2026-09-01,5,8,MRVL,0.2742049876418966,,,-0.04096107001890592,0.27579207285461194,0.9730788959296441,1.6038493126807385,1.676674732082469
2026-09,2026-09-01,5,9,NBIS,0.1640774110191341,,,-0.24562403720396186,0.29160454522064305,0.9572339309380749,1.192506192752821,1.2633845848159133
2026-09,2026-09-01,5,10,STX,0.15880679593328284,,,-0.11292980307725631,0.12421045674227105,0.9314196515123716,1.1570610843750808,0.8908598792598086
2026-09,2026-09-01,6,1,MRVL,0.2742049876418966,,,-0.04096107001890592,0.27579207285461194,0.9730788959296441,1.6038493126807385,1.676674732082469
2026-09,2026-09-01,6,2,SNDK,0.16320179786575717,,,-0.12748735501625652,0.29475147019139647,1.218570061132958,1.4825062232531239,1.3102489592901998
2026-09,2026-09-01,6,3,PANW,0.09434119696096865,,,0.20503854865196258,0.9996133900844331,1.2536254463459393,1.4115218851591882,1.06413179864
2026-09,2026-09-01,6,4,ALAB,0.2733378899097272,,,-0.12552717403066482,0.38104407823750885,1.6324649566624858,1.3219410748743892,0.8361978429493866
2026-09,2026-09-01,6,5,AMD,0.33967929351615145,,,-0.09903361701465785,0.274782200195951,1.1864324754871092,1.3140166984718165,0.8662848799201417
2026-09,2026-09-01,6,6,MU,0.17564065368767245,,,-0.09842248646231944,0.7218116946888065,1.5379463991227906,1.2632507104345927,1.133338903767792
2026-09,2026-09-01,6,7,CRWD,0.23722503034446385,,,0.09986326258149303,0.88806953217366,1.1872823844726041,1.2353065063675692,0.9603053830058572
2026-09,2026-09-01,6,8,NBIS,0.1640774110191341,,,-0.24562403720396186,0.29160454522064305,0.9572339309380749,1.192506192752821,1.2633845848159133
2026-09,2026-09-01,6,9,STX,0.15880679593328284,,,-0.11292980307725631,0.12421045674227105,0.9314196515123716,1.1570610843750808,0.8908598792598086
2026-09,2026-09-01,6,10,FTNT,0.10423227977141902,,,0.09997286104992376,0.8756519224279176,0.9944547512041797,1.0440768562732115,0.9910198582935479
2026-08,2026-08-03,4,1,ALAB,-0.12814198939446397,0.11016983952534587,,0.5840240743768876,2.0193734812783863,1.6632101175072296,1.1060744073155702,0.7879816894528759
2026-08,2026-08-03,4,2,DDOG,-0.18187137666509567,0.010453162601467225,,0.9469153097567866,1.3055533018042453,1.4624246656517945,1.120108482242991,1.0453016174407144
2026-08,2026-08-03,4,3,AMD,-0.05164664192046131,0.2704893567556661,,0.3442059221232121,1.3055040158393498,1.4400363838620365,0.9679214124358233,1.1687027878511445
2026-08,2026-08-03,4,4,MU,0.12530440318433533,0.3229536041572483,,0.5300852727639753,1.2553421029376803,1.0112342082996815,0.8957882842464371,1.6313359803790117
2026-08,2026-08-03,4,5,PANW,0.04309622114091938,0.14150316718881717,,0.91699801950897,1.160515397017703,1.3118882383846717,0.9788508066708275,0.9352735370039043
2026-08,2026-08-03,4,6,NBIS,-0.061341652237284605,0.0926709792951197,,0.3760113552488742,1.0851398547758362,1.335787241416051,1.411297561259293,1.3633130521769177
2026-08,2026-08-03,4,7,CRWD,0.0618643944575652,0.313765207654467,,0.7780702903576941,1.059850952616166,1.1050771812623363,0.846097668626741,0.7861457672922576
2026-08,2026-08-03,4,8,FTNT,-0.008332826140592386,0.09503090416525373,,0.891412735916411,1.0112138465187726,1.0612529184746493,1.0077500907333876,1.0956601498429595
2026-08,2026-08-03,4,9,STX,-0.017351331084827115,0.13869995555369674,,0.1440614456674325,0.9655241111196187,1.1951498563127747,0.9242481459291909,1.897347317364665
2026-08,2026-08-03,4,10,INTC,-0.022307678893372263,0.31868131868131866,,-0.08652883466094663,0.8946492257506604,1.0,0.8643720024518475,1.3108176112691852
2026-08,2026-08-03,5,1,ALAB,-0.12814198939446397,0.11016983952534587,,0.5840240743768876,2.0193734812783863,1.6632101175072296,1.1060744073155702,0.7879816894528759
2026-08,2026-08-03,5,2,DDOG,-0.18187137666509567,0.010453162601467225,,0.9469153097567866,1.3055533018042453,1.4624246656517945,1.120108482242991,1.0453016174407144
2026-08,2026-08-03,5,3,AMD,-0.05164664192046131,0.2704893567556661,,0.3442059221232121,1.3055040158393498,1.4400363838620365,0.9679214124358233,1.1687027878511445
2026-08,2026-08-03,5,4,MRVL,0.08571576383003965,0.38342444143366783,,0.1750700462836121,0.8173070352863683,1.3982789966088687,1.4653549494759681,1.17098510875554
2026-08,2026-08-03,5,5,NBIS,-0.061341652237284605,0.0926709792951197,,0.3760113552488742,1.0851398547758362,1.335787241416051,1.411297561259293,1.3633130521769177
2026-08,2026-08-03,5,6,PANW,0.04309622114091938,0.14150316718881717,,0.91699801950897,1.160515397017703,1.3118882383846717,0.9788508066708275,0.9352735370039043
2026-08,2026-08-03,5,7,STX,-0.017351331084827115,0.13869995555369674,,0.1440614456674325,0.9655241111196187,1.1951498563127747,0.9242481459291909,1.897347317364665
2026-08,2026-08-03,5,8,CRWD,0.0618643944575652,0.313765207654467,,0.7780702903576941,1.059850952616166,1.1050771812623363,0.846097668626741,0.7861457672922576
2026-08,2026-08-03,5,9,SNDK,0.19319422696701571,0.38792567001107514,,0.08511375677917021,0.8593536668144535,1.0805550070112346,0.9361885157311136,3.679661658903851
2026-08,2026-08-03,5,10,FTNT,-0.008332826140592386,0.09503090416525373,,0.891412735916411,1.0112138465187726,1.0612529184746493,1.0077500907333876,1.0956601498429595
2026-08,2026-08-03,6,1,MRVL,0.08571576383003965,0.38342444143366783,,0.1750700462836121,0.8173070352863683,1.3982789966088687,1.4653549494759681,1.17098510875554
2026-08,2026-08-03,6,2,NBIS,-0.061341652237284605,0.0926709792951197,,0.3760113552488742,1.0851398547758362,1.335787241416051,1.411297561259293,1.3633130521769177
2026-08,2026-08-03,6,3,ARM,-0.01773609251935071,0.2228729161023184,,0.1320201053592036,0.5416262737304809,0.9221676632564326,1.235668164933339,1.0836746323004998
2026-08,2026-08-03,6,4,DDOG,-0.18187137666509567,0.010453162601467225,,0.9469153097567866,1.3055533018042453,1.4624246656517945,1.120108482242991,1.0453016174407144
2026-08,2026-08-03,6,5,ALAB,-0.12814198939446397,0.11016983952534587,,0.5840240743768876,2.0193734812783863,1.6632101175072296,1.1060744073155702,0.7879816894528759
2026-08,2026-08-03,6,6,FTNT,-0.008332826140592386,0.09503090416525373,,0.891412735916411,1.0112138465187726,1.0612529184746493,1.0077500907333876,1.0956601498429595
2026-08,2026-08-03,6,7,PANW,0.04309622114091938,0.14150316718881717,,0.91699801950897,1.160515397017703,1.3118882383846717,0.9788508066708275,0.9352735370039043
2026-08,2026-08-03,6,8,AMD,-0.05164664192046131,0.2704893567556661,,0.3442059221232121,1.3055040158393498,1.4400363838620365,0.9679214124358233,1.1687027878511445
2026-08,2026-08-03,6,9,WDC,-0.1456317745969984,-0.12236161293311099,,0.22209268795785397,0.7712605832163459,0.9535316817719695,0.9524473083192226,1.8109210297595912
2026-08,2026-08-03,6,10,SNDK,0.19319422696701571,0.38792567001107514,,0.08511375677917021,0.8593536668144535,1.0805550070112346,0.9361885157311136,3.679661658903851
2026-07,2026-07-01,4,1,ALAB,-0.2548623712851721,-0.3503457894013636,-0.17277067830536275,3.052101739226396,2.574118410984809,1.8264233695297483,1.3995321408431458,1.608269138469144
2026-07,2026-07-01,4,2,MRVL,-0.2875286891706831,-0.2264586665559587,-0.014349774778439128,1.550709070897216,2.3661411486411588,2.460286627690726,2.0471193376593826,1.9899233106117324
2026-07,2026-07-01,4,3,SNDK,-0.36619556550700005,-0.24374820773685835,-0.12032655560031247,1.9336394092947753,2.282645077539629,2.0548674170762653,6.383447328902423,8.669410422079004
2026-07,2026-07-01,4,4,INTC,-0.2835773704536042,-0.29955909642547063,-0.05526686213662091,1.6445971241168929,1.7916482778695912,1.6023354449764908,2.2254950024851716,2.174706372699466
2026-07,2026-07-01,4,5,AMD,-0.10397868238179742,-0.15025517452592474,0.13838554746011456,1.573045942665543,1.7231901026061784,1.1962886080288109,1.4203696331868247,1.4612305169400956
2026-07,2026-07-01,4,6,ARM,-0.29161111596923817,-0.30417516675608736,-0.1337304196508352,1.1762428921224228,1.7134356659003736,2.155989902343322,1.941427624392277,1.4995927335114145
2026-07,2026-07-01,4,7,NBIS,-0.07243211176906883,-0.12933065859540305,0.013526512795997814,1.2479646840218246,1.5181846752703922,1.5995914604785955,1.5478599271954718,1.2883673408288545
2026-07,2026-07-01,4,8,MU,-0.1963154238286826,-0.09561020766308015,0.06323740665143496,1.806252813363586,1.5025168678501015,1.358871055206516,2.274090430992797,3.2964772446996315
2026-07,2026-07-01,4,9,STX,-0.09192627407122578,-0.10768256193924852,0.03402351135457504,1.1644983826718347,1.4173696404084195,1.119043961943814,2.1906520744241,2.4055796864426795
2026-07,2026-07-01,4,10,DDOG,0.034482738726364204,-0.15366006110207808,0.04529635500268214,1.2287015679380007,1.3803438892402262,1.0494382389146764,0.9771249348818052,0.674984301517549
2026-07,2026-07-01,5,1,MRVL,-0.2875286891706831,-0.2264586665559587,-0.014349774778439128,1.550709070897216,2.3661411486411588,2.460286627690726,2.0471193376593826,1.9899233106117324
2026-07,2026-07-01,5,2,ARM,-0.29161111596923817,-0.30417516675608736,-0.1337304196508352,1.1762428921224228,1.7134356659003736,2.155989902343322,1.941427624392277,1.4995927335114145
2026-07,2026-07-01,5,3,SNDK,-0.36619556550700005,-0.24374820773685835,-0.12032655560031247,1.9336394092947753,2.282645077539629,2.0548674170762653,6.383447328902423,8.669410422079004
2026-07,2026-07-01,5,4,ALAB,-0.2548623712851721,-0.3503457894013636,-0.17277067830536275,3.052101739226396,2.574118410984809,1.8264233695297483,1.3995321408431458,1.608269138469144
2026-07,2026-07-01,5,5,INTC,-0.2835773704536042,-0.29955909642547063,-0.05526686213662091,1.6445971241168929,1.7916482778695912,1.6023354449764908,2.2254950024851716,2.174706372699466
2026-07,2026-07-01,5,6,NBIS,-0.07243211176906883,-0.12933065859540305,0.013526512795997814,1.2479646840218246,1.5181846752703922,1.5995914604785955,1.5478599271954718,1.2883673408288545
2026-07,2026-07-01,5,7,MU,-0.1963154238286826,-0.09561020766308015,0.06323740665143496,1.806252813363586,1.5025168678501015,1.358871055206516,2.274090430992797,3.2964772446996315
2026-07,2026-07-01,5,8,WDC,-0.118906412172054,-0.24722163495347405,-0.22671844472370317,1.0102978930794646,1.2171670623409896,1.215936349204806,2.1902638591310337,2.6645100548252962
2026-07,2026-07-01,5,9,AMD,-0.10397868238179742,-0.15025517452592474,0.13838554746011456,1.573045942665543,1.7231901026061784,1.1962886080288109,1.4203696331868247,1.4612305169400956
2026-07,2026-07-01,5,10,STX,-0.09192627407122578,-0.10768256193924852,0.03402351135457504,1.1644983826718347,1.4173696404084195,1.119043961943814,2.1906520744241,2.4055796864426795
2026-07,2026-07-01,6,1,SNDK,-0.36619556550700005,-0.24374820773685835,-0.12032655560031247,1.9336394092947753,2.282645077539629,2.0548674170762653,6.383447328902423,8.669410422079004
2026-07,2026-07-01,6,2,MU,-0.1963154238286826,-0.09561020766308015,0.06323740665143496,1.806252813363586,1.5025168678501015,1.358871055206516,2.274090430992797,3.2964772446996315
2026-07,2026-07-01,6,3,INTC,-0.2835773704536042,-0.29955909642547063,-0.05526686213662091,1.6445971241168929,1.7916482778695912,1.6023354449764908,2.2254950024851716,2.174706372699466
2026-07,2026-07-01,6,4,STX,-0.09192627407122578,-0.10768256193924852,0.03402351135457504,1.1644983826718347,1.4173696404084195,1.119043961943814,2.1906520744241,2.4055796864426795
2026-07,2026-07-01,6,5,WDC,-0.118906412172054,-0.24722163495347405,-0.22671844472370317,1.0102978930794646,1.2171670623409896,1.215936349204806,2.1902638591310337,2.6645100548252962
2026-07,2026-07-01,6,6,MRVL,-0.2875286891706831,-0.2264586665559587,-0.014349774778439128,1.550709070897216,2.3661411486411588,2.460286627690726,2.0471193376593826,1.9899233106117324
2026-07,2026-07-01,6,7,ARM,-0.29161111596923817,-0.30417516675608736,-0.1337304196508352,1.1762428921224228,1.7134356659003736,2.155989902343322,1.941427624392277,1.4995927335114145
2026-07,2026-07-01,6,8,NBIS,-0.07243211176906883,-0.12933065859540305,0.013526512795997814,1.2479646840218246,1.5181846752703922,1.5995914604785955,1.5478599271954718,1.2883673408288545
2026-07,2026-07-01,6,9,AMAT,-0.20386831384654835,-0.32045517757854347,-0.18596116047538014,0.8420553051448767,0.7510858692472806,0.9870035763060305,1.4269423868931517,1.561459936782911
2026-07,2026-07-01,6,10,AMD,-0.10397868238179742,-0.15025517452592474,0.13838554746011456,1.573045942665543,1.7231901026061784,1.1962886080288109,1.4203696331868247,1.4612305169400956
2026-06,2026-06-01,4,1,ARM,-0.17458726627666965,-0.4152867946929496,-0.42565732219956165,2.287368312892891,2.823529457931984,2.5635840158703105,2.0282943688499624,1.4238203927917144
2026-06,2026-06-01,4,2,MRVL,0.23980308293438068,-0.11667587233151355,-0.04096107001890592,1.7150611213791596,1.790996953726618,1.4577446044475262,1.4116114500499117,1.4310921385705662
2026-06,2026-06-01,4,3,SNDK,0.15373299463222745,-0.2687589117812058,-0.12748735501625652,1.8452381034539362,1.647811435825373,5.399615303761011,7.380977632663871,7.50891309816817
2026-06,2026-06-01,4,4,MU,-0.0031095870641932866,-0.19881455099043666,-0.09842248646231944,1.5103229355775212,1.3662290504527221,2.2843032579185083,3.3098791892748363,3.4156519712104476
2026-06,2026-06-01,4,5,INTC,0.16180366336541097,-0.1676575644751167,-0.1862251922561332,1.4028571831001027,1.2399098290310722,1.7762823480361911,1.732567018684771,1.7678481476216374
2026-06,2026-06-01,4,6,DDOG,-0.046884499282508596,-0.01401846649521954,-0.19334028536009606,1.4974348727392828,1.150251713849884,1.0743812616555437,0.7573780934804284,0.7120556953325974
2026-06,2026-06-01,4,7,LITE,-0.11474036116626385,-0.1382430777365331,-0.039834240655214126,0.15544206830513874,1.137357638515255,1.3438917260219925,1.8465386117971612,3.5345224556420556
2026-06,2026-06-01,4,8,STX,-0.005880464635333538,-0.09726616950282552,-0.11292980307725631,1.431668983872922,1.1315786347227337,2.2095255760703805,2.4257245384413784,2.4844218629722286
2026-06,2026-06-01,4,9,AMD,0.060278751897889116,-0.049967635681870126,-0.09903361701465785,1.5683718529034874,1.0714256549020482,1.2827672712052238,1.3213051403081653,0.9646832924101201
2026-06,2026-06-01,4,10,WDC,0.09580011129575916,-0.03449754839615704,-0.17510538380097718,1.02333166376415,1.0222085454841854,1.911355662629581,2.344140977036491,2.4609591151540893
2026-06,2026-06-01,5,1,SNDK,0.15373299463222745,-0.2687589117812058,-0.12748735501625652,1.8452381034539362,1.647811435825373,5.399615303761011,7.380977632663871,7.50891309816817
2026-06,2026-06-01,5,2,ARM,-0.17458726627666965,-0.4152867946929496,-0.42565732219956165,2.287368312892891,2.823529457931984,2.5635840158703105,2.0282943688499624,1.4238203927917144
2026-06,2026-06-01,5,3,MU,-0.0031095870641932866,-0.19881455099043666,-0.09842248646231944,1.5103229355775212,1.3662290504527221,2.2843032579185083,3.3098791892748363,3.4156519712104476
2026-06,2026-06-01,5,4,STX,-0.005880464635333538,-0.09726616950282552,-0.11292980307725631,1.431668983872922,1.1315786347227337,2.2095255760703805,2.4257245384413784,2.4844218629722286
2026-06,2026-06-01,5,5,WDC,0.09580011129575916,-0.03449754839615704,-0.17510538380097718,1.02333166376415,1.0222085454841854,1.911355662629581,2.344140977036491,2.4609591151540893
2026-06,2026-06-01,5,6,INTC,0.16180366336541097,-0.1676575644751167,-0.1862251922561332,1.4028571831001027,1.2399098290310722,1.7762823480361911,1.732567018684771,1.7678481476216374
2026-06,2026-06-01,5,7,MRVL,0.23980308293438068,-0.11667587233151355,-0.04096107001890592,1.7150611213791596,1.790996953726618,1.4577446044475262,1.4116114500499117,1.4310921385705662
2026-06,2026-06-01,5,8,LITE,-0.11474036116626385,-0.1382430777365331,-0.039834240655214126,0.15544206830513874,1.137357638515255,1.3438917260219925,1.8465386117971612,3.5345224556420556
2026-06,2026-06-01,5,9,AMD,0.060278751897889116,-0.049967635681870126,-0.09903361701465785,1.5683718529034874,1.0714256549020482,1.2827672712052238,1.3213051403081653,0.9646832924101201
2026-06,2026-06-01,5,10,DDOG,-0.046884499282508596,-0.01401846649521954,-0.19334028536009606,1.4974348727392828,1.150251713849884,1.0743812616555437,0.7573780934804284,0.7120556953325974
2026-06,2026-06-01,6,1,SNDK,0.15373299463222745,-0.2687589117812058,-0.12748735501625652,1.8452381034539362,1.647811435825373,5.399615303761011,7.380977632663871,7.50891309816817
2026-06,2026-06-01,6,2,MU,-0.0031095870641932866,-0.19881455099043666,-0.09842248646231944,1.5103229355775212,1.3662290504527221,2.2843032579185083,3.3098791892748363,3.4156519712104476
2026-06,2026-06-01,6,3,STX,-0.005880464635333538,-0.09726616950282552,-0.11292980307725631,1.431668983872922,1.1315786347227337,2.2095255760703805,2.4257245384413784,2.4844218629722286
2026-06,2026-06-01,6,4,WDC,0.09580011129575916,-0.03449754839615704,-0.17510538380097718,1.02333166376415,1.0222085454841854,1.911355662629581,2.344140977036491,2.4609591151540893
2026-06,2026-06-01,6,5,ARM,-0.17458726627666965,-0.4152867946929496,-0.42565732219956165,2.287368312892891,2.823529457931984,2.5635840158703105,2.0282943688499624,1.4238203927917144
2026-06,2026-06-01,6,6,LITE,-0.11474036116626385,-0.1382430777365331,-0.039834240655214126,0.15544206830513874,1.137357638515255,1.3438917260219925,1.8465386117971612,3.5345224556420556
2026-06,2026-06-01,6,7,INTC,0.16180366336541097,-0.1676575644751167,-0.1862251922561332,1.4028571831001027,1.2399098290310722,1.7762823480361911,1.732567018684771,1.7678481476216374
2026-06,2026-06-01,6,8,MRVL,0.23980308293438068,-0.11667587233151355,-0.04096107001890592,1.7150611213791596,1.790996953726618,1.4577446044475262,1.4116114500499117,1.4310921385705662
2026-06,2026-06-01,6,9,AMD,0.060278751897889116,-0.049967635681870126,-0.09903361701465785,1.5683718529034874,1.0714256549020482,1.2827672712052238,1.3213051403081653,0.9646832924101201
2026-06,2026-06-01,6,10,LRCX,0.23466078553143577,-0.0703282755493222,-0.08424433151509658,0.37445857704460694,0.3368418644677773,0.7156594917420358,1.0545426438179786,0.972355976741798
2026-05,2026-05-01,4,1,SNDK,0.48393433337062963,0.7120640022772746,0.08511375677917021,0.7843184676582662,3.3126000658161425,4.647808965796484,4.734022663146355,8.80019792835991
2026-05,2026-05-01,4,2,STX,0.2673297565876629,0.2598772687727433,0.1440614456674325,0.6819447532440934,1.532510232153121,1.7031043188516946,1.7494200659772847,1.8426590738136874
2026-05,2026-05-01,4,3,INTC,0.09747037559488292,0.27504510280114847,-0.08652883466094663,1.0409752088450959,1.529710514082268,1.4898777037180482,1.5220253859894188,1.77184214115548
2026-05,2026-05-01,4,4,WDC,0.26575824424658534,0.387018024918933,0.22209268795785397,0.5976262091722426,1.3000882481808373,1.6420060799422385,1.7342971147023016,2.3086275780052206
2026-05,2026-05-01,4,5,MRVL,0.3302818404668537,0.6492875269824272,0.1750700462836121,1.0980493522689416,0.8475367622736223,0.8128575289004716,0.8275015599080795,0.9699686108222259
2026-05,2026-05-01,4,6,ARM,0.936026234886804,0.5980207070980033,0.1320201053592036,0.9749368004589767,0.8406692800207156,0.5641804404716764,0.25195637802575077,0.4043089893523326
2026-05,2026-05-01,4,7,MU,0.9097766623888239,0.9038380455839616,0.5300852727639753,0.2390082552862225,0.719731590923502,1.256745133686925,1.312130029742418,1.9810421863877354
2026-05,2026-05-01,4,8,MPWR,-0.025949193702344275,-0.15770212069076306,-0.14970745773429417,0.3523857635315404,0.6945733113740722,0.7119939224428411,0.5831078163130208,0.7353221706778119
2026-05,2026-05-01,4,9,AMD,0.41490539965761464,0.5001941312025597,0.3442059221232121,0.46400293291926165,0.6133709516958648,0.6406080158220369,0.38856159067987384,1.1982807183735047
2026-05,2026-05-01,4,10,TXN,0.04864348058855272,0.06727721925039831,-0.03283917922073365,0.2489222933884423,0.5933656204977462,0.6820543367671987,0.7518535477463617,0.5820111926731293
2026-05,2026-05-01,5,1,SNDK,0.48393433337062963,0.7120640022772746,0.08511375677917021,0.7843184676582662,3.3126000658161425,4.647808965796484,4.734022663146355,8.80019792835991
2026-05,2026-05-01,5,2,STX,0.2673297565876629,0.2598772687727433,0.1440614456674325,0.6819447532440934,1.532510232153121,1.7031043188516946,1.7494200659772847,1.8426590738136874
2026-05,2026-05-01,5,3,WDC,0.26575824424658534,0.387018024918933,0.22209268795785397,0.5976262091722426,1.3000882481808373,1.6420060799422385,1.7342971147023016,2.3086275780052206
2026-05,2026-05-01,5,4,INTC,0.09747037559488292,0.27504510280114847,-0.08652883466094663,1.0409752088450959,1.529710514082268,1.4898777037180482,1.5220253859894188,1.77184214115548
2026-05,2026-05-01,5,5,MU,0.9097766623888239,0.9038380455839616,0.5300852727639753,0.2390082552862225,0.719731590923502,1.256745133686925,1.312130029742418,1.9810421863877354
2026-05,2026-05-01,5,6,MRVL,0.3302818404668537,0.6492875269824272,0.1750700462836121,1.0980493522689416,0.8475367622736223,0.8128575289004716,0.8275015599080795,0.9699686108222259
2026-05,2026-05-01,5,7,MCHP,-0.020975596659254858,-0.05124915852035539,-0.19534290536698762,0.2103377743248105,0.4532245082926203,0.7687287852593914,0.5278894058193437,0.4873743214610644
2026-05,2026-05-01,5,8,MPWR,-0.025949193702344275,-0.15770212069076306,-0.14970745773429417,0.3523857635315404,0.6945733113740722,0.7119939224428411,0.5831078163130208,0.7353221706778119
2026-05,2026-05-01,5,9,TXN,0.04864348058855272,0.06727721925039831,-0.03283917922073365,0.2489222933884423,0.5933656204977462,0.6820543367671987,0.7518535477463617,0.5820111926731293
2026-05,2026-05-01,5,10,LRCX,0.2352757575328146,0.5251465371434043,0.14840094367764922,0.08222140385707744,0.3888878505708553,0.6632259082955416,0.5966928555945559,0.8030027289728456
2026-05,2026-05-01,6,1,SNDK,0.48393433337062963,0.7120640022772746,0.08511375677917021,0.7843184676582662,3.3126000658161425,4.647808965796484,4.734022663146355,8.80019792835991
2026-05,2026-05-01,6,2,STX,0.2673297565876629,0.2598772687727433,0.1440614456674325,0.6819447532440934,1.532510232153121,1.7031043188516946,1.7494200659772847,1.8426590738136874
2026-05,2026-05-01,6,3,WDC,0.26575824424658534,0.387018024918933,0.22209268795785397,0.5976262091722426,1.3000882481808373,1.6420060799422385,1.7342971147023016,2.3086275780052206
2026-05,2026-05-01,6,4,INTC,0.09747037559488292,0.27504510280114847,-0.08652883466094663,1.0409752088450959,1.529710514082268,1.4898777037180482,1.5220253859894188,1.77184214115548
2026-05,2026-05-01,6,5,MU,0.9097766623888239,0.9038380455839616,0.5300852727639753,0.2390082552862225,0.719731590923502,1.256745133686925,1.312130029742418,1.9810421863877354
2026-05,2026-05-01,6,6,MRVL,0.3302818404668537,0.6492875269824272,0.1750700462836121,1.0980493522689416,0.8475367622736223,0.8128575289004716,0.8275015599080795,0.9699686108222259
2026-05,2026-05-01,6,7,TXN,0.04864348058855272,0.06727721925039831,-0.03283917922073365,0.2489222933884423,0.5933656204977462,0.6820543367671987,0.7518535477463617,0.5820111926731293
2026-05,2026-05-01,6,8,ADI,0.012572595206366,-0.019222341579480995,-0.08755256268815959,0.259026869741922,0.4573509113930858,0.5021734757467284,0.7137290147644795,0.6731203482184533
2026-05,2026-05-01,6,9,AMAT,0.17903675811074904,0.675026165608787,0.3335414055772743,0.18625226107071335,0.4488981943819852,0.5292059248829406,0.6420378352057643,0.7926372719767498
2026-05,2026-05-01,6,10,LRCX,0.2352757575328146,0.5251465371434043,0.14840094367764922,0.08222140385707744,0.3888878505708553,0.6632259082955416,0.5966928555945559,0.8030027289728456
2026-04,2026-04-01,4,1,WDC,0.44936681208375817,0.8345479913324083,1.0102978930794646,0.5869607534851684,0.8228691714996701,0.886545967456779,1.28280898280567,2.6437430683737344
2026-04,2026-04-01,4,2,STX,0.7180232045779271,1.1773019296697012,1.1644983826718347,0.4740838339114819,0.5733805641558698,0.6003393077876062,0.6546104070300105,1.500350160134483
2026-04,2026-04-01,4,3,MU,0.4739976543030098,1.8150063206037577,1.806252813363586,0.1667125696592029,0.5310371268901666,0.5686117430327426,1.0224198984884696,2.1092482285495215
2026-04,2026-04-01,4,4,LRCX,0.15634437842640336,0.42840417802948694,0.7635946245022713,0.20110226372259943,0.43834824583911725,0.38081084267248766,0.5592264403329734,1.2990987768011304
2026-04,2026-04-01,4,5,ODFL,0.030957233514590232,0.1447677920044772,0.093203829764956,0.25578743343072685,0.43413266268552,0.4566598776958024,0.43856115733026124,0.3387601883727871
2026-04,2026-04-01,4,6,AMAT,0.09971733156501661,0.2966071574466209,0.8420553051448767,0.3175187412205702,0.3905445344820704,0.4931453638808867,0.6300891333826968,1.25255837436421
2026-04,2026-04-01,4,7,KLAC,0.13581699222744104,0.27810568232503696,0.7536699053670428,0.19407668507402942,0.31510637820563514,0.2503635543761138,0.35034874453800935,0.8011085255102615
2026-04,2026-04-01,4,8,ASML,0.051756849971276164,0.20030519288238824,0.35837615189413174,0.1699406604437177,0.25143948243794223,0.27627314918610946,0.35952350815066514,0.8791340171875137
2026-04,2026-04-01,4,9,ROST,0.04041825275655442,0.01873158867043956,-0.03471041848815437,0.20618057789233246,0.24461712342487574,0.3704686047591492,0.4420337267921546,0.46453840379264477
2026-04,2026-04-01,4,10,MCHP,0.436983766644796,0.40684217474975815,0.3633395577968397,0.011301965982360773,0.2308620502994161,0.06326142388288947,0.035066892184818954,0.043366950785873826
2026-04,2026-04-01,5,1,WDC,0.44936681208375817,0.8345479913324083,1.0102978930794646,0.5869607534851684,0.8228691714996701,0.886545967456779,1.28280898280567,2.6437430683737344
2026-04,2026-04-01,5,2,STX,0.7180232045779271,1.1773019296697012,1.1644983826718347,0.4740838339114819,0.5733805641558698,0.6003393077876062,0.6546104070300105,1.500350160134483
2026-04,2026-04-01,5,3,MU,0.4739976543030098,1.8150063206037577,1.806252813363586,0.1667125696592029,0.5310371268901666,0.5686117430327426,1.0224198984884696,2.1092482285495215
2026-04,2026-04-01,5,4,AMAT,0.09971733156501661,0.2966071574466209,0.8420553051448767,0.3175187412205702,0.3905445344820704,0.4931453638808867,0.6300891333826968,1.25255837436421
2026-04,2026-04-01,5,5,ODFL,0.030957233514590232,0.1447677920044772,0.093203829764956,0.25578743343072685,0.43413266268552,0.4566598776958024,0.43856115733026124,0.3387601883727871
2026-04,2026-04-01,5,6,ADI,0.24053285209879638,0.25612956948843335,0.21668690587518546,0.1747781680488878,0.21090987087143676,0.3814458938875387,0.34871103605824194,0.2996116376676061
2026-04,2026-04-01,5,7,LRCX,0.15634437842640336,0.42840417802948694,0.7635946245022713,0.20110226372259943,0.43834824583911725,0.38081084267248766,0.5592264403329734,1.2990987768011304
2026-04,2026-04-01,5,8,ROST,0.04041825275655442,0.01873158867043956,-0.03471041848815437,0.20618057789233246,0.24461712342487574,0.3704686047591492,0.4420337267921546,0.46453840379264477
2026-04,2026-04-01,5,9,FANG,0.08934005994775718,0.04986188189599128,-0.09292946345818709,0.2587594221607854,0.22796743584996193,0.3667469276076396,0.34513258536564106,0.28840494236630954
2026-04,2026-04-01,5,10,ASML,0.051756849971276164,0.20030519288238824,0.35837615189413174,0.1699406604437177,0.25143948243794223,0.27627314918610946,0.35952350815066514,0.8791340171875137
2026-04,2026-04-01,6,1,WDC,0.44936681208375817,0.8345479913324083,1.0102978930794646,0.5869607534851684,0.8228691714996701,0.886545967456779,1.28280898280567,2.6437430683737344
2026-04,2026-04-01,6,2,MU,0.4739976543030098,1.8150063206037577,1.806252813363586,0.1667125696592029,0.5310371268901666,0.5686117430327426,1.0224198984884696,2.1092482285495215
2026-04,2026-04-01,6,3,STX,0.7180232045779271,1.1773019296697012,1.1644983826718347,0.4740838339114819,0.5733805641558698,0.6003393077876062,0.6546104070300105,1.500350160134483
2026-04,2026-04-01,6,4,AMAT,0.09971733156501661,0.2966071574466209,0.8420553051448767,0.3175187412205702,0.3905445344820704,0.4931453638808867,0.6300891333826968,1.25255837436421
2026-04,2026-04-01,6,5,LRCX,0.15634437842640336,0.42840417802948694,0.7635946245022713,0.20110226372259943,0.43834824583911725,0.38081084267248766,0.5592264403329734,1.2990987768011304
2026-04,2026-04-01,6,6,ROST,0.04041825275655442,0.01873158867043956,-0.03471041848815437,0.20618057789233246,0.24461712342487574,0.3704686047591492,0.4420337267921546,0.46453840379264477
2026-04,2026-04-01,6,7,ODFL,0.030957233514590232,0.1447677920044772,0.093203829764956,0.25578743343072685,0.43413266268552,0.4566598776958024,0.43856115733026124,0.3387601883727871
2026-04,2026-04-01,6,8,WBD,-0.018915986252935668,-0.008730439182117244,-0.02473627904101372,-0.035776936147842275,0.15165474673695178,0.23328840924221184,0.42067179478939964,1.3657487127243217
2026-04,2026-04-01,6,9,ASML,0.051756849971276164,0.20030519288238824,0.35837615189413174,0.1699406604437177,0.25143948243794223,0.27627314918610946,0.35952350815066514,0.8791340171875137
2026-04,2026-04-01,6,10,KLAC,0.13581699222744104,0.27810568232503696,0.7536699053670428,0.19407668507402942,0.31510637820563514,0.2503635543761138,0.35034874453800935,0.8011085255102615
2026-03,2026-03-02,4,1,MU,-0.10823541773110079,0.31445890245486097,1.5103229355775212,0.7168624515169448,0.7589975810003067,1.2678854248089402,2.486624486295163,2.9387424314026536
2026-03,2026-03-02,4,2,WDC,0.10290473365846942,0.5985135178546623,1.02333166376415,0.652789326103435,0.7105248621056108,1.0698152008408868,2.3037695434373506,2.535098349193871
2026-03,2026-03-02,4,3,AMAT,-0.0493847473762149,0.045408068960433035,0.23257454052992732,0.4627837399453041,0.5707147131919763,0.7147727525762939,1.3695794572482853,1.0803640804399945
2026-03,2026-03-02,4,4,ADI,-0.0874727073997349,0.1320200849073998,0.1462525152004166,0.3269848263068651,0.5138680290329514,0.4779952851766902,0.4241893346163228,0.6014315963798169
2026-03,2026-03-02,4,5,ODFL,-0.037743455874667875,-0.007954655337237382,0.10156029936021516,0.4903849409401646,0.5137957612123811,0.4949871384225073,0.39127158609213497,0.47022606797275146
2026-03,2026-03-02,4,6,LRCX,-0.03776634219825581,0.11267348093172247,0.37445857704460694,0.49480142809083727,0.43500576131061286,0.620423924782552,1.389335228673564,1.4056988234900354
2026-03,2026-03-02,4,7,STX,0.11682672519461201,0.9187342293771195,1.431668983872922,0.40879558902183444,0.43293428755363994,0.4815283066777323,1.2387986459571745,1.4657006764345146
2026-03,2026-03-02,4,8,BKR,-0.06925800852923691,0.0661731078384955,-0.02544229788096397,0.2973397112531684,0.34423794984012357,0.35202093684984437,0.44144040263134365,0.5106707463081772
2026-03,2026-03-02,4,9,ASML,-0.04480374391822395,0.004634205400925184,0.1465270263967713,0.31013859661820553,0.3361370933564938,0.42329233337601546,0.9672753166932822,1.0700276102980242
2026-03,2026-03-02,4,10,AMGN,-0.0840550069232553,-0.14487942117287678,-0.14022446614597117,0.15076767599964724,0.3200897545848491,0.31036055947750385,0.36324608574067385,0.3281988996972762
2026-03,2026-03-02,5,1,MU,-0.10823541773110079,0.31445890245486097,1.5103229355775212,0.7168624515169448,0.7589975810003067,1.2678854248089402,2.486624486295163,2.9387424314026536
2026-03,2026-03-02,5,2,WDC,0.10290473365846942,0.5985135178546623,1.02333166376415,0.652789326103435,0.7105248621056108,1.0698152008408868,2.3037695434373506,2.535098349193871
2026-03,2026-03-02,5,3,AMAT,-0.0493847473762149,0.045408068960433035,0.23257454052992732,0.4627837399453041,0.5707147131919763,0.7147727525762939,1.3695794572482853,1.0803640804399945
2026-03,2026-03-02,5,4,LRCX,-0.03776634219825581,0.11267348093172247,0.37445857704460694,0.49480142809083727,0.43500576131061286,0.620423924782552,1.389335228673564,1.4056988234900354
2026-03,2026-03-02,5,5,ODFL,-0.037743455874667875,-0.007954655337237382,0.10156029936021516,0.4903849409401646,0.5137957612123811,0.4949871384225073,0.39127158609213497,0.47022606797275146
2026-03,2026-03-02,5,6,STX,0.11682672519461201,0.9187342293771195,1.431668983872922,0.40879558902183444,0.43293428755363994,0.4815283066777323,1.2387986459571745,1.4657006764345146
2026-03,2026-03-02,5,7,ADI,-0.0874727073997349,0.1320200849073998,0.1462525152004166,0.3269848263068651,0.5138680290329514,0.4779952851766902,0.4241893346163228,0.6014315963798169
2026-03,2026-03-02,5,8,WBD,-0.03543860452216974,-0.053684234619140736,-0.04385964912280704,0.1939672810214823,0.2786002166624737,0.4728681880178489,1.4526678382689808,1.2144522341432746
2026-03,2026-03-02,5,9,ASML,-0.04480374391822395,0.004634205400925184,0.1465270263967713,0.31013859661820553,0.3361370933564938,0.42329233337601546,0.9672753166932822,1.0700276102980242
2026-03,2026-03-02,5,10,KLAC,-0.009843967529366116,0.12463604663665184,0.26552405148913083,0.32818094833415934,0.26279446205686496,0.36377368844446045,0.8190148486154669,0.7401353279039522
2026-03,2026-03-02,6,1,MU,-0.10823541773110079,0.31445890245486097,1.5103229355775212,0.7168624515169448,0.7589975810003067,1.2678854248089402,2.486624486295163,2.9387424314026536
2026-03,2026-03-02,6,2,WDC,0.10290473365846942,0.5985135178546623,1.02333166376415,0.652789326103435,0.7105248621056108,1.0698152008408868,2.3037695434373506,2.535098349193871
2026-03,2026-03-02,6,3,WBD,-0.03543860452216974,-0.053684234619140736,-0.04385964912280704,0.1939672810214823,0.2786002166624737,0.4728681880178489,1.4526678382689808,1.2144522341432746
2026-03,2026-03-02,6,4,LRCX,-0.03776634219825581,0.11267348093172247,0.37445857704460694,0.49480142809083727,0.43500576131061286,0.620423924782552,1.389335228673564,1.4056988234900354
2026-03,2026-03-02,6,5,AMAT,-0.0493847473762149,0.045408068960433035,0.23257454052992732,0.4627837399453041,0.5707147131919763,0.7147727525762939,1.3695794572482853,1.0803640804399945
2026-03,2026-03-02,6,6,STX,0.11682672519461201,0.9187342293771195,1.431668983872922,0.40879558902183444,0.43293428755363994,0.4815283066777323,1.2387986459571745,1.4657006764345146
2026-03,2026-03-02,6,7,ASML,-0.04480374391822395,0.004634205400925184,0.1465270263967713,0.31013859661820553,0.3361370933564938,0.42329233337601546,0.9672753166932822,1.0700276102980242
2026-03,2026-03-02,6,8,INTC,0.0556043687757557,1.18945060981499,1.4028571831001027,0.13721574378352575,0.1518987341772151,0.26599893540859676,0.8793887534337792,1.3562921418123133
2026-03,2026-03-02,6,9,KLAC,-0.009843967529366116,0.12463604663665184,0.26552405148913083,0.32818094833415934,0.26279446205686496,0.36377368844446045,0.8190148486154669,0.7401353279039522
2026-03,2026-03-02,6,10,GOOGL,-0.029102960961727264,0.2591724094864336,0.22874509940449173,-0.02594400008317499,0.08106755419224054,0.2524316700497382,0.4525422848370697,0.6231947113683654
2026-02,2026-02-02,4,1,MU,-0.057400537230740345,-0.1594231838366823,0.2390082552862225,0.8661134983384711,1.4059905764704421,2.6989459722922198,3.178596091950908,2.62861836662707
2026-02,2026-02-02,4,2,WDC,-0.0005550836277009585,0.10229252929790178,0.5976262091722426,0.7114748737872718,1.0709647594724157,2.305604430336286,2.5370617142416143,3.2412612379999244
2026-02,2026-02-02,4,3,STX,-0.1234092103573381,-0.02099997906762685,0.6819447532440934,0.634667286588499,0.6901025246702286,1.553983765754384,1.8128297782362575,2.0023041526021
2026-02,2026-02-02,4,4,LRCX,-0.027368385781195492,-0.06410112415662483,0.08222140385707744,0.4753846578009666,0.6660202085699625,1.4565675161531977,1.4733915578327546,1.4621503021574038
2026-02,2026-02-02,4,5,AMAT,0.13472652095591475,0.07868833837741573,0.18625226107071335,0.38422314468227703,0.5111771170482005,1.088238367119601,0.8333616444316971,0.7957486687794706
2026-02,2026-02-02,4,6,AMD,-0.19348685722421888,-0.14642464341170325,0.46400293291926165,-0.05153086824010367,0.5015548595862942,0.517188227946294,0.4343040690134512,0.8093454056874889
2026-02,2026-02-02,4,7,ASML,-0.011081219672798515,-0.055388483462500804,-0.006498366919929777,0.3511090293122039,0.43924087770392406,0.9893194019860498,1.0932230750164522,0.8313283090847889
2026-02,2026-02-02,4,8,WBD,0.035610447890085606,-0.001090141211718021,-0.019985506368479067,0.23463433501221087,0.42222221784128955,1.3683305274352486,1.1383061928883755,1.5155394436312641
2026-02,2026-02-02,4,9,GOOG,-0.11174250601372693,-0.14436721266362817,0.11188745782101894,0.2147158640686071,0.4055756423284762,0.6294800147062753,0.818549717849052,0.9525942918749628
2026-02,2026-02-02,4,10,GOOGL,-0.10814979739183639,-0.13410527902205027,0.12299316851908548,0.21216270516138458,0.4043072103219525,0.6286841451503795,0.820030658311707,0.9575888823859444
2026-02,2026-02-02,5,1,MU,-0.057400537230740345,-0.1594231838366823,0.2390082552862225,0.8661134983384711,1.4059905764704421,2.6989459722922198,3.178596091950908,2.62861836662707
2026-02,2026-02-02,5,2,WDC,-0.0005550836277009585,0.10229252929790178,0.5976262091722426,0.7114748737872718,1.0709647594724157,2.305604430336286,2.5370617142416143,3.2412612379999244
2026-02,2026-02-02,5,3,STX,-0.1234092103573381,-0.02099997906762685,0.6819447532440934,0.634667286588499,0.6901025246702286,1.553983765754384,1.8128297782362575,2.0023041526021
2026-02,2026-02-02,5,4,LRCX,-0.027368385781195492,-0.06410112415662483,0.08222140385707744,0.4753846578009666,0.6660202085699625,1.4565675161531977,1.4733915578327546,1.4621503021574038
2026-02,2026-02-02,5,5,WBD,0.035610447890085606,-0.001090141211718021,-0.019985506368479067,0.23463433501221087,0.42222221784128955,1.3683305274352486,1.1383061928883755,1.5155394436312641
2026-02,2026-02-02,5,6,AMAT,0.13472652095591475,0.07868833837741573,0.18625226107071335,0.38422314468227703,0.5111771170482005,1.088238367119601,0.8333616444316971,0.7957486687794706
2026-02,2026-02-02,5,7,INTC,-0.06781399877407623,-0.015980384594312946,1.0409752088450959,0.23569623729850675,0.3580969181511773,1.0161091788142955,1.5277059929172272,1.1361050572617768
2026-02,2026-02-02,5,8,ASML,-0.011081219672798515,-0.055388483462500804,-0.006498366919929777,0.3511090293122039,0.43924087770392406,0.9893194019860498,1.0932230750164522,0.8313283090847889
2026-02,2026-02-02,5,9,KLAC,0.08968370637071832,0.0789568953479256,0.2254975756171389,0.15886330563086637,0.2515316880222258,0.6693053571240837,0.5969178191161697,0.5752251866242541
2026-02,2026-02-02,5,10,GOOG,-0.11174250601372693,-0.14436721266362817,0.11188745782101894,0.2147158640686071,0.4055756423284762,0.6294800147062753,0.818549717849052,0.9525942918749628
2026-02,2026-02-02,6,1,MU,-0.057400537230740345,-0.1594231838366823,0.2390082552862225,0.8661134983384711,1.4059905764704421,2.6989459722922198,3.178596091950908,2.62861836662707
2026-02,2026-02-02,6,2,WDC,-0.0005550836277009585,0.10229252929790178,0.5976262091722426,0.7114748737872718,1.0709647594724157,2.305604430336286,2.5370617142416143,3.2412612379999244
2026-02,2026-02-02,6,3,STX,-0.1234092103573381,-0.02099997906762685,0.6819447532440934,0.634667286588499,0.6901025246702286,1.553983765754384,1.8128297782362575,2.0023041526021
2026-02,2026-02-02,6,4,INTC,-0.06781399877407623,-0.015980384594312946,1.0409752088450959,0.23569623729850675,0.3580969181511773,1.0161091788142955,1.5277059929172272,1.1361050572617768
2026-02,2026-02-02,6,5,LRCX,-0.027368385781195492,-0.06410112415662483,0.08222140385707744,0.4753846578009666,0.6660202085699625,1.4565675161531977,1.4733915578327546,1.4621503021574038
2026-02,2026-02-02,6,6,WBD,0.035610447890085606,-0.001090141211718021,-0.019985506368479067,0.23463433501221087,0.42222221784128955,1.3683305274352486,1.1383061928883755,1.5155394436312641
2026-02,2026-02-02,6,7,ASML,-0.011081219672798515,-0.055388483462500804,-0.006498366919929777,0.3511090293122039,0.43924087770392406,0.9893194019860498,1.0932230750164522,0.8313283090847889
2026-02,2026-02-02,6,8,AMAT,0.13472652095591475,0.07868833837741573,0.18625226107071335,0.38422314468227703,0.5111771170482005,1.088238367119601,0.8333616444316971,0.7957486687794706
2026-02,2026-02-02,6,9,GOOGL,-0.10814979739183639,-0.13410527902205027,0.12299316851908548,0.21216270516138458,0.4043072103219525,0.6286841451503795,0.820030658311707,0.9575888823859444
2026-02,2026-02-02,6,10,GOOG,-0.11174250601372693,-0.14436721266362817,0.11188745782101894,0.2147158640686071,0.4055756423284762,0.6294800147062753,0.818549717849052,0.9525942918749628
2026-01,2026-01-02,4,1,MU,0.38799042184446786,0.30831902595947347,0.1667125696592029,0.733434567418108,1.6649650560100966,2.010536691166838,1.6142964025681708,2.219008556128235
2026-01,2026-01-02,4,2,WBD,-0.03472464970783329,-0.0003507621466698474,-0.035776936147842275,0.47338499570181236,1.4535284431726239,1.2152292527113215,1.6060330276432189,1.8510000228881838
2026-01,2026-01-02,4,3,WDC,0.439691108580744,0.4388919596174241,0.5869607534851684,0.43847853690920213,1.2960511533581465,1.4568198644558348,1.9459522342823834,2.610270524846466
2026-01,2026-01-02,4,4,LRCX,0.2833675675058793,0.24824386881930405,0.20110226372259943,0.29816293535275884,0.9141573921237054,0.9272666852876685,0.9185074989407693,1.2574302156143293
2026-01,2026-01-02,4,5,AMAT,0.22140816243773243,0.3859642348301251,0.3175187412205702,0.23724170471575712,0.7096974061085495,0.501022918311439,0.4702281546861844,0.7178681361321979
2026-01,2026-01-02,4,6,STX,0.5057035775214838,0.3198858879873385,0.4740838339114819,0.12246696488048547,0.6962062147441122,0.8681165537684481,0.9939543197102234,1.4401077765968164
2026-01,2026-01-02,4,7,INTC,0.23946165691729648,0.15540880563459258,0.21965458294985374,0.09571515227743488,0.6266006839038678,1.0393579573925367,0.723413584712697,0.9949342211104073
2026-01,2026-01-02,4,8,ASML,0.23854160145344072,0.22481704989383555,0.1699406604437177,0.16204484049220524,0.6061789120781764,0.69007086444253,0.4786167109249355,0.5656463924489428
2026-01,2026-01-02,4,9,KLAC,0.10669544837468381,0.20594799800852948,0.19407668507402942,0.13087271648243548,0.5083692262181618,0.4429605014292204,0.4233592348623667,0.6780160848988737
2026-01,2026-01-02,4,10,GOOGL,0.09056004461526612,-0.027383803253506978,-0.05568981445816379,0.2876936187565644,0.4934383055679945,0.6688954150651905,0.7950308119683165,0.8696106768287175
2026-01,2026-01-02,5,1,MU,0.38799042184446786,0.30831902595947347,0.1667125696592029,0.733434567418108,1.6649650560100966,2.010536691166838,1.6142964025681708,2.219008556128235
2026-01,2026-01-02,5,2,WDC,0.439691108580744,0.4388919596174241,0.5869607534851684,0.43847853690920213,1.2960511533581465,1.4568198644558348,1.9459522342823834,2.610270524846466
2026-01,2026-01-02,5,3,WBD,-0.03472464970783329,-0.0003507621466698474,-0.035776936147842275,0.47338499570181236,1.4535284431726239,1.2152292527113215,1.6060330276432189,1.8510000228881838
2026-01,2026-01-02,5,4,INTC,0.23946165691729648,0.15540880563459258,0.21965458294985374,0.09571515227743488,0.6266006839038678,1.0393579573925367,0.723413584712697,0.9949342211104073
2026-01,2026-01-02,5,5,LRCX,0.2833675675058793,0.24824386881930405,0.20110226372259943,0.29816293535275884,0.9141573921237054,0.9272666852876685,0.9185074989407693,1.2574302156143293
2026-01,2026-01-02,5,6,STX,0.5057035775214838,0.3198858879873385,0.4740838339114819,0.12246696488048547,0.6962062147441122,0.8681165537684481,0.9939543197102234,1.4401077765968164
2026-01,2026-01-02,5,7,ASML,0.23854160145344072,0.22481704989383555,0.1699406604437177,0.16204484049220524,0.6061789120781764,0.69007086444253,0.4786167109249355,0.5656463924489428
2026-01,2026-01-02,5,8,GOOGL,0.09056004461526612,-0.027383803253506978,-0.05568981445816379,0.2876936187565644,0.4934383055679945,0.6688954150651905,0.7950308119683165,0.8696106768287175
2026-01,2026-01-02,5,9,GOOG,0.09380952279362376,-0.02841549438501445,-0.06410070919702493,0.28502779783685916,0.48972922684429765,0.6625835485546139,0.7851319184788004,0.8558863485291497
2026-01,2026-01-02,5,10,APP,-0.21885108959973076,-0.299747693981228,-0.37275198644101926,-0.1218168362848524,0.2835405584514583,0.6307196915034099,0.8364667879671426,0.5384538869155591
2026-01,2026-01-02,6,1,WDC,0.439691108580744,0.4388919596174241,0.5869607534851684,0.43847853690920213,1.2960511533581465,1.4568198644558348,1.9459522342823834,2.610270524846466
2026-01,2026-01-02,6,2,MU,0.38799042184446786,0.30831902595947347,0.1667125696592029,0.733434567418108,1.6649650560100966,2.010536691166838,1.6142964025681708,2.219008556128235
2026-01,2026-01-02,6,3,WBD,-0.03472464970783329,-0.0003507621466698474,-0.035776936147842275,0.47338499570181236,1.4535284431726239,1.2152292527113215,1.6060330276432189,1.8510000228881838
2026-01,2026-01-02,6,4,STX,0.5057035775214838,0.3198858879873385,0.4740838339114819,0.12246696488048547,0.6962062147441122,0.8681165537684481,0.9939543197102234,1.4401077765968164
2026-01,2026-01-02,6,5,LRCX,0.2833675675058793,0.24824386881930405,0.20110226372259943,0.29816293535275884,0.9141573921237054,0.9272666852876685,0.9185074989407693,1.2574302156143293
2026-01,2026-01-02,6,6,APP,-0.21885108959973076,-0.299747693981228,-0.37275198644101926,-0.1218168362848524,0.2835405584514583,0.6307196915034099,0.8364667879671426,0.5384538869155591
2026-01,2026-01-02,6,7,INSM,-0.13064588994787618,-0.1738933414750301,-0.06921857974716172,0.20260725546723202,0.21899512317350034,0.6295886570862048,0.8143821976422652,1.4709820642174054
2026-01,2026-01-02,6,8,GOOGL,0.09056004461526612,-0.027383803253506978,-0.05568981445816379,0.2876936187565644,0.4934383055679945,0.6688954150651905,0.7950308119683165,0.8696106768287175
2026-01,2026-01-02,6,9,GOOG,0.09380952279362376,-0.02841549438501445,-0.06410070919702493,0.28502779783685916,0.48972922684429765,0.6625835485546139,0.7851319184788004,0.8558863485291497
2026-01,2026-01-02,6,10,INTC,0.23946165691729648,0.15540880563459258,0.21965458294985374,0.09571515227743488,0.6266006839038678,1.0393579573925367,0.723413584712697,0.9949342211104073
2025-12,2025-12-01,4,1,MU,0.3122659056783652,0.8214125079946266,0.7168624515169448,1.0308117771546192,1.2941514201807793,0.9922002021508984,1.4530154614237234,2.096786408229149
2025-12,2025-12-01,4,2,INTC,-0.015745995497303156,0.2199450992483969,0.13721574378352575,0.6526228762723931,1.0719833986582974,0.7509845800256278,1.0268489759595805,1.002502464374679
2025-12,2025-12-01,4,3,WBD,0.19438622649824167,0.15291158316722941,0.1939672810214823,1.0542169599242577,0.8547009364014821,1.1819014401092942,1.3870000839233398,1.83155397095038
2025-12,2025-12-01,4,4,GOOGL,0.0014803405239891543,0.0921744448431534,-0.02594400008317499,0.4912307762193373,0.6664285333769009,0.792377482946026,0.8668471074035362,0.9563125625096411
2025-12,2025-12-01,4,5,GOOG,0.0012874106694389376,0.09521770484360226,-0.027164666126224146,0.4878137994847025,0.6604458728219171,0.7828366755208678,0.8535001326825276,0.939804649613069
2025-12,2025-12-01,4,6,APP,-0.00845109656070786,-0.2254526544698151,-0.30566559383625114,0.2944803367734685,0.6446185214335736,0.8521192263913193,0.5515663237378099,1.2311712356229214
2025-12,2025-12-01,4,7,LRCX,0.1975235492282037,0.5368628844040071,0.49480142809083727,0.5984298541413802,0.6093768565384621,0.6020624397551391,0.8850821072113604,1.167594921981367
2025-12,2025-12-01,4,8,ASML,0.06966064583422105,0.32481920930323804,0.31013859661820553,0.5015780176015809,0.5800065852889775,0.3823231850993005,0.46368514027914487,0.6388963513122512
2025-12,2025-12-01,4,9,AMAT,0.055426758631036854,0.28910685784714696,0.4627837399453041,0.6199109906272868,0.4221952457017213,0.3930176989194154,0.6276526268486826,0.7233403947852299
2025-12,2025-12-01,4,10,TSLA,0.018435840437357687,-0.019365826954397702,-0.06235180734379997,0.3059874720036233,0.4213396150689048,0.4304147746041702,0.2551869374187057,0.5333667171485363
2025-12,2025-12-01,5,1,WBD,0.19438622649824167,0.15291158316722941,0.1939672810214823,1.0542169599242577,0.8547009364014821,1.1819014401092942,1.3870000839233398,1.83155397095038
2025-12,2025-12-01,5,2,MU,0.3122659056783652,0.8214125079946266,0.7168624515169448,1.0308117771546192,1.2941514201807793,0.9922002021508984,1.4530154614237234,2.096786408229149
2025-12,2025-12-01,5,3,APP,-0.00845109656070786,-0.2254526544698151,-0.30566559383625114,0.2944803367734685,0.6446185214335736,0.8521192263913193,0.5515663237378099,1.2311712356229214
2025-12,2025-12-01,5,4,GOOGL,0.0014803405239891543,0.0921744448431534,-0.02594400008317499,0.4912307762193373,0.6664285333769009,0.792377482946026,0.8668471074035362,0.9563125625096411
2025-12,2025-12-01,5,5,GOOG,0.0012874106694389376,0.09521770484360226,-0.027164666126224146,0.4878137994847025,0.6604458728219171,0.7828366755208678,0.8535001326825276,0.939804649613069
2025-12,2025-12-01,5,6,INTC,-0.015745995497303156,0.2199450992483969,0.13721574378352575,0.6526228762723931,1.0719833986582974,0.7509845800256278,1.0268489759595805,1.002502464374679
2025-12,2025-12-01,5,7,AMD,0.016882084121783825,0.1206316455600398,-0.09619584964537697,0.35386880600545023,0.27990680496681164,0.6145763979235672,0.9171246599701313,1.2737712471529892
2025-12,2025-12-01,5,8,LRCX,0.1975235492282037,0.5368628844040071,0.49480142809083727,0.5984298541413802,0.6093768565384621,0.6020624397551391,0.8850821072113604,1.167594921981367
2025-12,2025-12-01,5,9,AVGO,-0.097893889636947,-0.14073884077011245,-0.17263250218053483,0.2967457695727287,0.3398749206704188,0.4608350597650346,0.558649760906357,0.964484651450489
2025-12,2025-12-01,5,10,TSLA,0.018435840437357687,-0.019365826954397702,-0.06235180734379997,0.3059874720036233,0.4213396150689048,0.4304147746041702,0.2551869374187057,0.5333667171485363
2025-12,2025-12-01,6,1,MU,0.3122659056783652,0.8214125079946266,0.7168624515169448,1.0308117771546192,1.2941514201807793,0.9922002021508984,1.4530154614237234,2.096786408229149
2025-12,2025-12-01,6,2,WBD,0.19438622649824167,0.15291158316722941,0.1939672810214823,1.0542169599242577,0.8547009364014821,1.1819014401092942,1.3870000839233398,1.83155397095038
2025-12,2025-12-01,6,3,INTC,-0.015745995497303156,0.2199450992483969,0.13721574378352575,0.6526228762723931,1.0719833986582974,0.7509845800256278,1.0268489759595805,1.002502464374679
2025-12,2025-12-01,6,4,AMD,0.016882084121783825,0.1206316455600398,-0.09619584964537697,0.35386880600545023,0.27990680496681164,0.6145763979235672,0.9171246599701313,1.2737712471529892
2025-12,2025-12-01,6,5,LRCX,0.1975235492282037,0.5368628844040071,0.49480142809083727,0.5984298541413802,0.6093768565384621,0.6020624397551391,0.8850821072113604,1.167594921981367
2025-12,2025-12-01,6,6,GOOGL,0.0014803405239891543,0.0921744448431534,-0.02594400008317499,0.4912307762193373,0.6664285333769009,0.792377482946026,0.8668471074035362,0.9563125625096411
2025-12,2025-12-01,6,7,GOOG,0.0012874106694389376,0.09521770484360226,-0.027164666126224146,0.4878137994847025,0.6604458728219171,0.7828366755208678,0.8535001326825276,0.939804649613069
2025-12,2025-12-01,6,8,AMAT,0.055426758631036854,0.28910685784714696,0.4627837399453041,0.6199109906272868,0.4221952457017213,0.3930176989194154,0.6276526268486826,0.7233403947852299
2025-12,2025-12-01,6,9,AVGO,-0.097893889636947,-0.14073884077011245,-0.17263250218053483,0.2967457695727287,0.3398749206704188,0.4608350597650346,0.558649760906357,0.964484651450489
2025-12,2025-12-01,6,10,APP,-0.00845109656070786,-0.2254526544698151,-0.30566559383625114,0.2944803367734685,0.6446185214335736,0.8521192263913193,0.5515663237378099,1.2311712356229214
2025-11,2025-11-03,4,1,WBD,0.07088379806235978,0.27904885858580686,0.23463433501221087,0.7319348184717602,1.0374773099165306,1.2290000915527344,1.6441281267619785,1.183153852325821
2025-11,2025-11-03,4,2,MU,0.024541936627557437,0.34447145237402776,0.8661134983384711,1.2391971847754162,0.944478923633465,1.3942557876139396,2.022605808038189,1.6498483166877165
2025-11,2025-11-03,4,3,AMD,-0.15362988764618069,-0.13934139621125996,-0.05153086824010367,0.5122306261586838,0.9076481723029044,1.2651138455710145,1.6864975664481574,1.526269672896572
2025-11,2025-11-03,4,4,APP,-0.013525465236880807,-0.021862256784843326,-0.23592876766610194,0.6671677407552072,0.8775134695555686,0.5728397125936813,1.261762627414087,1.2360806061285166
2025-11,2025-11-03,4,5,INTC,0.012911349912233083,-0.0030379476426523055,0.23569623729850675,1.0455722989359644,0.7286651790182306,1.0010131944273342,0.9769770222716847,0.7913832819372781
2025-11,2025-11-03,4,6,LRCX,-0.04000241480675837,0.1496197154711154,0.4753846578009666,0.676438442513899,0.6688192391990797,0.9636321343786558,1.257917056682016,1.2238144539355833
2025-11,2025-11-03,4,7,GOOGL,0.10986180905877418,0.11150478247075157,0.21216270516138458,0.5014738950159272,0.6149555452007704,0.6820536504330468,0.7626631951312077,0.810132701691022
2025-11,2025-11-03,4,8,GOOG,0.10910904626223994,0.11053692508196922,0.2147158640686071,0.49709884561641027,0.60744940412228,0.6711613154080094,0.748975590948717,0.7920171710014716
2025-11,2025-11-03,4,9,PLTR,-0.19157249051904635,-0.1897866273552875,-0.2868037468363679,0.34297003265699266,0.5853994818456831,0.5690700031074587,0.7829603968755985,1.4466224838111872
2025-11,2025-11-03,4,10,TSLA,-0.0816234619367211,-0.06469241861957353,-0.09940858305183342,0.5476654249751427,0.5575471664603981,0.3667454310905094,0.6696492708559185,0.7446547345046781
2025-11,2025-11-03,5,1,MU,0.024541936627557437,0.34447145237402776,0.8661134983384711,1.2391971847754162,0.944478923633465,1.3942557876139396,2.022605808038189,1.6498483166877165
2025-11,2025-11-03,5,2,AMD,-0.15362988764618069,-0.13934139621125996,-0.05153086824010367,0.5122306261586838,0.9076481723029044,1.2651138455710145,1.6864975664481574,1.526269672896572
2025-11,2025-11-03,5,3,WBD,0.07088379806235978,0.27904885858580686,0.23463433501221087,0.7319348184717602,1.0374773099165306,1.2290000915527344,1.6441281267619785,1.183153852325821
2025-11,2025-11-03,5,4,INTC,0.012911349912233083,-0.0030379476426523055,0.23569623729850675,1.0455722989359644,0.7286651790182306,1.0010131944273342,0.9769770222716847,0.7913832819372781
2025-11,2025-11-03,5,5,LRCX,-0.04000241480675837,0.1496197154711154,0.4753846578009666,0.676438442513899,0.6688192391990797,0.9636321343786558,1.257917056682016,1.2238144539355833
2025-11,2025-11-03,5,6,GOOGL,0.10986180905877418,0.11150478247075157,0.21216270516138458,0.5014738950159272,0.6149555452007704,0.6820536504330468,0.7626631951312077,0.810132701691022
2025-11,2025-11-03,5,7,GOOG,0.10910904626223994,0.11053692508196922,0.2147158640686071,0.49709884561641027,0.60744940412228,0.6711613154080094,0.748975590948717,0.7920171710014716
2025-11,2025-11-03,5,8,SHOP,-0.13681047373713096,-0.09101425506511673,-0.23557305954686325,0.4581787914537143,0.5349250488323238,0.6232401065823685,0.7827028000530067,0.7712003638105402
2025-11,2025-11-03,5,9,KLAC,-0.04923010404516337,0.0471384040955416,0.15886330563086637,0.37800361039720176,0.35928472233981656,0.6024778370613275,0.8109067744430363,0.7945878632444277
2025-11,2025-11-03,5,10,APP,-0.013525465236880807,-0.021862256784843326,-0.23592876766610194,0.6671677407552072,0.8775134695555686,0.5728397125936813,1.261762627414087,1.2360806061285166
2025-11,2025-11-03,6,1,MU,0.024541936627557437,0.34447145237402776,0.8661134983384711,1.2391971847754162,0.944478923633465,1.3942557876139396,2.022605808038189,1.6498483166877165
2025-11,2025-11-03,6,2,AMD,-0.15362988764618069,-0.13934139621125996,-0.05153086824010367,0.5122306261586838,0.9076481723029044,1.2651138455710145,1.6864975664481574,1.526269672896572
2025-11,2025-11-03,6,3,WBD,0.07088379806235978,0.27904885858580686,0.23463433501221087,0.7319348184717602,1.0374773099165306,1.2290000915527344,1.6441281267619785,1.183153852325821
2025-11,2025-11-03,6,4,APP,-0.013525465236880807,-0.021862256784843326,-0.23592876766610194,0.6671677407552072,0.8775134695555686,0.5728397125936813,1.261762627414087,1.2360806061285166
2025-11,2025-11-03,6,5,LRCX,-0.04000241480675837,0.1496197154711154,0.4753846578009666,0.676438442513899,0.6688192391990797,0.9636321343786558,1.257917056682016,1.2238144539355833
2025-11,2025-11-03,6,6,INTC,0.012911349912233083,-0.0030379476426523055,0.23569623729850675,1.0455722989359644,0.7286651790182306,1.0010131944273342,0.9769770222716847,0.7913832819372781
2025-11,2025-11-03,6,7,NVDA,-0.13031718989717567,-0.08710110979238539,-0.10276331332029587,0.1909490156037701,0.34958679285721983,0.5060855589332975,0.8538306739687687,0.8784024622286575
2025-11,2025-11-03,6,8,AVGO,0.06490143871140952,-0.03934590520403125,-0.0849715553072592,0.25821495958512597,0.37180306708264665,0.4636563575239514,0.8447572517393023,1.1601351215822215
2025-11,2025-11-03,6,9,KLAC,-0.04923010404516337,0.0471384040955416,0.15886330563086637,0.37800361039720176,0.35928472233981656,0.6024778370613275,0.8109067744430363,0.7945878632444277
2025-11,2025-11-03,6,10,PLTR,-0.19157249051904635,-0.1897866273552875,-0.2868037468363679,0.34297003265699266,0.5853994818456831,0.5690700031074587,0.7829603968755985,1.4466224838111872
2025-10,2025-10-01,4,1,WBD,0.15193800910066502,0.2335917503181133,0.47338499570181236,0.7687386767515549,0.9350000381469727,1.295373627636689,0.8952008138269885,0.7558983282834175
2025-10,2025-10-01,4,2,MU,0.28930559615621476,0.32094765239063583,0.733434567418108,0.5081598415693744,0.8570118634029775,1.3443672447008939,1.0552523192233592,1.0163333420179215
2025-10,2025-10-01,4,3,INTC,0.09905402084922121,0.11324429188485219,0.09571515227743488,0.5728664344292367,0.8206686445505049,0.7987987712779636,0.6299319669046888,0.5804748895536931
2025-10,2025-10-01,4,4,APP,-0.10218865409636135,-0.11433197024465813,-0.1218168362848524,1.0912115647924554,0.7518599199820013,1.5191958619520944,1.4905907196772197,1.087182173768181
2025-10,2025-10-01,4,5,LRCX,0.1292107449816744,0.08403958835666892,0.29816293535275884,0.4778634073537462,0.7389421267068468,0.9995532868567054,0.9693528987555575,0.8984011003758747
2025-10,2025-10-01,4,6,KLAC,0.07996489485954705,0.026798110720487767,0.13087271648243548,0.258637876851169,0.48382400639951806,0.6768200365240116,0.6617094423961063,0.6408163424580025
2025-10,2025-10-01,4,7,GOOGL,0.1585137905517282,0.2857902114012787,0.2876936187565644,0.39398905595389366,0.4519064547621736,0.5214865886851123,0.5624610742259428,0.471159928394592
2025-10,2025-10-01,4,8,GOOG,0.15712298151816118,0.2833755664397273,0.28502779783685916,0.38917766719427194,0.4442382893609309,0.5114863492331965,0.5486834153534141,0.4605430754742066
2025-10,2025-10-01,4,9,AMD,0.583135190493907,0.3399183090496132,0.3625389226593072,0.20498121939147573,0.4307772697948451,0.6969476659855074,0.5957384360260638,0.6696527425625833
2025-10,2025-10-01,4,10,SHOP,0.15624787038038312,-0.001938948523905859,0.051012831787085045,0.3275051899791721,0.4038859211462624,0.5417998560001949,0.5318517847110495,0.4033590237811189
2025-10,2025-10-01,5,1,APP,-0.10218865409636135,-0.11433197024465813,-0.1218168362848524,1.0912115647924554,0.7518599199820013,1.5191958619520944,1.4905907196772197,1.087182173768181
2025-10,2025-10-01,5,2,MU,0.28930559615621476,0.32094765239063583,0.733434567418108,0.5081598415693744,0.8570118634029775,1.3443672447008939,1.0552523192233592,1.0163333420179215
2025-10,2025-10-01,5,3,WBD,0.15193800910066502,0.2335917503181133,0.47338499570181236,0.7687386767515549,0.9350000381469727,1.295373627636689,0.8952008138269885,0.7558983282834175
2025-10,2025-10-01,5,4,LRCX,0.1292107449816744,0.08403958835666892,0.29816293535275884,0.4778634073537462,0.7389421267068468,0.9995532868567054,0.9693528987555575,0.8984011003758747
2025-10,2025-10-01,5,5,INTC,0.09905402084922121,0.11324429188485219,0.09571515227743488,0.5728664344292367,0.8206686445505049,0.7987987712779636,0.6299319669046888,0.5804748895536931
2025-10,2025-10-01,5,6,AMD,0.583135190493907,0.3399183090496132,0.3625389226593072,0.20498121939147573,0.4307772697948451,0.6969476659855074,0.5957384360260638,0.6696527425625833
2025-10,2025-10-01,5,7,AVGO,0.08746495840010282,0.15804299874851258,0.04467766523418648,0.26146875491130017,0.3459342723808847,0.6963831684777604,0.9863951522265597,0.7919636672775716
2025-10,2025-10-01,5,8,NVDA,0.10489205157514547,-0.039094375725852726,0.008654727682164687,0.2214648398757464,0.36310651957918116,0.6778387276168099,0.7000778126250322,0.6419498987733425
2025-10,2025-10-01,5,9,KLAC,0.07996489485954705,0.026798110720487767,0.13087271648243548,0.258637876851169,0.48382400639951806,0.6768200365240116,0.6617094423961063,0.6408163424580025
2025-10,2025-10-01,5,10,TSLA,0.019392338457788316,-0.06381399327890613,-0.046554617439309,0.5279172774800036,0.34074524550402496,0.6378868153765866,0.7114654178626849,0.6141226113012497
2025-10,2025-10-01,6,1,APP,-0.10218865409636135,-0.11433197024465813,-0.1218168362848524,1.0912115647924554,0.7518599199820013,1.5191958619520944,1.4905907196772197,1.087182173768181
2025-10,2025-10-01,6,2,PLTR,0.12019462608458475,-0.09440384830049098,-0.09240333398152589,0.41528931216812603,0.40071195359312495,0.5916523391185855,1.1841048214655916,1.2170942340909012
2025-10,2025-10-01,6,3,MU,0.28930559615621476,0.32094765239063583,0.733434567418108,0.5081598415693744,0.8570118634029775,1.3443672447008939,1.0552523192233592,1.0163333420179215
2025-10,2025-10-01,6,4,AVGO,0.08746495840010282,0.15804299874851258,0.04467766523418648,0.26146875491130017,0.3459342723808847,0.6963831684777604,0.9863951522265597,0.7919636672775716
2025-10,2025-10-01,6,5,LRCX,0.1292107449816744,0.08403958835666892,0.29816293535275884,0.4778634073537462,0.7389421267068468,0.9995532868567054,0.9693528987555575,0.8984011003758747
2025-10,2025-10-01,6,6,WBD,0.15193800910066502,0.2335917503181133,0.47338499570181236,0.7687386767515549,0.9350000381469727,1.295373627636689,0.8952008138269885,0.7558983282834175
2025-10,2025-10-01,6,7,TSLA,0.019392338457788316,-0.06381399327890613,-0.046554617439309,0.5279172774800036,0.34074524550402496,0.6378868153765866,0.7114654178626849,0.6141226113012497
2025-10,2025-10-01,6,8,NVDA,0.10489205157514547,-0.039094375725852726,0.008654727682164687,0.2214648398757464,0.36310651957918116,0.6778387276168099,0.7000778126250322,0.6419498987733425
2025-10,2025-10-01,6,9,CEG,0.07640350308731447,0.02440020531081255,0.04494239342067874,0.14095529404439455,0.12089775173871242,0.46209893001972513,0.7000240335812988,0.5173335870544884
2025-10,2025-10-01,6,10,KLAC,0.07996489485954705,0.026798110720487767,0.13087271648243548,0.258637876851169,0.48382400639951806,0.6768200365240116,0.6617094423961063,0.6408163424580025
2025-09,2025-09-02,4,1,APP,0.46158638822162024,0.312228842363691,0.2944803367734685,0.1986016934062791,0.7236038062842911,0.7040325086139019,0.4280251859130626,0.3182191543564459
2025-09,2025-09-02,4,2,AMD,0.010411453341309995,0.5996179286627203,0.35386880600545023,0.41603429480479037,0.6794620254688368,0.5792956728164032,0.6524483536298418,0.4204954239321568
2025-09,2025-09-02,4,3,NVDA,0.09644313466027632,0.21145130449027616,0.05357837479183569,0.2432076744240168,0.5302560384371178,0.550538973598286,0.4975239908653235,0.4641485616148773
2025-09,2025-09-02,4,4,MU,0.53739004984738,0.9821655947431092,1.0308117771546192,0.20789897371023502,0.5249007530220611,0.33684507677631226,0.31153011053901847,0.32057316586539786
2025-09,2025-09-02,4,5,AVGO,0.11977342030832272,0.21771435593313093,0.2967457695727287,0.20197019144309558,0.5149343052013788,0.7739259712733833,0.6002913042749001,0.37714872629161755
2025-09,2025-09-02,4,6,SHOP,0.07573370646254296,0.24381480719371162,0.07364791418028171,0.30504967234207014,0.43325420291074623,0.42400649483078046,0.3045598695572562,0.21549081237878775
2025-09,2025-09-02,4,7,MCHP,0.008018862030776619,-0.018710801172832636,-0.15232828038522495,0.06734708638985576,0.40357613100927026,0.33064795586789364,0.11365699914522942,0.24418032705911386
2025-09,2025-09-02,4,8,WBD,0.665232407232397,0.9182445038771949,1.0542169599242577,0.16199998855590825,0.3784103754331696,0.138099886595888,0.05444640679417634,0.14370079331436747
2025-09,2025-09-02,4,9,IDXX,-0.03024478299518296,0.13056531181571684,0.13999524089008908,0.2421329202987308,0.3565488683933504,0.5277014621635843,0.4627702645203533,0.36331656267609946
2025-09,2025-09-02,4,10,LRCX,0.4745124359936821,0.6650352863331694,0.5984298541413802,0.17933364565688725,0.3560776010065967,0.33559599138165264,0.2874771714600912,0.21667304478556537
2025-09,2025-09-02,5,1,PLTR,0.17735057139110544,0.3188617830899316,0.06620414665300323,0.18971527056559334,0.3518932914246258,0.8551015088776401,0.8831215510188104,0.8759254877633127
2025-09,2025-09-02,5,2,AVGO,0.11977342030832272,0.21771435593313093,0.2967457695727287,0.20197019144309558,0.5149343052013788,0.7739259712733833,0.6002913042749001,0.37714872629161755
2025-09,2025-09-02,5,3,APP,0.46158638822162024,0.312228842363691,0.2944803367734685,0.1986016934062791,0.7236038062842911,0.7040325086139019,0.4280251859130626,0.3182191543564459
2025-09,2025-09-02,5,4,AMD,0.010411453341309995,0.5996179286627203,0.35386880600545023,0.41603429480479037,0.6794620254688368,0.5792956728164032,0.6524483536298418,0.4204954239321568
2025-09,2025-09-02,5,5,NVDA,0.09644313466027632,0.21145130449027616,0.05357837479183569,0.2432076744240168,0.5302560384371178,0.550538973598286,0.4975239908653235,0.4641485616148773
2025-09,2025-09-02,5,6,IDXX,-0.03024478299518296,0.13056531181571684,0.13999524089008908,0.2421329202987308,0.3565488683933504,0.5277014621635843,0.4627702645203533,0.36331656267609946
2025-09,2025-09-02,5,7,CEG,0.14228955591213088,0.2295644795238705,0.17016165560078367,-0.018727129266569276,0.2799722473626425,0.48826015678993984,0.32832658689843375,0.0073358062760253695
2025-09,2025-09-02,5,8,SHOP,0.07573370646254296,0.24381480719371162,0.07364791418028171,0.30504967234207014,0.43325420291074623,0.42400649483078046,0.3045598695572562,0.21549081237878775
2025-09,2025-09-02,5,9,AXON,-0.04337067313339371,-0.026210748619036495,-0.2829247263743949,-0.0197476572025177,0.19721470952236908,0.3739652810115144,0.41434146810360195,0.12988716689694768
2025-09,2025-09-02,5,10,ZS,0.10911603837232176,0.22471493624063732,-0.11396003827895851,-0.06347631426590117,0.2092398937570008,0.3655443244774128,0.4543673769195835,0.37285003662109384
2025-09,2025-09-02,6,1,PLTR,0.17735057139110544,0.3188617830899316,0.06620414665300323,0.18971527056559334,0.3518932914246258,0.8551015088776401,0.8831215510188104,0.8759254877633127
2025-09,2025-09-02,6,2,AMD,0.010411453341309995,0.5996179286627203,0.35386880600545023,0.41603429480479037,0.6794620254688368,0.5792956728164032,0.6524483536298418,0.4204954239321568
2025-09,2025-09-02,6,3,AVGO,0.11977342030832272,0.21771435593313093,0.2967457695727287,0.20197019144309558,0.5149343052013788,0.7739259712733833,0.6002913042749001,0.37714872629161755
2025-09,2025-09-02,6,4,NVDA,0.09644313466027632,0.21145130449027616,0.05357837479183569,0.2432076744240168,0.5302560384371178,0.550538973598286,0.4975239908653235,0.4641485616148773
2025-09,2025-09-02,6,5,IDXX,-0.03024478299518296,0.13056531181571684,0.13999524089008908,0.2421329202987308,0.3565488683933504,0.5277014621635843,0.4627702645203533,0.36331656267609946
2025-09,2025-09-02,6,6,ZS,0.10911603837232176,0.22471493624063732,-0.11396003827895851,-0.06347631426590117,0.2092398937570008,0.3655443244774128,0.4543673769195835,0.37285003662109384
2025-09,2025-09-02,6,7,APP,0.46158638822162024,0.312228842363691,0.2944803367734685,0.1986016934062791,0.7236038062842911,0.7040325086139019,0.4280251859130626,0.3182191543564459
2025-09,2025-09-02,6,8,CDNS,0.026720351586431823,-0.021586283799145956,-0.09681748688129577,0.17187980374358536,0.14372930635307868,0.32466473294732046,0.41809377748313015,0.14921224132438304
2025-09,2025-09-02,6,9,AXON,-0.04337067313339371,-0.026210748619036495,-0.2829247263743949,-0.0197476572025177,0.19721470952236908,0.3739652810115144,0.41434146810360195,0.12988716689694768
2025-09,2025-09-02,6,10,MSTR,-0.009396380484043343,-0.2252502277071241,-0.49821438844602084,-0.0823327015365688,-0.10476941914797255,0.11633228998621115,0.3614697816440027,-0.01575960493940054
2025-08,2025-08-01,4,1,PLTR,0.018279587653664775,0.19887205435994137,0.34297003265699266,0.32762485648924655,0.8217997604687266,0.8493168024294071,0.8422499188909882,1.0517355933414128
2025-08,2025-08-01,4,2,AVGO,0.033259527125275135,0.15701655475522958,0.25821495958512597,0.466170178383174,0.7168251777061112,0.5487796262834521,0.3328197709660685,0.2509477582745574
2025-08,2025-08-01,4,3,AMD,-0.05463010943937863,-0.04478743493352744,0.5122306261586838,0.7765131323072765,0.6705584645602074,0.7479384208544129,0.5025816224057837,0.42336069682184463
2025-08,2025-08-01,4,4,CEG,-0.09745461732341809,0.030968164368176954,0.10973774369740408,0.4181804836968599,0.6489588062335065,0.4717560051763363,0.11610543426489839,0.40920935201486497
2025-08,2025-08-01,4,5,NVDA,-0.016923741639894074,0.07788721432645018,0.1909490156037701,0.5565995266631463,0.577231634283162,0.5233039941004991,0.4893540039887241,0.25622181411493483
2025-08,2025-08-01,4,6,TTD,-0.37058551170209764,-0.4270446253983319,-0.42936805428640257,0.622314353621277,0.5075307203391248,0.28152455229412277,-0.2701373575617816,-0.26883547628825333
2025-08,2025-08-01,4,7,SNPS,-0.04306152686839193,-0.20992486948944755,-0.27952803098512014,0.3467651605321922,0.419117357777264,0.3956820168396771,0.1891398835445699,0.2815122204330658
2025-08,2025-08-01,4,8,ON,-0.13868358166909733,-0.14906725213296101,-0.11193242950564286,0.43484853243003374,0.4134328014044919,0.2651970582916492,0.13052132097824742,-0.07924160528595514
2025-08,2025-08-01,4,9,ZS,-0.02033746713129203,0.08655942739713596,0.19980733647964088,0.23434331025810518,0.3938925687795185,0.4845595581376534,0.4013499450683593,0.5428271681364643
2025-08,2025-08-01,4,10,CDNS,-0.03966720904750409,-0.014006779233274202,-0.060397225214630534,0.19097183510591442,0.37938092443294136,0.47666912016677987,0.19668124649221763,0.19925417197105144
2025-08,2025-08-01,5,1,PLTR,0.018279587653664775,0.19887205435994137,0.34297003265699266,0.32762485648924655,0.8217997604687266,0.8493168024294071,0.8422499188909882,1.0517355933414128
2025-08,2025-08-01,5,2,AMD,-0.05463010943937863,-0.04478743493352744,0.5122306261586838,0.7765131323072765,0.6705584645602074,0.7479384208544129,0.5025816224057837,0.42336069682184463
2025-08,2025-08-01,5,3,AVGO,0.033259527125275135,0.15701655475522958,0.25821495958512597,0.466170178383174,0.7168251777061112,0.5487796262834521,0.3328197709660685,0.2509477582745574
2025-08,2025-08-01,5,4,NVDA,-0.016923741639894074,0.07788721432645018,0.1909490156037701,0.5565995266631463,0.577231634283162,0.5233039941004991,0.4893540039887241,0.25622181411493483
2025-08,2025-08-01,5,5,ZS,-0.02033746713129203,0.08655942739713596,0.19980733647964088,0.23434331025810518,0.3938925687795185,0.4845595581376534,0.4013499450683593,0.5428271681364643
2025-08,2025-08-01,5,6,CDNS,-0.03966720904750409,-0.014006779233274202,-0.060397225214630534,0.19097183510591442,0.37938092443294136,0.47666912016677987,0.19668124649221763,0.19925417197105144
2025-08,2025-08-01,5,7,CEG,-0.09745461732341809,0.030968164368176954,0.10973774369740408,0.4181804836968599,0.6489588062335065,0.4717560051763363,0.11610543426489839,0.40920935201486497
2025-08,2025-08-01,5,8,MSTR,-0.06821593822802108,-0.07697133580139792,-0.27810051031602834,-0.03922956231987651,0.19805900936240084,0.4611430239050107,0.05629666297238867,0.2220592411874278
2025-08,2025-08-01,5,9,AXON,0.0015085541456754115,-0.041927545996474413,-0.02474173480685149,0.19541136674927206,0.37189570206273337,0.41221107123751777,0.12818523837850204,0.24473165159299826
2025-08,2025-08-01,5,10,SNPS,-0.04306152686839193,-0.20992486948944755,-0.27952803098512014,0.3467651605321922,0.419117357777264,0.3956820168396771,0.1891398835445699,0.2815122204330658
2025-08,2025-08-01,6,1,PLTR,0.018279587653664775,0.19887205435994137,0.34297003265699266,0.32762485648924655,0.8217997604687266,0.8493168024294071,0.8422499188909882,1.0517355933414128
2025-08,2025-08-01,6,2,AMD,-0.05463010943937863,-0.04478743493352744,0.5122306261586838,0.7765131323072765,0.6705584645602074,0.7479384208544129,0.5025816224057837,0.42336069682184463
2025-08,2025-08-01,6,3,NVDA,-0.016923741639894074,0.07788721432645018,0.1909490156037701,0.5565995266631463,0.577231634283162,0.5233039941004991,0.4893540039887241,0.25622181411493483
2025-08,2025-08-01,6,4,ZS,-0.02033746713129203,0.08655942739713596,0.19980733647964088,0.23434331025810518,0.3938925687795185,0.4845595581376534,0.4013499450683593,0.5428271681364643
2025-08,2025-08-01,6,5,AVGO,0.033259527125275135,0.15701655475522958,0.25821495958512597,0.466170178383174,0.7168251777061112,0.5487796262834521,0.3328197709660685,0.2509477582745574
2025-08,2025-08-01,6,6,DASH,-0.017112945019331027,0.07767267191804117,-0.025367436669729182,0.2658002546709042,0.3614187512133964,0.25365975997871626,0.3016247491156818,0.45531798995647055
2025-08,2025-08-01,6,7,INTU,-0.14708506571520452,-0.12452497667626339,-0.12719738545126857,0.24713220541231107,0.2684637888046262,0.29524336491692593,0.2959546979596026,0.2521930005808304
2025-08,2025-08-01,6,8,MCHP,-0.03494841932804771,-0.027209803850056336,-0.05300530757552846,0.45440529720906664,0.3788360980056438,0.15398702147071264,0.2892371267790763,0.1845204724577869
2025-08,2025-08-01,6,9,MSFT,-0.03464850202252978,-0.0067650519554061095,-0.011886912388796134,0.23430233651069865,0.37385098252238813,0.35157186643019767,0.2803586705506731,0.25692824865847497
2025-08,2025-08-01,6,10,WBD,-0.09712509798874014,0.5034965465059247,0.7319348184717602,0.5266903226156785,0.260528877323577,0.16787652912410467,0.26673229122510733,0.20731707971679625
2025-07,2025-07-01,4,1,ZS,-0.08801906047727459,-0.10656644285918282,-0.009078512555085405,0.5284229180370765,0.6278405543372214,0.5366000366210937,0.6917318128862262,0.47388621850519175
2025-07,2025-07-01,4,2,PLTR,0.1805173930121562,0.2020967641743976,0.41528931216812603,0.5432214478605035,0.5665307545454894,0.5605444949780745,0.7379969202370622,0.9683686380053942
2025-07,2025-07-01,4,3,MSTR,-0.01786762155978283,-0.08486470321920003,-0.09346366266213035,0.21985491534767387,0.4877251335767372,0.07551353173994357,0.24429177574641492,-0.018406521758319694
2025-07,2025-07-01,4,4,AXON,-0.042443748835980566,-0.04099922338356965,-0.0825917326008716,0.43270507648510126,0.47480742726165004,0.17819212919038807,0.2999044704474376,0.21840378861248722
2025-07,2025-07-01,4,5,AVGO,0.09027718724229317,0.1265392909254468,0.26146875491130017,0.5746685318149101,0.4205374967084088,0.22245956034102998,0.14736671821838132,0.6027821156209245
2025-07,2025-07-01,4,6,AMD,0.2614796574703997,0.19256488572724195,0.20498121939147573,0.32428490199367865,0.38562553149647427,0.1911263201967579,0.12832631774344994,-0.04188369034560957
2025-07,2025-07-01,4,7,NVDA,0.13320282831169372,0.11402479641974939,0.2214648398757464,0.3918352433279806,0.3442465514933446,0.3142872280045783,0.10855866463598685,0.10607604528579428
2025-07,2025-07-01,4,8,MU,-0.13161782407810163,-0.019012877233664516,0.5081598415693744,0.36275496971507115,0.336949364677253,0.3461676868310426,0.38609164256905637,0.22987976689515977
2025-07,2025-07-01,4,9,CEG,0.10668334239362531,-0.0011680592375467036,0.14095529404439455,0.49000056571467265,0.3298799654769373,0.008513810148162104,0.2733627570167556,0.2377508021896948
2025-07,2025-07-01,4,10,NFLX,-0.10435992529610205,-0.061448650742527255,-0.09485160957458338,0.3933949910843293,0.32854058705356715,0.3214293452144086,0.4588432294573641,0.44095169670612155
2025-07,2025-07-01,5,1,PLTR,0.1805173930121562,0.2020967641743976,0.41528931216812603,0.5432214478605035,0.5665307545454894,0.5605444949780745,0.7379969202370622,0.9683686380053942
2025-07,2025-07-01,5,2,ZS,-0.08801906047727459,-0.10656644285918282,-0.009078512555085405,0.5284229180370765,0.6278405543372214,0.5366000366210937,0.6917318128862262,0.47388621850519175
2025-07,2025-07-01,5,3,MCHP,-0.07421865118827575,-0.10657324597263351,-0.09940898009748345,0.4893755418333203,0.24650061588721695,0.3925935410492569,0.2794818927581164,0.03508659287517024
2025-07,2025-07-01,5,4,MU,-0.13161782407810163,-0.019012877233664516,0.5081598415693744,0.36275496971507115,0.336949364677253,0.3461676868310426,0.38609164256905637,0.22987976689515977
2025-07,2025-07-01,5,5,MNST,-0.0711362982788234,-0.013692205446119599,0.061221267447256755,0.07621951101319357,0.15171294225805187,0.33768422980057555,0.2146816908318847,0.15569300553949827
2025-07,2025-07-01,5,6,NFLX,-0.10435992529610205,-0.061448650742527255,-0.09485160957458338,0.3933949910843293,0.32854058705356715,0.3214293452144086,0.4588432294573641,0.44095169670612155
2025-07,2025-07-01,5,7,NVDA,0.13320282831169372,0.11402479641974939,0.2214648398757464,0.3918352433279806,0.3442465514933446,0.3142872280045783,0.10855866463598685,0.10607604528579428
2025-07,2025-07-01,5,8,MELI,-0.05016390236170487,-0.04862872684377717,-0.12972335608166286,0.3062140482212794,0.20816650254309965,0.31038811375758435,0.41722374070467416,0.2811661190162449
2025-07,2025-07-01,5,9,INTU,-0.003090812230065243,-0.1497212656252973,-0.127230905585469,0.272396527553481,0.2992591309288246,0.2999726693848881,0.25607529345973856,0.2337299886966573
2025-07,2025-07-01,5,10,TTWO,-0.08129947428674844,0.0035401533657610784,0.06372339610175781,0.14262599592769765,0.1540495197386973,0.2903745722176061,0.31152016440517305,0.27746746476210116
2025-07,2025-07-01,6,1,PLTR,0.1805173930121562,0.2020967641743976,0.41528931216812603,0.5432214478605035,0.5665307545454894,0.5605444949780745,0.7379969202370622,0.9683686380053942
2025-07,2025-07-01,6,2,ZS,-0.08801906047727459,-0.10656644285918282,-0.009078512555085405,0.5284229180370765,0.6278405543372214,0.5366000366210937,0.6917318128862262,0.47388621850519175
2025-07,2025-07-01,6,3,NFLX,-0.10435992529610205,-0.061448650742527255,-0.09485160957458338,0.3933949910843293,0.32854058705356715,0.3214293452144086,0.4588432294573641,0.44095169670612155
2025-07,2025-07-01,6,4,KLAC,-0.01358406314479077,-0.05635887412588969,0.258637876851169,0.32024426799655203,0.3036444974649568,0.21999033001283141,0.4185058682811109,0.3558685522225977
2025-07,2025-07-01,6,5,MELI,-0.05016390236170487,-0.04862872684377717,-0.12972335608166286,0.3062140482212794,0.20816650254309965,0.31038811375758435,0.41722374070467416,0.2811661190162449
2025-07,2025-07-01,6,6,CRWD,-0.09228362425306125,-0.15967241684057754,0.016034271574005388,0.35788399109753777,0.2856844072825957,0.23769398661638763,0.4166810978069322,0.4188870376142362
2025-07,2025-07-01,6,7,DASH,0.04344360251805579,0.025587209517391685,0.12449065512141977,0.3047363057552872,0.20146384237093717,0.24743181708582895,0.3947260651600837,0.34949255029854887
2025-07,2025-07-01,6,8,MU,-0.13161782407810163,-0.019012877233664516,0.5081598415693744,0.36275496971507115,0.336949364677253,0.3461676868310426,0.38609164256905637,0.22987976689515977
2025-07,2025-07-01,6,9,LRCX,-0.004544875088520417,0.0022725962007950073,0.4778634073537462,0.3325676033090701,0.2845578900793957,0.21391430774170095,0.3437851580613698,0.2436977716564488
2025-07,2025-07-01,6,10,IDXX,-0.013102452901197159,0.1783838264772779,0.14274386336043943,0.2964379074435999,0.24133599906342473,0.15693760559466363,0.3272594259829127,0.25972105358723074
2025-06,2025-06-02,4,1,PLTR,-0.010299914264645715,0.16835816507620782,0.18971527056559334,0.5828338070533214,0.5767852478446323,0.756084439404406,0.9888536601902809,2.1498091377291413
2025-06,2025-06-02,4,2,ZS,0.04822980763245499,-0.04403439519962793,-0.06347631426590117,0.5529424392289344,0.46589996337890627,0.61389401500344,0.40607165315602844,0.6056739063252898
2025-06,2025-06-02,4,3,MELI,-0.035489558710425695,-0.08387316631412078,-0.08239247349786727,0.25262148632393355,0.3586043838007218,0.46937107161827196,0.3283071537341722,0.26207604489554903
2025-06,2025-06-02,4,4,MNST,-0.004543332401821254,-0.07535643483172894,-0.018173329607285238,0.1569694389981693,0.34378951223273035,0.2202255812527214,0.160967667560995,0.2204589438277429
2025-06,2025-06-02,4,5,INTU,0.019111285476159923,0.015961403851212586,-0.13347134599835442,0.27489426272202566,0.2755944202673619,0.23252024716109565,0.21059398152010544,0.2346018243121326
2025-06,2025-06-02,4,6,NFLX,0.0612150964345608,-0.04953323175244562,-0.0039951393889438025,0.2519050958822189,0.24520405868151318,0.37469136498221944,0.3578318868129453,0.612194175909357
2025-06,2025-06-02,4,7,TTWO,0.05492091241120112,-0.030843603181926582,0.05865549422988514,0.09396780949286598,0.2231955562130583,0.2432402741997699,0.21096041393494813,0.3896691158864882
2025-06,2025-06-02,4,8,CRWD,0.026921538357971286,-0.06784650302523154,-0.1370495055772899,0.2519792011942623,0.20524688633509225,0.37954171267279047,0.3816898220705456,0.5807409550663829
2025-06,2025-06-02,4,9,MDLZ,0.028610807392085436,-0.046416919343472585,-0.07833723455867925,0.033472359521427686,0.1841460362769629,0.14255163551135475,0.05047585692713774,0.00018309649803294192
2025-06,2025-06-02,4,10,CCEP,0.01758420702274921,0.062363582497186876,-0.04510695286213573,0.06429071693506327,0.18357402906169917,0.2084668266743035,0.21083957001713682,0.24482913372175008
2025-06,2025-06-02,5,1,PLTR,-0.010299914264645715,0.16835816507620782,0.18971527056559334,0.5828338070533214,0.5767852478446323,0.756084439404406,0.9888536601902809,2.1498091377291413
2025-06,2025-06-02,5,2,ZS,0.04822980763245499,-0.04403439519962793,-0.06347631426590117,0.5529424392289344,0.46589996337890627,0.61389401500344,0.40607165315602844,0.6056739063252898
2025-06,2025-06-02,5,3,MELI,-0.035489558710425695,-0.08387316631412078,-0.08239247349786727,0.25262148632393355,0.3586043838007218,0.46937107161827196,0.3283071537341722,0.26207604489554903
2025-06,2025-06-02,5,4,CRWD,0.026921538357971286,-0.06784650302523154,-0.1370495055772899,0.2519792011942623,0.20524688633509225,0.37954171267279047,0.3816898220705456,0.5807409550663829
2025-06,2025-06-02,5,5,NFLX,0.0612150964345608,-0.04953323175244562,-0.0039951393889438025,0.2519050958822189,0.24520405868151318,0.37469136498221944,0.3578318868129453,0.612194175909357
2025-06,2025-06-02,5,6,CEG,-0.017579604047923136,0.08722828742791333,-0.018727129266569276,0.35367707241881186,0.026560334357470072,0.2961485350502344,0.2598993336148867,0.22022049555429368
2025-06,2025-06-02,5,7,AXON,0.0221601136299725,-0.021224193503095456,-0.0197476572025177,0.44283406053108654,0.15264928994959792,0.27172294546997966,0.19198917309109165,0.781349835261405
2025-06,2025-06-02,5,8,IDXX,0.054098751518024235,0.04028747227304863,0.2421329202987308,0.17762780505693354,0.09756092958893992,0.25914144578153175,0.19506929666038064,0.23370396208530253
2025-06,2025-06-02,5,9,CTAS,-0.010498914573733864,-0.022894744820082913,-0.09158490629022675,0.09484418202743505,0.12523762236430636,0.24957052455084283,0.021982998193879277,0.1085686307695477
2025-06,2025-06-02,5,10,DASH,0.11852061664756253,0.16711318172544987,0.14714043801524568,0.07415440045439015,0.11525151930112831,0.24693818281183422,0.20649769902610915,0.3670177841447011
2025-06,2025-06-02,6,1,PLTR,-0.010299914264645715,0.16835816507620782,0.18971527056559334,0.5828338070533214,0.5767852478446323,0.756084439404406,0.9888536601902809,2.1498091377291413
2025-06,2025-06-02,6,2,AVGO,0.06695807338924031,0.1632800471602769,0.20197019144309558,0.33139017561956075,0.14574282797995264,0.07536251595502663,0.5021978422541151,0.4807660126545812
2025-06,2025-06-02,6,3,ZS,0.04822980763245499,-0.04403439519962793,-0.06347631426590117,0.5529424392289344,0.46589996337890627,0.61389401500344,0.40607165315602844,0.6056739063252898
2025-06,2025-06-02,6,4,CRWD,0.026921538357971286,-0.06784650302523154,-0.1370495055772899,0.2519792011942623,0.20524688633509225,0.37954171267279047,0.3816898220705456,0.5807409550663829
2025-06,2025-06-02,6,5,NFLX,0.0612150964345608,-0.04953323175244562,-0.0039951393889438025,0.2519050958822189,0.24520405868151318,0.37469136498221944,0.3578318868129453,0.612194175909357
2025-06,2025-06-02,6,6,MELI,-0.035489558710425695,-0.08387316631412078,-0.08239247349786727,0.25262148632393355,0.3586043838007218,0.46937107161827196,0.3283071537341722,0.26207604489554903
2025-06,2025-06-02,6,7,CEG,-0.017579604047923136,0.08722828742791333,-0.018727129266569276,0.35367707241881186,0.026560334357470072,0.2961485350502344,0.2598993336148867,0.22022049555429368
2025-06,2025-06-02,6,8,TTWO,0.05492091241120112,-0.030843603181926582,0.05865549422988514,0.09396780949286598,0.2231955562130583,0.2432402741997699,0.21096041393494813,0.3896691158864882
2025-06,2025-06-02,6,9,CCEP,0.01758420702274921,0.062363582497186876,-0.04510695286213573,0.06429071693506327,0.18357402906169917,0.2084668266743035,0.21083957001713682,0.24482913372175008
2025-06,2025-06-02,6,10,INTU,0.019111285476159923,0.015961403851212586,-0.13347134599835442,0.27489426272202566,0.2755944202673619,0.23252024716109565,0.21059398152010544,0.2346018243121326
2025-05,2025-05-01,4,1,PLTR,0.13631666741734993,0.12461270316546336,0.32762485648924655,0.38762837249267035,0.545418182939867,0.7502635640385344,1.7719466131638368,2.1870543024157314
2025-05,2025-05-01,4,2,MELI,0.13027557804270828,0.09016259655680137,0.035475786504743256,0.20201162459283517,0.3000113425106232,0.17520645366362242,0.11660914330386474,0.11054531653012445
2025-05,2025-05-01,4,3,TTWO,-0.032189446461582505,0.02096359217993693,-0.062040211130202194,0.2638791256624826,0.28459053236643506,0.25123704169948247,0.4358896075329115,0.5627990752654393
2025-05,2025-05-01,4,4,NFLX,0.07544092471112851,0.14127414462699361,0.02217086015134795,0.15785444841238894,0.2782583714223743,0.2625815659541402,0.4991006375756104,0.6051860392223471
2025-05,2025-05-01,4,5,MSTR,-0.02444972992823491,-0.0217505717447376,-0.03922956231987651,0.09942669085751943,0.27195758035417117,0.0034184021884706706,0.6612250008718454,1.3455651876393024
2025-05,2025-05-01,4,6,ZS,0.2912005453542075,0.35347489927156195,0.23434331025810518,0.1352999877929686,0.2499173895258151,0.08896457503455357,0.24355113704263087,0.35972207970188186
2025-05,2025-05-01,4,7,EXC,-0.05191201553012659,-0.06013941661126443,-0.03285950045404473,0.15931922361744144,0.24890043764561431,0.2257907182394625,0.24528278342080245,0.1652573497029719
2025-05,2025-05-01,4,8,CRWD,0.10949802725355084,0.13936742095235077,0.034222465991004425,0.08629926032275859,0.24339266838329143,0.24532877763719663,0.42473525525714173,0.5696166253425117
2025-05,2025-05-01,4,9,VRTX,-0.10710418603353677,-0.09361340468416635,-0.07362783455735622,0.06056931889815176,0.22944591222706712,0.07113557980743246,0.05888094439183145,0.06194647262642938
2025-05,2025-05-01,4,10,ORLY,-0.02628430807052884,-0.03564726460195289,0.05620603073290975,0.06961681780410744,0.18520513051763032,0.12901621027640586,0.22770997586998187,0.2114388911781644
2025-05,2025-05-01,5,1,PLTR,0.13631666741734993,0.12461270316546336,0.32762485648924655,0.38762837249267035,0.545418182939867,0.7502635640385344,1.7719466131638368,2.1870543024157314
2025-05,2025-05-01,5,2,NFLX,0.07544092471112851,0.14127414462699361,0.02217086015134795,0.15785444841238894,0.2782583714223743,0.2625815659541402,0.4991006375756104,0.6051860392223471
2025-05,2025-05-01,5,3,TTWO,-0.032189446461582505,0.02096359217993693,-0.062040211130202194,0.2638791256624826,0.28459053236643506,0.25123704169948247,0.4358896075329115,0.5627990752654393
2025-05,2025-05-01,5,4,CRWD,0.10949802725355084,0.13936742095235077,0.034222465991004425,0.08629926032275859,0.24339266838329143,0.24532877763719663,0.42473525525714173,0.5696166253425117
2025-05,2025-05-01,5,5,EXC,-0.05191201553012659,-0.06013941661126443,-0.03285950045404473,0.15931922361744144,0.24890043764561431,0.2257907182394625,0.24528278342080245,0.1652573497029719
2025-05,2025-05-01,5,6,AVGO,0.26037593609749643,0.3447682805247452,0.466170178383174,-0.09095152076013324,-0.14679225050529543,0.19186490255071997,0.17486058742082822,0.1850326565293916
2025-05,2025-05-01,5,7,MELI,0.13027557804270828,0.09016259655680137,0.035475786504743256,0.20201162459283517,0.3000113425106232,0.17520645366362242,0.11660914330386474,0.11054531653012445
2025-05,2025-05-01,5,8,CCEP,0.03314880355869754,0.05131590600577951,0.09757966420130026,0.1455987994999941,0.16969290629938305,0.17198951965716902,0.20488852083447817,0.17641183328390797
2025-05,2025-05-01,5,9,ORLY,-0.02628430807052884,-0.03564726460195289,0.05620603073290975,0.06961681780410744,0.18520513051763032,0.12901621027640586,0.22770997586998187,0.2114388911781644
2025-05,2025-05-01,5,10,GILD,0.05481836516167826,0.0898143281493975,0.10395765417912362,0.05686788491060768,0.13163540527999684,0.11517322922163009,0.1713617996268766,0.2490896721707232
2025-05,2025-05-01,6,1,PLTR,0.13631666741734993,0.12461270316546336,0.32762485648924655,0.38762837249267035,0.545418182939867,0.7502635640385344,1.7719466131638368,2.1870543024157314
2025-05,2025-05-01,6,2,APP,0.4380121568041677,0.20465853592489802,0.3566497072391379,-0.23519596002852017,-0.1822517665381157,-0.17939459984285588,0.7091053159706795,1.1392269674028337
2025-05,2025-05-01,6,3,MSTR,-0.02444972992823491,-0.0217505717447376,-0.03922956231987651,0.09942669085751943,0.27195758035417117,0.0034184021884706706,0.6612250008718454,1.3455651876393024
2025-05,2025-05-01,6,4,NFLX,0.07544092471112851,0.14127414462699361,0.02217086015134795,0.15785444841238894,0.2782583714223743,0.2625815659541402,0.4991006375756104,0.6051860392223471
2025-05,2025-05-01,6,5,AXON,0.2213331784606718,0.2483980604754159,0.19541136674927206,-0.05623681540989578,0.04125800223720888,-0.024026208316525355,0.458528980197328,0.5557837124562583
2025-05,2025-05-01,6,6,TTWO,-0.032189446461582505,0.02096359217993693,-0.062040211130202194,0.2638791256624826,0.28459053236643506,0.25123704169948247,0.4358896075329115,0.5627990752654393
2025-05,2025-05-01,6,7,CRWD,0.10949802725355084,0.13936742095235077,0.034222465991004425,0.08629926032275859,0.24339266838329143,0.24532877763719663,0.42473525525714173,0.5696166253425117
2025-05,2025-05-01,6,8,FTNT,-0.01669703367293085,-0.017080882784136775,-0.0657326411505722,0.03280473249294058,0.09984167899179575,0.09326478617405143,0.3224618660994838,0.36240033984669595
2025-05,2025-05-01,6,9,DASH,0.08455655757358183,0.21309886956636048,0.2658002546709042,0.028301854350702094,0.14972167574325468,0.11243410092447315,0.2604393699882781,0.382371641464345
2025-05,2025-05-01,6,10,EXC,-0.05191201553012659,-0.06013941661126443,-0.03285950045404473,0.15931922361744144,0.24890043764561431,0.2257907182394625,0.24528278342080245,0.1652573497029719
2025-04,2025-04-01,4,1,PLTR,0.3722248054968402,0.5592819179295907,0.5432214478605035,0.12621355972377923,0.27549331350617745,1.0200382634536336,1.3225453217643866,1.7754834372310073
2025-04,2025-04-01,4,2,PDD,-0.13274409441542556,-0.21073737200674736,-0.13667243018220632,0.2611208918478001,0.23449179932611885,0.013520279660094392,-0.161013437561913,0.25002560042359323
2025-04,2025-04-01,4,3,EXC,0.014808409409213352,-0.037872340500140766,-0.0462215763048619,0.23067608236778536,0.20790358739052595,0.22711121811235624,0.14825354115989708,0.21627161496362834
2025-04,2025-04-01,4,4,GILD,-0.07216025143179083,-0.021297593283258975,0.0111730522161686,0.21964531809105403,0.20190284038003714,0.2624613263599207,0.3462342760139874,0.43110424723966734
2025-04,2025-04-01,4,5,ORLY,-0.01684594651905147,-0.04268747054153399,-0.05189269920796935,0.20551314040897384,0.14836144577649746,0.24874628907154528,0.23219640593348734,0.25948928671054405
2025-04,2025-04-01,4,6,CCEP,0.027070415106569268,0.06111657053788688,0.07977546398949498,0.1388634012771317,0.1410994829751404,0.173131367735345,0.14540523802532368,0.1017234448975004
2025-04,2025-04-01,4,7,TTWO,0.11916429212523627,0.08313901306215632,0.14262599592769765,0.1478122929807406,0.11801015320409003,0.28300162687127006,0.39639826454591676,0.34785127074691324
2025-04,2025-04-01,4,8,AEP,-0.007659069865661561,-0.03939868954813486,-0.028133661955399902,0.18972948219515184,0.1136604809979298,0.13573313354844774,0.08051299439535664,0.0874277482753889
2025-04,2025-04-01,4,9,AMGN,-0.07539431583242384,-0.05180744090653855,-0.045068972208142655,0.19330308504061344,0.1125481034838014,-0.023012801259716942,-0.026367726054687846,-0.056385972964279274
2025-04,2025-04-01,4,10,TMUS,-0.08021150984790115,-0.09154276190064303,-0.09733596473900796,0.22733823352625948,0.10055360652066314,0.21107633543537352,0.31202886220279447,0.34847230756270164
2025-04,2025-04-01,5,1,PLTR,0.3722248054968402,0.5592819179295907,0.5432214478605035,0.12621355972377923,0.27549331350617745,1.0200382634536336,1.3225453217643866,1.7754834372310073
2025-04,2025-04-01,5,2,APP,-0.011354870300838371,0.4216837152726276,0.190979794492673,-0.17285969566175896,-0.16996971359495894,0.7287348762753214,1.1637965971205326,2.2077615002542985
2025-04,2025-04-01,5,3,MSTR,0.2469773864558471,0.21648912613038562,0.21985491534767387,0.020032595754861715,-0.1953194876770129,0.33220138465651794,0.8810005803760852,1.5017984775765219
2025-04,2025-04-01,5,4,TTWO,0.11916429212523627,0.08313901306215632,0.14262599592769765,0.1478122929807406,0.11801015320409003,0.28300162687127006,0.39639826454591676,0.34785127074691324
2025-04,2025-04-01,5,5,AXON,0.1476348144433175,0.40164447563618033,0.43270507648510126,-0.09269221434146613,-0.1495780893010905,0.270899908090376,0.3556435312664519,0.5238202686863238
2025-04,2025-04-01,5,6,GILD,-0.07216025143179083,-0.021297593283258975,0.0111730522161686,0.21964531809105403,0.20190284038003714,0.2624613263599207,0.3462342760139874,0.43110424723966734
2025-04,2025-04-01,5,7,ORLY,-0.01684594651905147,-0.04268747054153399,-0.05189269920796935,0.20551314040897384,0.14836144577649746,0.24874628907154528,0.23219640593348734,0.25948928671054405
2025-04,2025-04-01,5,8,WBD,-0.1743388566425751,-0.02056807417848805,0.07149848575013484,-0.04221386638897384,-0.03314397420094328,0.2405833057157889,0.2512255182682397,0.38722824088750274
2025-04,2025-04-01,5,9,NFLX,0.22091173066900338,0.31301844062133743,0.3933949910843293,0.04697034135461009,0.0341300965814324,0.22785341472161336,0.31474372708564213,0.3747260650502726
2025-04,2025-04-01,5,10,EXC,0.014808409409213352,-0.037872340500140766,-0.0462215763048619,0.23067608236778536,0.20790358739052595,0.22711121811235624,0.14825354115989708,0.21627161496362834
2025-04,2025-04-01,6,1,PLTR,0.3722248054968402,0.5592819179295907,0.5432214478605035,0.12621355972377923,0.27549331350617745,1.0200382634536336,1.3225453217643866,1.7754834372310073
2025-04,2025-04-01,6,2,APP,-0.011354870300838371,0.4216837152726276,0.190979794492673,-0.17285969566175896,-0.16996971359495894,0.7287348762753214,1.1637965971205326,2.2077615002542985
2025-04,2025-04-01,6,3,MSTR,0.2469773864558471,0.21648912613038562,0.21985491534767387,0.020032595754861715,-0.1953194876770129,0.33220138465651794,0.8810005803760852,1.5017984775765219
2025-04,2025-04-01,6,4,TTWO,0.11916429212523627,0.08313901306215632,0.14262599592769765,0.1478122929807406,0.11801015320409003,0.28300162687127006,0.39639826454591676,0.34785127074691324
2025-04,2025-04-01,6,5,AXON,0.1476348144433175,0.40164447563618033,0.43270507648510126,-0.09269221434146613,-0.1495780893010905,0.270899908090376,0.3556435312664519,0.5238202686863238
2025-04,2025-04-01,6,6,GILD,-0.07216025143179083,-0.021297593283258975,0.0111730522161686,0.21964531809105403,0.20190284038003714,0.2624613263599207,0.3462342760139874,0.43110424723966734
2025-04,2025-04-01,6,7,TEAM,0.05850008524502415,-0.049812848744867355,-0.04020145465098668,-0.10718262219133701,-0.18606138224838387,-0.03539113985021558,0.3406641439532816,0.321184368926585
2025-04,2025-04-01,6,8,CRWD,0.19178762366448754,0.3222860173609461,0.35788399109753777,0.04330053752373231,0.044925079695056436,0.19546069028338375,0.31702712310124714,0.35926480340029454
2025-04,2025-04-01,6,9,NFLX,0.22091173066900338,0.31301844062133743,0.3933949910843293,0.04697034135461009,0.0341300965814324,0.22785341472161336,0.31474372708564213,0.3747260650502726
2025-04,2025-04-01,6,10,TMUS,-0.08021150984790115,-0.09154276190064303,-0.09733596473900796,0.22733823352625948,0.10055360652066314,0.21107633543537352,0.31202886220279447,0.34847230756270164
2025-03,2025-03-03,4,1,APP,-0.16197303825227471,-0.17148872571152574,0.19140928447613836,-0.009542264995874294,1.0628630762308693,1.5820131044565477,2.8277545313869563,3.4924758661583244
2025-03,2025-03-03,4,2,PLTR,0.015104317476472007,0.39295132460815463,0.5828338070533214,0.25651451929297964,0.989980959272645,1.2879868421190297,1.7341854324201873,2.198619571049871
2025-03,2025-03-03,4,3,FTNT,-0.09264128648175696,-0.0218697372914618,-0.03820161122441901,0.11770878364063142,0.3520304161098726,0.39286186287098035,0.38130435251384753,0.8625874037497541
2025-03,2025-03-03,4,4,WBD,-0.07350275734753242,-0.23502722731406211,-0.09255902136057303,0.04356060794206584,0.3390037752990227,0.3504902774304086,0.4972826437302815,0.3150358361897092
2025-03,2025-03-03,4,5,GILD,-0.033873402048827383,-0.10358934027192468,-0.05444957339213008,0.24404280239139053,0.3067245317923899,0.3934346480770683,0.481280248649147,0.5434443248443723
2025-03,2025-03-03,4,6,NFLX,-0.046544163317461695,0.16408541568054047,0.2519050958822189,0.08461247683961193,0.2877926459539186,0.37892461979169556,0.4418350721240589,0.5582940192922279
2025-03,2025-03-03,4,7,DASH,-0.0791519810775615,-0.009591161518089919,0.07415440045439015,0.12320696029894296,0.2726455187135328,0.39575858751748627,0.5841663436147428,0.8308688696015152
2025-03,2025-03-03,4,8,TTWO,0.00999760538593808,0.1303532550799371,0.09396780949286598,0.10694337020420797,0.27030165223115765,0.38257581711030686,0.33450937265527014,0.4253904732932001
2025-03,2025-03-03,4,9,CRWD,-0.05317065691052547,0.12841949281641263,0.2519792011942623,0.1036044534546201,0.2625936226085186,0.3909868052925236,0.43559640744239725,0.7069396525852361
2025-03,2025-03-03,4,10,AXON,0.029386613803197736,0.18135991552246788,0.44283406053108654,-0.17385567356766063,0.23461864672484634,0.31694303489906206,0.4803187143228713,0.7546640571114522
2025-03,2025-03-03,5,1,APP,-0.16197303825227471,-0.17148872571152574,0.19140928447613836,-0.009542264995874294,1.0628630762308693,1.5820131044565477,2.8277545313869563,3.4924758661583244
2025-03,2025-03-03,5,2,PLTR,0.015104317476472007,0.39295132460815463,0.5828338070533214,0.25651451929297964,0.989980959272645,1.2879868421190297,1.7341854324201873,2.198619571049871
2025-03,2025-03-03,5,3,TEAM,-0.21081612319032117,-0.16464879912295627,-0.2501276202777297,0.031367519876368766,0.22228657793830142,0.6987981931067744,0.6741147503767422,0.5828907442024045
2025-03,2025-03-03,5,4,MSTR,0.2195918669169905,0.5208034787509563,0.48362024442157536,-0.34020508487225243,0.09233377230055906,0.5423197148166226,1.0513407357338522,0.6597323643457407
2025-03,2025-03-03,5,5,DASH,-0.0791519810775615,-0.009591161518089919,0.07415440045439015,0.12320696029894296,0.2726455187135328,0.39575858751748627,0.5841663436147428,0.8308688696015152
2025-03,2025-03-03,5,6,GILD,-0.033873402048827383,-0.10358934027192468,-0.05444957339213008,0.24404280239139053,0.3067245317923899,0.3934346480770683,0.481280248649147,0.5434443248443723
2025-03,2025-03-03,5,7,FTNT,-0.09264128648175696,-0.0218697372914618,-0.03820161122441901,0.11770878364063142,0.3520304161098726,0.39286186287098035,0.38130435251384753,0.8625874037497541
2025-03,2025-03-03,5,8,CRWD,-0.05317065691052547,0.12841949281641263,0.2519792011942623,0.1036044534546201,0.2625936226085186,0.3909868052925236,0.43559640744239725,0.7069396525852361
2025-03,2025-03-03,5,9,TTWO,0.00999760538593808,0.1303532550799371,0.09396780949286598,0.10694337020420797,0.27030165223115765,0.38257581711030686,0.33450937265527014,0.4253904732932001
2025-03,2025-03-03,5,10,NFLX,-0.046544163317461695,0.16408541568054047,0.2519050958822189,0.08461247683961193,0.2877926459539186,0.37892461979169556,0.4418350721240589,0.5582940192922279
2025-03,2025-03-03,6,1,APP,-0.16197303825227471,-0.17148872571152574,0.19140928447613836,-0.009542264995874294,1.0628630762308693,1.5820131044565477,2.8277545313869563,3.4924758661583244
2025-03,2025-03-03,6,2,PLTR,0.015104317476472007,0.39295132460815463,0.5828338070533214,0.25651451929297964,0.989980959272645,1.2879868421190297,1.7341854324201873,2.198619571049871
2025-03,2025-03-03,6,3,MSTR,0.2195918669169905,0.5208034787509563,0.48362024442157536,-0.34020508487225243,0.09233377230055906,0.5423197148166226,1.0513407357338522,0.6597323643457407
2025-03,2025-03-03,6,4,TEAM,-0.21081612319032117,-0.16464879912295627,-0.2501276202777297,0.031367519876368766,0.22228657793830142,0.6987981931067744,0.6741147503767422,0.5828907442024045
2025-03,2025-03-03,6,5,DASH,-0.0791519810775615,-0.009591161518089919,0.07415440045439015,0.12320696029894296,0.2726455187135328,0.39575858751748627,0.5841663436147428,0.8308688696015152
2025-03,2025-03-03,6,6,WBD,-0.07350275734753242,-0.23502722731406211,-0.09255902136057303,0.04356060794206584,0.3390037752990227,0.3504902774304086,0.4972826437302815,0.3150358361897092
2025-03,2025-03-03,6,7,GILD,-0.033873402048827383,-0.10358934027192468,-0.05444957339213008,0.24404280239139053,0.3067245317923899,0.3934346480770683,0.481280248649147,0.5434443248443723
2025-03,2025-03-03,6,8,AXON,0.029386613803197736,0.18135991552246788,0.44283406053108654,-0.17385567356766063,0.23461864672484634,0.31694303489906206,0.4803187143228713,0.7546640571114522
2025-03,2025-03-03,6,9,NFLX,-0.046544163317461695,0.16408541568054047,0.2519050958822189,0.08461247683961193,0.2877926459539186,0.37892461979169556,0.4418350721240589,0.5582940192922279
2025-03,2025-03-03,6,10,CRWD,-0.05317065691052547,0.12841949281641263,0.2519792011942623,0.1036044534546201,0.2625936226085186,0.3909868052925236,0.43559640744239725,0.7069396525852361
2025-02,2025-02-03,4,1,APP,-0.07689362389390075,-0.22641196826185273,-0.23519596002852017,1.234697029103577,1.797091615105233,3.1466017681877707,3.866693571231462,3.308417870269171
2025-02,2025-02-03,4,2,PLTR,-0.0038213482563589363,0.011225250362860928,0.38762837249267035,0.9976145401123806,1.2967635756039328,1.7446737868096869,2.2108894980345464,2.2357032681329128
2025-02,2025-02-03,4,3,MSTR,-0.2770751078499083,-0.11832668114190559,0.09942669085751943,0.5109920603948048,1.133443918675317,1.8375572040863668,1.2958572631375813,1.5409781768831863
2025-02,2025-02-03,4,4,TEAM,-0.1193962537075085,-0.30504172156776477,-0.26438660303774375,0.3880097411399388,0.9291289643713605,0.9010988284175285,0.7975062573452298,0.7469845379886921
2025-02,2025-02-03,4,5,AXON,-0.20112137529847052,-0.17764503767873685,-0.05623681540989578,0.5454395806197898,0.6484895128982671,0.8529957725129218,1.1964088196339153,1.2755437391373259
2025-02,2025-02-03,4,6,MRVL,-0.2441881361601015,-0.44813315684358945,-0.4626695117115588,0.34030524514529437,0.6172906798098952,0.6239890535578128,0.8032305336729133,0.602905794168624
2025-02,2025-02-03,4,7,LULU,-0.15228255547316694,-0.31845767857104335,-0.34534109895560106,0.27748541704140184,0.5398385804018173,0.589778479122927,0.6474202108708869,0.356958686407747
2025-02,2025-02-03,4,8,TSLA,-0.2581057148397613,-0.30030234419355506,-0.26886990625357443,0.5410073068506502,0.4870165452780133,0.821842267597999,0.7692520132616227,0.82826642313874
2025-02,2025-02-03,4,9,CRWD,-0.03732675016852682,-0.08851271925225668,0.08629926032275859,0.3115495032499864,0.44492101087885394,0.491260308410683,0.7731246327703145,0.013821276328172205
2025-02,2025-02-03,4,10,NFLX,-0.0053526718780416704,-0.05164769956142701,0.15785444841238894,0.2947228726642861,0.3863452711377706,0.44959427463245416,0.5666799429648275,0.45327410673359925
2025-02,2025-02-03,5,1,APP,-0.07689362389390075,-0.22641196826185273,-0.23519596002852017,1.234697029103577,1.797091615105233,3.1466017681877707,3.866693571231462,3.308417870269171
2025-02,2025-02-03,5,2,MSTR,-0.2770751078499083,-0.11832668114190559,0.09942669085751943,0.5109920603948048,1.133443918675317,1.8375572040863668,1.2958572631375813,1.5409781768831863
2025-02,2025-02-03,5,3,PLTR,-0.0038213482563589363,0.011225250362860928,0.38762837249267035,0.9976145401123806,1.2967635756039328,1.7446737868096869,2.2108894980345464,2.2357032681329128
2025-02,2025-02-03,5,4,TEAM,-0.1193962537075085,-0.30504172156776477,-0.26438660303774375,0.3880097411399388,0.9291289643713605,0.9010988284175285,0.7975062573452298,0.7469845379886921
2025-02,2025-02-03,5,5,AXON,-0.20112137529847052,-0.17764503767873685,-0.05623681540989578,0.5454395806197898,0.6484895128982671,0.8529957725129218,1.1964088196339153,1.2755437391373259
2025-02,2025-02-03,5,6,TSLA,-0.2581057148397613,-0.30030234419355506,-0.26886990625357443,0.5410073068506502,0.4870165452780133,0.821842267597999,0.7692520132616227,0.82826642313874
2025-02,2025-02-03,5,7,CEG,-0.24165049754210188,-0.3231453508445934,-0.21300183785107785,0.18864956565659297,0.15504110871125287,0.7256749385638022,0.7309336476384398,0.4989606461981737
2025-02,2025-02-03,5,8,MRVL,-0.2441881361601015,-0.44813315684358945,-0.4626695117115588,0.34030524514529437,0.6172906798098952,0.6239890535578128,0.8032305336729133,0.602905794168624
2025-02,2025-02-03,5,9,LULU,-0.15228255547316694,-0.31845767857104335,-0.34534109895560106,0.27748541704140184,0.5398385804018173,0.589778479122927,0.6474202108708869,0.356958686407747
2025-02,2025-02-03,5,10,DASH,0.03825997345386578,-0.04392036031854396,0.028301854350702094,0.22574841682470148,0.34432475796439377,0.5257896712948202,0.7634011869984394,0.7583632779973144
2025-02,2025-02-03,6,1,APP,-0.07689362389390075,-0.22641196826185273,-0.23519596002852017,1.234697029103577,1.797091615105233,3.1466017681877707,3.866693571231462,3.308417870269171
2025-02,2025-02-03,6,2,PLTR,-0.0038213482563589363,0.011225250362860928,0.38762837249267035,0.9976145401123806,1.2967635756039328,1.7446737868096869,2.2108894980345464,2.2357032681329128
2025-02,2025-02-03,6,3,MSTR,-0.2770751078499083,-0.11832668114190559,0.09942669085751943,0.5109920603948048,1.133443918675317,1.8375572040863668,1.2958572631375813,1.5409781768831863
2025-02,2025-02-03,6,4,AXON,-0.20112137529847052,-0.17764503767873685,-0.05623681540989578,0.5454395806197898,0.6484895128982671,0.8529957725129218,1.1964088196339153,1.2755437391373259
2025-02,2025-02-03,6,5,MRVL,-0.2441881361601015,-0.44813315684358945,-0.4626695117115588,0.34030524514529437,0.6172906798098952,0.6239890535578128,0.8032305336729133,0.602905794168624
2025-02,2025-02-03,6,6,TEAM,-0.1193962537075085,-0.30504172156776477,-0.26438660303774375,0.3880097411399388,0.9291289643713605,0.9010988284175285,0.7975062573452298,0.7469845379886921
2025-02,2025-02-03,6,7,CRWD,-0.03732675016852682,-0.08851271925225668,0.08629926032275859,0.3115495032499864,0.44492101087885394,0.491260308410683,0.7731246327703145,0.013821276328172205
2025-02,2025-02-03,6,8,TSLA,-0.2581057148397613,-0.30030234419355506,-0.26886990625357443,0.5410073068506502,0.4870165452780133,0.821842267597999,0.7692520132616227,0.82826642313874
2025-02,2025-02-03,6,9,FTNT,0.05589692075675434,-0.04192272837427724,0.03280473249294058,0.28045682256643145,0.31912674001618035,0.30818105949572794,0.7639860171339927,0.6858814385685856
2025-02,2025-02-03,6,10,DASH,0.03825997345386578,-0.04392036031854396,0.028301854350702094,0.22574841682470148,0.34432475796439377,0.5257896712948202,0.7634011869984394,0.7583632779973144
2025-01,2025-01-02,4,1,APP,0.06922582873957994,-0.012990819993165759,-0.17285969566175896,1.6159970512520148,2.878134680936252,3.5516049467009188,3.029474180723825,3.132769182484976
2025-01,2025-01-02,4,2,PLTR,0.11371186520476684,0.10945598431058046,0.12621355972377923,1.0622601297164507,1.464437950748645,1.8830522492854942,1.9053324914860243,2.5267356246566863
2025-01,2025-01-02,4,3,MSTR,0.15692805253079944,-0.16362791239875618,0.020032595754861715,0.84405928614867,1.4526652265706264,0.9844425572665088,1.196314776294649,0.8434814503805486
2025-01,2025-01-02,4,4,TSLA,0.01160091201920932,-0.2494990645100632,-0.29218521324849756,0.4699636265746827,0.800949609625702,0.7489624537112185,0.8073000937587362,1.1514550639507655
2025-01,2025-01-02,4,5,AXON,0.10330432383781596,-0.11859375914519465,-0.09269221434146613,0.4941385411814925,0.679496520114526,0.9907551997927131,1.06248057763601,1.1415646172713516
2025-01,2025-01-02,4,6,MRVL,0.0005077488906026772,-0.24380437352473228,-0.44785294706621637,0.6164699190018292,0.6231648933839318,0.8023154100229579,0.6020923335636137,0.6676232519442351
2025-01,2025-01-02,4,7,AVGO,-0.06142766972324232,-0.19230099812430423,-0.27135984809706903,0.3889145489257497,0.5273682720184896,0.5873116390342299,0.42227300098030796,0.7709933895215921
2025-01,2025-01-02,4,8,TEAM,0.2847064428425552,0.13131730645325468,-0.10718262219133701,0.5016107182454452,0.4797923984962176,0.3991571906248468,0.35983169363056633,0.5204491417242125
2025-01,2025-01-02,4,9,WBD,-0.04690431586838939,0.03377116468148533,-0.04221386638897384,0.30637255474862024,0.4483695182111298,0.2720763367344303,0.5014084493799404,0.27971187815682796
2025-01,2025-01-02,4,10,LULU,0.10201179456737752,-0.06580537767091321,-0.24893232328845905,0.39729773128818424,0.44261475871683786,0.49492067053386024,0.23134679056720553,0.21423913471885658
2025-01,2025-01-02,5,1,APP,0.06922582873957994,-0.012990819993165759,-0.17285969566175896,1.6159970512520148,2.878134680936252,3.5516049467009188,3.029474180723825,3.132769182484976
2025-01,2025-01-02,5,2,PLTR,0.11371186520476684,0.10945598431058046,0.12621355972377923,1.0622601297164507,1.464437950748645,1.8830522492854942,1.9053324914860243,2.5267356246566863
2025-01,2025-01-02,5,3,AXON,0.10330432383781596,-0.11859375914519465,-0.09269221434146613,0.4941385411814925,0.679496520114526,0.9907551997927131,1.06248057763601,1.1415646172713516
2025-01,2025-01-02,5,4,MSTR,0.15692805253079944,-0.16362791239875618,0.020032595754861715,0.84405928614867,1.4526652265706264,0.9844425572665088,1.196314776294649,0.8434814503805486
2025-01,2025-01-02,5,5,MRVL,0.0005077488906026772,-0.24380437352473228,-0.44785294706621637,0.6164699190018292,0.6231648933839318,0.8023154100229579,0.6020923335636137,0.6676232519442351
2025-01,2025-01-02,5,6,TSLA,0.01160091201920932,-0.2494990645100632,-0.29218521324849756,0.4699636265746827,0.800949609625702,0.7489624537112185,0.8073000937587362,1.1514550639507655
2025-01,2025-01-02,5,7,FTNT,0.06490766781930235,0.12443272734065802,0.020263832917628788,0.23872405080664216,0.22844552539901986,0.656468509374385,0.5831245182231632,0.6113945787312329
2025-01,2025-01-02,5,8,AVGO,-0.06142766972324232,-0.19230099812430423,-0.27135984809706903,0.3889145489257497,0.5273682720184896,0.5873116390342299,0.42227300098030796,0.7709933895215921
2025-01,2025-01-02,5,9,DASH,0.11807799517119433,0.1608556295857959,0.06897160675904024,0.20235329178315298,0.3646540562326326,0.5771718919559241,0.5726660265128307,0.5398844465477335
2025-01,2025-01-02,5,10,CRWD,0.1446133803072438,0.1018886826209624,0.04330053752373231,0.2623659968844674,0.3028506691144832,0.5491035342382262,-0.1142674952340359,0.12520649710325715
2025-01,2025-01-02,6,1,APP,0.06922582873957994,-0.012990819993165759,-0.17285969566175896,1.6159970512520148,2.878134680936252,3.5516049467009188,3.029474180723825,3.132769182484976
2025-01,2025-01-02,6,2,PLTR,0.11371186520476684,0.10945598431058046,0.12621355972377923,1.0622601297164507,1.464437950748645,1.8830522492854942,1.9053324914860243,2.5267356246566863
2025-01,2025-01-02,6,3,MSTR,0.15692805253079944,-0.16362791239875618,0.020032595754861715,0.84405928614867,1.4526652265706264,0.9844425572665088,1.196314776294649,0.8434814503805486
2025-01,2025-01-02,6,4,AXON,0.10330432383781596,-0.11859375914519465,-0.09269221434146613,0.4941385411814925,0.679496520114526,0.9907551997927131,1.06248057763601,1.1415646172713516
2025-01,2025-01-02,6,5,TSLA,0.01160091201920932,-0.2494990645100632,-0.29218521324849756,0.4699636265746827,0.800949609625702,0.7489624537112185,0.8073000937587362,1.1514550639507655
2025-01,2025-01-02,6,6,MRVL,0.0005077488906026772,-0.24380437352473228,-0.44785294706621637,0.6164699190018292,0.6231648933839318,0.8023154100229579,0.6020923335636137,0.6676232519442351
2025-01,2025-01-02,6,7,FTNT,0.06490766781930235,0.12443272734065802,0.020263832917628788,0.23872405080664216,0.22844552539901986,0.656468509374385,0.5831245182231632,0.6113945787312329
2025-01,2025-01-02,6,8,DASH,0.11807799517119433,0.1608556295857959,0.06897160675904024,0.20235329178315298,0.3646540562326326,0.5771718919559241,0.5726660265128307,0.5398844465477335
2025-01,2025-01-02,6,9,WBD,-0.04690431586838939,0.03377116468148533,-0.04221386638897384,0.30637255474862024,0.4483695182111298,0.2720763367344303,0.5014084493799404,0.27971187815682796
2025-01,2025-01-02,6,10,PYPL,0.03864014669858795,-0.19064747267640325,-0.23300073716309033,0.11243060381736636,0.19694448855268054,0.3195529926466185,0.4907455305644266,0.3580207517712235
2024-12,2024-12-02,4,1,APP,0.003493944197426435,0.07296164411964301,-0.009542264995874294,2.8646318728289923,3.5357572639276844,3.0154444419159043,3.1183797933033652,3.8837110233814585
2024-12,2024-12-02,4,2,FTNT,-0.0059798541402551475,0.058539675292903715,0.11770878364063142,0.23583564228119003,0.6664335388712643,0.5926483228907722,0.6210884512179686,0.5003935389006657
2024-12,2024-12-02,4,3,TSLA,0.06214120437137449,0.07446301103526376,-0.2028620324968753,0.6955839790544509,0.6466383626895797,0.7015629243273562,1.025582902815731,0.9839434715248827
2024-12,2024-12-02,4,4,DASH,-0.03243182728957106,0.08181668273553222,0.12320696029894296,0.41039576819673096,0.6300369694238959,0.6253800722974938,0.5914996896126572,0.3837282000943709
2024-12,2024-12-02,4,5,CRWD,0.001557118119751122,0.14639567854182967,0.1036044534546201,0.3008251307327916,0.546695147198792,-0.11564454114332245,0.12345714163125932,0.17384235353081068
2024-12,2024-12-02,4,6,TTD,-0.12895827044182073,-0.12740456314097137,-0.5030334688591335,0.3386154504115808,0.5402849420183404,0.37960602202735516,0.4516163975524974,0.582484461618993
2024-12,2024-12-02,4,7,MRVL,0.17241395409122928,0.1730092459757464,-0.11342569549763715,0.38446398366359613,0.5372688151088945,0.36649033216722526,0.42238434311101014,0.5202259859140737
2024-12,2024-12-02,4,8,TEAM,-0.08834814601239893,0.17120501044723158,0.031367519876368766,0.6231990227668023,0.5347494600102858,0.4916129306188639,0.6677958094131089,0.5389245720195484
2024-12,2024-12-02,4,9,NFLX,-0.012264191511446865,0.09044929411062808,0.08461247683961193,0.3293550488422712,0.4367288340927522,0.33272965059681336,0.41646286284358314,0.6271954421936579
2024-12,2024-12-02,4,10,BKNG,-0.05566840868088485,-0.10022458394527245,-0.05166877946221726,0.3730199134139143,0.429076773434639,0.34789140521534523,0.3945140124644937,0.5365931984028578
2024-12,2024-12-02,5,1,APP,0.003493944197426435,0.07296164411964301,-0.009542264995874294,2.8646318728289923,3.5357572639276844,3.0154444419159043,3.1183797933033652,3.8837110233814585
2024-12,2024-12-02,5,2,TSLA,0.06214120437137449,0.07446301103526376,-0.2028620324968753,0.6955839790544509,0.6466383626895797,0.7015629243273562,1.025582902815731,0.9839434715248827
2024-12,2024-12-02,5,3,DASH,-0.03243182728957106,0.08181668273553222,0.12320696029894296,0.41039576819673096,0.6300369694238959,0.6253800722974938,0.5914996896126572,0.3837282000943709
2024-12,2024-12-02,5,4,FTNT,-0.0059798541402551475,0.058539675292903715,0.11770878364063142,0.23583564228119003,0.6664335388712643,0.5926483228907722,0.6210884512179686,0.5003935389006657
2024-12,2024-12-02,5,5,PYPL,-0.004044906756295874,0.03443894415184667,-0.19392122818239976,0.20180568046936598,0.32491213870797675,0.4967999467819886,0.363536128268912,0.3082856213414116
2024-12,2024-12-02,5,6,TEAM,-0.08834814601239893,0.17120501044723158,0.031367519876368766,0.6231990227668023,0.5347494600102858,0.4916129306188639,0.6677958094131089,0.5389245720195484
2024-12,2024-12-02,5,7,WBD,0.009469642407366585,-0.03787884055965873,0.04356060794206584,0.434782639681053,0.26014323095522096,0.4873240227407001,0.26770714481813673,0.3858268475343827
2024-12,2024-12-02,5,8,GILD,-0.014547243733765702,0.05516805377803102,0.24404280239139053,0.19069878126517903,0.24066818430800785,0.3825565886579516,0.5144639335215333,0.4663781430760836
2024-12,2024-12-02,5,9,TTD,-0.12895827044182073,-0.12740456314097137,-0.5030334688591335,0.3386154504115808,0.5402849420183404,0.37960602202735516,0.4516163975524974,0.582484461618993
2024-12,2024-12-02,5,10,TMUS,-0.10330047866375991,-0.0274487830034037,0.11813518331068718,0.22526726510471318,0.3177077789160869,0.3764999822491235,0.4242178665402556,0.4954124451935462
2024-12,2024-12-02,6,1,APP,0.003493944197426435,0.07296164411964301,-0.009542264995874294,2.8646318728289923,3.5357572639276844,3.0154444419159043,3.1183797933033652,3.8837110233814585
2024-12,2024-12-02,6,2,TSLA,0.06214120437137449,0.07446301103526376,-0.2028620324968753,0.6955839790544509,0.6466383626895797,0.7015629243273562,1.025582902815731,0.9839434715248827
2024-12,2024-12-02,6,3,TEAM,-0.08834814601239893,0.17120501044723158,0.031367519876368766,0.6231990227668023,0.5347494600102858,0.4916129306188639,0.6677958094131089,0.5389245720195484
2024-12,2024-12-02,6,4,FTNT,-0.0059798541402551475,0.058539675292903715,0.11770878364063142,0.23583564228119003,0.6664335388712643,0.5926483228907722,0.6210884512179686,0.5003935389006657
2024-12,2024-12-02,6,5,DASH,-0.03243182728957106,0.08181668273553222,0.12320696029894296,0.41039576819673096,0.6300369694238959,0.6253800722974938,0.5914996896126572,0.3837282000943709
2024-12,2024-12-02,6,6,GILD,-0.014547243733765702,0.05516805377803102,0.24404280239139053,0.19069878126517903,0.24066818430800785,0.3825565886579516,0.5144639335215333,0.4663781430760836
2024-12,2024-12-02,6,7,TTD,-0.12895827044182073,-0.12740456314097137,-0.5030334688591335,0.3386154504115808,0.5402849420183404,0.37960602202735516,0.4516163975524974,0.582484461618993
2024-12,2024-12-02,6,8,ILMN,-0.0979676322332077,-0.09679633746997385,-0.41991043411072737,0.11430984198964489,0.18635059833846945,0.3758293260330272,0.4434961300091138,0.19677726717646293
2024-12,2024-12-02,6,9,TMUS,-0.10330047866375991,-0.0274487830034037,0.11813518331068718,0.22526726510471318,0.3177077789160869,0.3764999822491235,0.4242178665402556,0.4954124451935462
2024-12,2024-12-02,6,10,MRVL,0.17241395409122928,0.1730092459757464,-0.11342569549763715,0.38446398366359613,0.5372688151088945,0.36649033216722526,0.42238434311101014,0.5202259859140737
2024-11,2024-11-01,4,1,DASH,0.13304632511787173,0.09629956239056581,0.22574841682470148,0.43863223708379406,0.43452216936355526,0.404620141587849,0.22124591856420373,0.1259313103950046
2024-11,2024-11-01,4,2,ILMN,-0.03078259067471545,-0.12573452538551722,-0.12459928610953952,0.22402939415248535,0.419526014282805,0.4893419331107516,0.23478721663655722,0.15998550530910594
2024-11,2024-11-01,4,3,PYPL,0.12012953130634507,0.11559871179723746,0.15870560967783853,0.1828204700243956,0.3362739798819103,0.21730218707714566,0.16797708191447325,0.1879131494505022
2024-11,2024-11-01,4,4,FTNT,0.20964461933098733,0.20241112094584346,0.28045682256643145,0.37762241259991813,0.3166249801297929,0.3401361237108935,0.24035895743535107,0.16189919502125205
2024-11,2024-11-01,4,5,GILD,0.050385508666187295,0.0351052946572048,0.1083332328959481,0.18115508455885632,0.3162373026390717,0.4418172385533454,0.39603805553080873,0.25486393553917597
2024-11,2024-11-01,4,6,SBUX,0.03305219204105403,-0.061999620044972836,0.10072833369757195,0.3242919034439724,0.2896093112587159,0.2118367406346171,0.34634892022858343,0.09496572131674408
2024-11,2024-11-01,4,7,MELI,-0.049861290479715104,-0.14107738387310242,-0.07104963008814436,0.27946641306988207,0.2862418213233213,0.21366212159980646,0.4108381600991642,0.3439942234660833
2024-11,2024-11-01,4,8,XEL,0.0676264395542161,0.002549031114071898,0.024311252475465617,0.13799625742819366,0.2829860630626362,0.22923729613395705,0.26352266649953715,0.2753799899029967
2024-11,2024-11-01,4,9,FAST,0.05675553510624787,-0.09101389591201126,-0.05221508014964438,0.1665266878178011,0.2736698046536383,0.22970247444060243,0.15990268079877334,0.038538619047799205
2024-11,2024-11-01,4,10,CEG,-0.031493657470828995,-0.05857973638260372,0.18864956565659297,0.45621863470104995,0.2610618718143134,0.2416246357568681,0.40320809721777273,0.3924943182371823
2024-11,2024-11-01,5,1,ILMN,-0.03078259067471545,-0.12573452538551722,-0.12459928610953952,0.22402939415248535,0.419526014282805,0.4893419331107516,0.23478721663655722,0.15998550530910594
2024-11,2024-11-01,5,2,GILD,0.050385508666187295,0.0351052946572048,0.1083332328959481,0.18115508455885632,0.3162373026390717,0.4418172385533454,0.39603805553080873,0.25486393553917597
2024-11,2024-11-01,5,3,TSLA,0.4342115931621162,0.5233352288845978,0.5410073068506502,0.14811396766017637,0.18640996380163832,0.4123319825840852,0.3832990062161823,0.4209564775309498
2024-11,2024-11-01,5,4,TEAM,0.18511253688192397,0.0804100414323552,0.3880097411399388,0.29502423799200517,0.25862556018802585,0.40728897679299125,0.29854720469713136,0.16021105532713786
2024-11,2024-11-01,5,5,DASH,0.13304632511787173,0.09629956239056581,0.22574841682470148,0.43863223708379406,0.43452216936355526,0.404620141587849,0.22124591856420373,0.1259313103950046
2024-11,2024-11-01,5,6,ADSK,0.03517460416177243,0.023554453807035136,0.06860454046004372,0.1852510909548286,0.16572430211818645,0.35931124830815775,0.36002087320591913,0.10457140235704299
2024-11,2024-11-01,5,7,FTNT,0.20964461933098733,0.20241112094584346,0.28045682256643145,0.37762241259991813,0.3166249801297929,0.3401361237108935,0.24035895743535107,0.16189919502125205
2024-11,2024-11-01,5,8,TMUS,0.10042466651317561,-0.01324972827104387,0.07021934863046253,0.1974538730501183,0.2508807046380783,0.29424385864873104,0.3589412257832567,0.3823320185056205
2024-11,2024-11-01,5,9,AVGO,-0.014266982015747387,0.3769924008737806,0.29240696646149145,0.15273812551688004,0.03288369643710043,0.2861315635422501,0.36792327598365726,0.25911835753683277
2024-11,2024-11-01,5,10,CHTR,0.07623674093673971,-0.04676794615836066,-0.06818737455392321,-0.027800649792799947,0.23805825226704003,0.2804485663871408,0.4112051328754325,0.28977651981892016
2024-11,2024-11-01,6,1,NVDA,0.023855150195557506,0.02156222453563794,-0.13834538497862503,0.23991945271559856,0.08939341156601177,0.17758889271372436,0.6307935521046766,0.49865245679606307
2024-11,2024-11-01,6,2,ARM,-0.008057671925887244,-0.0938648514301017,0.1001554890928451,0.16434855765140477,-0.10923632754201307,0.11296407072602199,0.48473076260077086,0.11480570203292606
2024-11,2024-11-01,6,3,CHTR,0.07623674093673971,-0.04676794615836066,-0.06818737455392321,-0.027800649792799947,0.23805825226704003,0.2804485663871408,0.4112051328754325,0.28977651981892016
2024-11,2024-11-01,6,4,MELI,-0.049861290479715104,-0.14107738387310242,-0.07104963008814436,0.27946641306988207,0.2862418213233213,0.21366212159980646,0.4108381600991642,0.3439942234660833
2024-11,2024-11-01,6,5,CEG,-0.031493657470828995,-0.05857973638260372,0.18864956565659297,0.45621863470104995,0.2610618718143134,0.2416246357568681,0.40320809721777273,0.3924943182371823
2024-11,2024-11-01,6,6,BKNG,0.10005444654543671,0.0388161660439208,-0.010198052676726688,0.2990964019303317,0.22529517465994986,0.26767726528788205,0.39683376875418164,0.33686043323638537
2024-11,2024-11-01,6,7,GILD,0.050385508666187295,0.0351052946572048,0.1083332328959481,0.18115508455885632,0.3162373026390717,0.4418172385533454,0.39603805553080873,0.25486393553917597
2024-11,2024-11-01,6,8,TTD,0.1339877581473663,-0.012249341845515738,-0.010487456786608451,0.35829062611289153,0.21659692718487866,0.28009882569107414,0.39550400808942654,0.3651357894199665
2024-11,2024-11-01,6,9,TSLA,0.4342115931621162,0.5233352288845978,0.5410073068506502,0.14811396766017637,0.18640996380163832,0.4123319825840852,0.3832990062161823,0.4209564775309498
2024-11,2024-11-01,6,10,NFLX,0.18732973615271464,0.17276809688130212,0.2947228726642861,0.21005041004713787,0.12245959148234231,0.1929818817082145,0.3704663436344424,0.2308118199417677
2024-10,2024-10-01,4,1,TSLA,-0.035036019188628975,0.38396252826353416,0.4699636265746827,0.22948626828958818,0.4636110887750997,0.43352397988271263,0.4725487228405836,0.27329248811107343
2024-10,2024-10-01,4,2,GILD,0.0663568442889344,0.12008577630810269,0.10379161551742433,0.23433099312712913,0.35209638900454054,0.3091659354066525,0.17677674435141033,0.19820181048620178
2024-10,2024-10-01,4,3,FTNT,0.03020009481635033,0.2461760015288712,0.23872405080664216,0.27802840123452155,0.30085032068434625,0.20399810063739587,0.12783836932996895,0.0858886316393277
2024-10,2024-10-01,4,4,ILMN,0.16111024552360131,0.12536826410743007,0.015118599882429917,0.22255920120890105,0.2826877885649304,0.06345389802303503,-0.0009686765049499169,-0.05628874897119707
2024-10,2024-10-01,4,5,DASH,0.09673791090578265,0.24265485956924904,0.20235329178315298,0.30798995375185,0.2807254382478581,0.11352576255487623,0.026618391868218794,0.11378790187459908
2024-10,2024-10-01,4,6,CEG,-0.02827448721337411,-0.05887767766874186,-0.08519791158866508,0.29775523563022954,0.2777524305153316,0.4440375175431799,0.4330119976410971,0.5708881001741559
2024-10,2024-10-01,4,7,AVGO,0.008658107368206158,-0.005732399709653779,0.3889145489257497,0.024017641747909657,0.2750916828478467,0.3561813125686828,0.24831035247625022,0.20980400358349094
2024-10,2024-10-01,4,8,ADSK,0.07140990023683158,0.10909631937266617,0.0966463752403599,0.08802830910980664,0.2687126075722155,0.2693749356854842,0.030951274682902596,0.010312046109510087
2024-10,2024-10-01,4,9,PYPL,-0.002839827570943698,0.116948556580313,0.11243060381736636,0.34007957480570195,0.22076896042872352,0.17130338155134228,0.19129622531631663,0.2796498438022357
2024-10,2024-10-01,4,10,MELI,-0.005430572380769161,-0.05502108751353563,-0.14574182530945923,0.2932649904615374,0.2202889892815556,0.4185416532221229,0.35133273368687234,0.2811161786932259
2024-10,2024-10-01,5,1,CEG,-0.02827448721337411,-0.05887767766874186,-0.08519791158866508,0.29775523563022954,0.2777524305153316,0.4440375175431799,0.4330119976410971,0.5708881001741559
2024-10,2024-10-01,5,2,TSLA,-0.035036019188628975,0.38396252826353416,0.4699636265746827,0.22948626828958818,0.4636110887750997,0.43352397988271263,0.4725487228405836,0.27329248811107343
2024-10,2024-10-01,5,3,ARM,0.03968249429617554,0.03130507385004866,-0.05790714856541257,-0.1432349035933329,0.07048457277282072,0.42806171186509756,0.07225591288579514,-0.039118722476643164
2024-10,2024-10-01,5,4,MELI,-0.005430572380769161,-0.05502108751353563,-0.14574182530945923,0.2932649904615374,0.2202889892815556,0.4185416532221229,0.35133273368687234,0.2811161786932259
2024-10,2024-10-01,5,5,NVDA,0.1572650252190575,0.1848717562117237,0.1822182335400715,-0.05864828900380736,0.017561981958989614,0.4091789836956192,0.29499503064337795,0.42229630797229323
2024-10,2024-10-01,5,6,AVGO,0.008658107368206158,-0.005732399709653779,0.3889145489257497,0.024017641747909657,0.2750916828478467,0.3561813125686828,0.24831035247625022,0.20980400358349094
2024-10,2024-10-01,5,7,AAPL,-0.014588303632553812,0.060313639413640985,0.07916662557224696,0.04485281576029787,0.16720012143651375,0.3395099781405868,0.3337590222261495,0.2622677300616869
2024-10,2024-10-01,5,8,SBUX,0.014779909278056946,0.04832060971891883,-0.04813605952645461,0.2708266092656293,0.19418676853461947,0.3267398259652321,0.07901793414074754,0.0601385570479438
2024-10,2024-10-01,5,9,META,-0.016150030106197644,0.028379647144706865,0.04033740255449758,0.1433382963346146,0.20964386572191862,0.3151320387829717,0.17552224797481752,0.14989602965444915
2024-10,2024-10-01,5,10,GILD,0.0663568442889344,0.12008577630810269,0.10379161551742433,0.23433099312712913,0.35209638900454054,0.3091659354066525,0.17677674435141033,0.19820181048620178
2024-10,2024-10-01,6,1,TSLA,-0.035036019188628975,0.38396252826353416,0.4699636265746827,0.22948626828958818,0.4636110887750997,0.43352397988271263,0.4725487228405836,0.27329248811107343
2024-10,2024-10-01,6,2,CEG,-0.02827448721337411,-0.05887767766874186,-0.08519791158866508,0.29775523563022954,0.2777524305153316,0.4440375175431799,0.4330119976410971,0.5708881001741559
2024-10,2024-10-01,6,3,MELI,-0.005430572380769161,-0.05502108751353563,-0.14574182530945923,0.2932649904615374,0.2202889892815556,0.4185416532221229,0.35133273368687234,0.2811161786932259
2024-10,2024-10-01,6,4,AAPL,-0.014588303632553812,0.060313639413640985,0.07916662557224696,0.04485281576029787,0.16720012143651375,0.3395099781405868,0.3337590222261495,0.2622677300616869
2024-10,2024-10-01,6,5,NVDA,0.1572650252190575,0.1848717562117237,0.1822182335400715,-0.05864828900380736,0.017561981958989614,0.4091789836956192,0.29499503064337795,0.42229630797229323
2024-10,2024-10-01,6,6,TMUS,0.0833576908520215,0.19215352567031974,0.06900349582788667,0.15463315135955336,0.19465977818540736,0.25437908205045234,0.2759700975754984,0.2705030534063355
2024-10,2024-10-01,6,7,XEL,0.020973617891537844,0.0900184285483292,0.023576111410190004,0.25662998590717057,0.20398536709745207,0.23756642126453675,0.2491801624970933,0.3571138366174331
2024-10,2024-10-01,6,8,AVGO,0.008658107368206158,-0.005732399709653779,0.3889145489257497,0.024017641747909657,0.2750916828478467,0.3561813125686828,0.24831035247625022,0.20980400358349094
2024-10,2024-10-01,6,9,TTD,0.09630243840274488,0.24319354437581975,0.08287345506867716,0.10972746622491925,0.16765117074455382,0.2729188216735181,0.24521823686618616,0.2959828586447526
2024-10,2024-10-01,6,10,AEP,-0.04862069928396229,-0.02976444541955059,-0.09179942956299747,0.1817808367320406,0.1450469894744384,0.18159679431095221,0.23176139644010973,0.22552949757617147
2024-09,2024-09-03,4,1,MELI,0.038162604986066384,0.032524787816681666,-0.01895823055615209,0.17543146268299026,0.3663964068915404,0.3016580709001835,0.23402265939873668,0.13835885018129557
2024-09,2024-09-03,4,2,CHTR,-0.05043011530379582,0.05793538487587235,0.1385889307404642,0.21032776168780476,0.3339237471870833,0.2191448913207963,0.18167556658585493,-0.09394775135796196
2024-09,2024-09-03,4,3,AAPL,0.01544196258397279,0.0006283869125613961,0.07668696296074251,0.14945035210714086,0.3191398696307224,0.31347636927684386,0.24307225481367922,0.1967000191345165
2024-09,2024-09-03,4,4,NVDA,0.08342601915024406,0.25381103937489025,0.2837208900360264,-0.06079237163134876,0.3006693200896824,0.19527776493596893,0.31277658357128324,0.7137725197882774
2024-09,2024-09-03,4,5,ISRG,0.0027304470411064763,0.0473688436638211,0.12289006462954366,0.19704853161069913,0.3006187424393667,0.22430169022574997,0.2149786626213812,0.2595159819551687
2024-09,2024-09-03,4,6,ARM,0.09972526410474636,0.14336510562494298,0.1341522447123098,-0.02658908755336231,0.2985622486609327,-0.024978376068602315,-0.1262533390050089,0.7546795767741397
2024-09,2024-09-03,4,7,REGN,-0.10429397662507989,-0.2782401970189914,-0.3477639272227364,0.18123651392651308,0.2936754828107626,0.20581634023532236,0.18924118982795068,0.2203323802642656
2024-09,2024-09-03,4,8,SBUX,0.045610627634791845,0.061064657851406245,0.09613517069068633,0.142095094457783,0.2688660490821182,0.031950044904883956,0.013894205958880246,0.017700164301144294
2024-09,2024-09-03,4,9,PANW,-0.0726053968161745,0.021319759957383555,0.09885376229895249,0.20575249279212926,0.23571382978192368,0.27073935387970893,0.1741733283426059,0.04441570153042096
2024-09,2024-09-03,4,10,AVGO,0.09968483892679081,0.10920602833340753,0.09338100587541631,0.1595064674095532,0.23324543956813382,0.13515282587191657,0.10013702177086303,0.28272169436526506
2024-09,2024-09-03,5,1,AAPL,0.01544196258397279,0.0006283869125613961,0.07668696296074251,0.14945035210714086,0.3191398696307224,0.31347636927684386,0.24307225481367922,0.1967000191345165
2024-09,2024-09-03,5,2,MELI,0.038162604986066384,0.032524787816681666,-0.01895823055615209,0.17543146268299026,0.3663964068915404,0.3016580709001835,0.23402265939873668,0.13835885018129557
2024-09,2024-09-03,5,3,AZN,-0.08224456086797216,-0.16682221543141107,-0.21791881355650422,0.09187068758023109,0.12873782413759427,0.2824811758257564,0.33509072531507145,0.30997891955500023
2024-09,2024-09-03,5,4,PANW,-0.0726053968161745,0.021319759957383555,0.09885376229895249,0.20575249279212926,0.23571382978192368,0.27073935387970893,0.1741733283426059,0.04441570153042096
2024-09,2024-09-03,5,5,TMUS,0.027776405237550428,0.11344947309034414,0.22526726510471318,0.16237322835727586,0.22047857457919284,0.24148607719845727,0.23616678387619094,0.2477361652686867
2024-09,2024-09-03,5,6,ISRG,0.0027304470411064763,0.0473688436638211,0.12289006462954366,0.19704853161069913,0.3006187424393667,0.22430169022574997,0.2149786626213812,0.2595159819551687
2024-09,2024-09-03,5,7,AEP,0.006399510154805554,-0.042532337787958285,-0.023555413135459724,0.1377658453930546,0.1740832367150078,0.22392885132728146,0.21773657996679585,0.3136747493036638
2024-09,2024-09-03,5,8,COST,-0.00135448098269364,-0.00010731900137705974,0.11123249270996372,0.07901822321045593,0.2182173292871903,0.2218304948954115,0.17585528266343586,0.2508983135979188
2024-09,2024-09-03,5,9,CHTR,-0.05043011530379582,0.05793538487587235,0.1385889307404642,0.21032776168780476,0.3339237471870833,0.2191448913207963,0.18167556658585493,-0.09394775135796196
2024-09,2024-09-03,5,10,REGN,-0.10429397662507989,-0.2782401970189914,-0.3477639272227364,0.18123651392651308,0.2936754828107626,0.20581634023532236,0.18924118982795068,0.2203323802642656
2024-09,2024-09-03,6,1,AZN,-0.08224456086797216,-0.16682221543141107,-0.21791881355650422,0.09187068758023109,0.12873782413759427,0.2824811758257564,0.33509072531507145,0.30997891955500023
2024-09,2024-09-03,6,2,NVDA,0.08342601915024406,0.25381103937489025,0.2837208900360264,-0.06079237163134876,0.3006693200896824,0.19527776493596893,0.31277658357128324,0.7137725197882774
2024-09,2024-09-03,6,3,XEL,0.05382458306925053,0.07592709719925428,0.14868821600274273,0.1424912518085888,0.17435713794049157,0.18537770191208902,0.28779861318556144,0.04409858553398771
2024-09,2024-09-03,6,4,KDP,0.007249497212644451,-0.1111069428815109,-0.11869055146446572,0.08773876447624551,0.12134307140828615,0.19710459410197378,0.2858259935601719,0.17726664435400985
2024-09,2024-09-03,6,5,CTAS,0.020065045540036852,0.028871641317865793,0.11604090153071867,0.1875138468517208,0.20949281345141824,0.17936873467705294,0.2773054422108996,0.302587138689812
2024-09,2024-09-03,6,6,AAPL,0.01544196258397279,0.0006283869125613961,0.07668696296074251,0.14945035210714086,0.3191398696307224,0.31347636927684386,0.24307225481367922,0.1967000191345165
2024-09,2024-09-03,6,7,TMUS,0.027776405237550428,0.11344947309034414,0.22526726510471318,0.16237322835727586,0.22047857457919284,0.24148607719845727,0.23616678387619094,0.2477361652686867
2024-09,2024-09-03,6,8,MELI,0.038162604986066384,0.032524787816681666,-0.01895823055615209,0.17543146268299026,0.3663964068915404,0.3016580709001835,0.23402265939873668,0.13835885018129557
2024-09,2024-09-03,6,9,AEP,0.006399510154805554,-0.042532337787958285,-0.023555413135459724,0.1377658453930546,0.1740832367150078,0.22392885132728146,0.21773657996679585,0.3136747493036638
2024-09,2024-09-03,6,10,ISRG,0.0027304470411064763,0.0473688436638211,0.12289006462954366,0.19704853161069913,0.3006187424393667,0.22430169022574997,0.2149786626213812,0.2595159819551687
2024-08,2024-08-01,4,1,CHTR,-0.081040898994726,-0.1273841124178945,-0.027800649792799947,0.4515594281920363,0.3266584878338341,0.28588482914330826,-0.014045078120578869,-0.03713828045833656
2024-08,2024-08-01,4,2,AAPL,0.021376804386328496,0.03714886678380003,0.022018624202998716,0.29153106274358587,0.2859860960578764,0.21705549751597442,0.1716538049378622,0.17935366213336335
2024-08,2024-08-01,4,3,TSLA,-0.028866524436121255,0.18979981687483005,0.14811396766017637,0.2048446802152457,0.23764409941533837,0.07017371330208144,0.14825796838669136,-0.12704290230744797
2024-08,2024-08-01,4,4,AEP,0.012346524960634486,0.018825046827302128,-0.03071093939745695,0.15976417932650322,0.2090018794452566,0.2028851287005189,0.2976532411712942,0.2432073615964272
2024-08,2024-08-01,4,5,NVDA,-0.011079489829837197,0.07142221158968809,0.23991945271559856,0.3152415251918246,0.2086692030791215,0.3274844338554519,0.7329729762540669,1.267565283555962
2024-08,2024-08-01,4,6,AZN,0.06215356692411911,-0.02520278676190535,-0.115037244238538,0.0626879759075667,0.20743479640112872,0.25696581632856397,0.2333234669150115,0.20537510452774632
2024-08,2024-08-01,4,7,VRTX,-0.059472471518968284,-0.07121671299894483,-0.06852782582498618,0.2577211427752706,0.20286335988452553,0.16873090712152017,0.16574090043421097,0.23087779385190865
2024-08,2024-08-01,4,8,AMGN,-0.008102585014108654,-0.03868396805657803,-0.04198507885468106,0.21827557466840775,0.1938703009872027,0.20541192547070364,0.04928107104858537,0.14514510232721167
2024-08,2024-08-01,4,9,TMUS,0.07544518362977204,0.10531718486104458,0.1974538730501183,0.13485893391601178,0.15439270740724753,0.14944657588586874,0.1602043360847174,0.16443239578465763
2024-08,2024-08-01,4,10,ISRG,0.07207167211612142,0.07499890704110501,0.12285446754900131,0.21318264092560613,0.14199612028657338,0.13329984759617908,0.1748430769269913,0.3624387802078881
2024-08,2024-08-01,5,1,NVDA,-0.011079489829837197,0.07142221158968809,0.23991945271559856,0.3152415251918246,0.2086692030791215,0.3274844338554519,0.7329729762540669,1.267565283555962
2024-08,2024-08-01,5,2,CHTR,-0.081040898994726,-0.1273841124178945,-0.027800649792799947,0.4515594281920363,0.3266584878338341,0.28588482914330826,-0.014045078120578869,-0.03713828045833656
2024-08,2024-08-01,5,3,BKR,-0.0916837051820194,-0.017928303507861565,0.011467196884732411,0.18843700643945382,0.1333509097030796,0.2649952492513068,0.33339594341694845,0.1251141940732443
2024-08,2024-08-01,5,4,AZN,0.06215356692411911,-0.02520278676190535,-0.115037244238538,0.0626879759075667,0.20743479640112872,0.25696581632856397,0.2333234669150115,0.20537510452774632
2024-08,2024-08-01,5,5,GOOG,-0.08025520543464704,-0.02208356210557416,0.002477699278986112,0.04273873698202557,0.10317091775219844,0.2503347442997532,0.209769570928527,0.2370755506443103
2024-08,2024-08-01,5,6,GOOGL,-0.07847271661084809,-0.020780015575550648,0.004434968201494138,0.043304981449599156,0.09946592775610408,0.24657981846344268,0.21107910495824744,0.23728719457777836
2024-08,2024-08-01,5,7,XEL,0.05768900178321723,0.11461867132113057,0.13799625742819366,0.11030476440671788,0.12072423927410991,0.2175588580522152,-0.0128491609786211,-0.04908782938798273
2024-08,2024-08-01,5,8,AAPL,0.021376804386328496,0.03714886678380003,0.022018624202998716,0.29153106274358587,0.2859860960578764,0.21705549751597442,0.1716538049378622,0.17935366213336335
2024-08,2024-08-01,5,9,CTAS,0.05135438175123008,0.07244985529978565,0.08170870835911814,0.15041401305312374,0.1217613728993936,0.214914270945735,0.23896105946703372,0.2926087299486233
2024-08,2024-08-01,5,10,AMGN,-0.008102585014108654,-0.03868396805657803,-0.04198507885468106,0.21827557466840775,0.1938703009872027,0.20541192547070364,0.04928107104858537,0.14514510232721167
2024-08,2024-08-01,6,1,NVDA,-0.011079489829837197,0.07142221158968809,0.23991945271559856,0.3152415251918246,0.2086692030791215,0.3274844338554519,0.7329729762540669,1.267565283555962
2024-08,2024-08-01,6,2,ARM,0.01835236349546676,0.11990782189674487,0.16434855765140477,0.27516004794612847,-0.04254984926370409,-0.14199967288740856,0.7230574010269393,0.7630586965247732
2024-08,2024-08-01,6,3,CEG,0.0030473346730144346,0.49859051299892165,0.45621863470104995,-0.03640286988509778,-0.04376012979462374,0.0482437240514455,0.396152622003213,0.5461255787701369
2024-08,2024-08-01,6,4,BKR,-0.0916837051820194,-0.017928303507861565,0.011467196884732411,0.18843700643945382,0.1333509097030796,0.2649952492513068,0.33339594341694845,0.1251141940732443
2024-08,2024-08-01,6,5,FANG,-0.04278031424204487,-0.09363303793297051,-0.10236402182123594,0.021295942315359362,0.003681275272396922,0.0993696318822328,0.3329642305812255,0.29654364008753187
2024-08,2024-08-01,6,6,TTD,0.1506552845664173,0.2389743728855056,0.35829062611289153,0.027397216222444953,0.005039542477491832,0.04601264320461862,0.3056093021175572,0.2430939871418918
2024-08,2024-08-01,6,7,AEP,0.012346524960634486,0.018825046827302128,-0.03071093939745695,0.15976417932650322,0.2090018794452566,0.2028851287005189,0.2976532411712942,0.2432073615964272
2024-08,2024-08-01,6,8,KLAC,-0.017659906204162135,-0.001416121166039952,-0.1131208997669213,0.13758686447676682,0.0658315043857558,0.05589462847390525,0.26750501230128076,0.35506029903516123
2024-08,2024-08-01,6,9,META,0.02816737058582408,0.15927986018640983,0.14055745554289079,0.13443878734467196,0.014010756458579188,-0.00809453424857387,0.26339440650811063,0.4403037408330668
2024-08,2024-08-01,6,10,CTAS,0.05135438175123008,0.07244985529978565,0.08170870835911814,0.15041401305312374,0.1217613728993936,0.214914270945735,0.23896105946703372,0.2926087299486233
2024-07,2024-07-01,4,1,NVDA,-0.12139985449854318,-0.13113429587511993,-0.05864828900380736,0.3756760788939766,0.5109085067335113,0.972425095906376,1.580884256810315,1.658547756142731
2024-07,2024-07-01,4,2,MU,-0.2275031459085778,-0.32590123021413675,-0.2366353074880979,0.05808536785071117,0.3835728290484397,0.537752230254738,0.5988214075404807,0.7361151670221049
2024-07,2024-07-01,4,3,GOOG,-0.06526103664088567,-0.14027870417304034,-0.08590340259072671,0.18019143418158223,0.33762985529831946,0.2942325273154891,0.3234449393215699,0.38538810991672157
2024-07,2024-07-01,4,4,GOOGL,-0.06683429993630707,-0.14006234746836888,-0.0862254977182002,0.17821082330936555,0.33586116418376477,0.2978178525802926,0.3259029928911099,0.3893521156179647
2024-07,2024-07-01,4,5,CRWD,-0.42822898199536796,-0.3201580766213402,-0.2983552258600428,0.22704089111061765,0.24650345291936127,0.3099174943800844,0.5883591675075617,0.6685103856241341
2024-07,2024-07-01,4,6,QCOM,-0.1801228958118004,-0.1839222517837067,-0.16694140119089318,0.16963526286001085,0.23152717031218284,0.4305854695770821,0.43956322120101254,0.5567976669128321
2024-07,2024-07-01,4,7,MRNA,-0.1878395804444828,-0.3709357105549107,-0.44864163874266527,0.09801135060297872,0.2197559428378073,0.17097556937113145,0.03066663953993065,0.45246140910316845
2024-07,2024-07-01,4,8,CEG,-0.13401611422641946,-0.13137717150502992,0.29775523563022954,0.10422363038680604,0.21046562328934448,0.6122154752984053,0.7853976317226596,0.716442015647152
2024-07,2024-07-01,4,9,AAPL,0.007428006936350373,0.028963598373937582,0.04485281576029787,0.2765042139027265,0.20808185710174376,0.16301492202994483,0.17065800634215966,0.13637804493841021
2024-07,2024-07-01,4,10,AZN,0.04182685114714846,0.10658010606326718,0.01556991117485973,0.15895918316141522,0.2065016513488085,0.18380848560104512,0.1569821829803253,0.22144745031775948
2024-07,2024-07-01,5,1,ARM,-0.2349682003688508,-0.22092805869642895,-0.1432349035933329,0.2515168012596587,0.12152243544159336,1.252268993076746,1.3045560947594739,1.4856024732132442
2024-07,2024-07-01,5,2,NVDA,-0.12139985449854318,-0.13113429587511993,-0.05864828900380736,0.3756760788939766,0.5109085067335113,0.972425095906376,1.580884256810315,1.658547756142731
2024-07,2024-07-01,5,3,CEG,-0.13401611422641946,-0.13137717150502992,0.29775523563022954,0.10422363038680604,0.21046562328934448,0.6122154752984053,0.7853976317226596,0.716442015647152
2024-07,2024-07-01,5,4,MU,-0.2275031459085778,-0.32590123021413675,-0.2366353074880979,0.05808536785071117,0.3835728290484397,0.537752230254738,0.5988214075404807,0.7361151670221049
2024-07,2024-07-01,5,5,TTD,-0.10431765941984517,0.030621618481372792,0.10972746622491925,0.12209373451139371,0.16783885961968537,0.45767002760362874,0.38787372578620927,0.36829613559437613
2024-07,2024-07-01,5,6,QCOM,-0.1801228958118004,-0.1839222517837067,-0.16694140119089318,0.16963526286001085,0.23152717031218284,0.4305854695770821,0.43956322120101254,0.5567976669128321
2024-07,2024-07-01,5,7,AMAT,-0.1731603663195722,-0.22614300181613178,-0.16777765877704953,0.13969442738782423,0.1312382386929738,0.4268786500041917,0.5433434441143745,0.5716463839413835
2024-07,2024-07-01,5,8,KLAC,-0.08655586891089029,-0.10268720658866637,-0.08784941647892064,0.16682725096164663,0.15594877950001207,0.3876108775147751,0.4834627022229674,0.5142399406402436
2024-07,2024-07-01,5,9,AVGO,-0.10397368355109937,-0.06880807527793742,0.024017641747909657,0.21903207677700953,0.18142886827463256,0.37750517407904427,0.5229874971630457,0.7856142102530419
2024-07,2024-07-01,5,10,FANG,-0.02695021942822262,-0.06857759481423609,-0.11805982644316859,0.031479884495344335,0.12981848804922214,0.3698828746438414,0.3324535557940984,0.35611910699149263
2024-07,2024-07-01,6,1,NVDA,-0.12139985449854318,-0.13113429587511993,-0.05864828900380736,0.3756760788939766,0.5109085067335113,0.972425095906376,1.580884256810315,1.658547756142731
2024-07,2024-07-01,6,2,ARM,-0.2349682003688508,-0.22092805869642895,-0.1432349035933329,0.2515168012596587,0.12152243544159336,1.252268993076746,1.3045560947594739,1.4856024732132442
2024-07,2024-07-01,6,3,CEG,-0.13401611422641946,-0.13137717150502992,0.29775523563022954,0.10422363038680604,0.21046562328934448,0.6122154752984053,0.7853976317226596,0.716442015647152
2024-07,2024-07-01,6,4,MU,-0.2275031459085778,-0.32590123021413675,-0.2366353074880979,0.05808536785071117,0.3835728290484397,0.537752230254738,0.5988214075404807,0.7361151670221049
2024-07,2024-07-01,6,5,CRWD,-0.42822898199536796,-0.3201580766213402,-0.2983552258600428,0.22704089111061765,0.24650345291936127,0.3099174943800844,0.5883591675075617,0.6685103856241341
2024-07,2024-07-01,6,6,AMAT,-0.1731603663195722,-0.22614300181613178,-0.16777765877704953,0.13969442738782423,0.1312382386929738,0.4268786500041917,0.5433434441143745,0.5716463839413835
2024-07,2024-07-01,6,7,AVGO,-0.10397368355109937,-0.06880807527793742,0.024017641747909657,0.21903207677700953,0.18142886827463256,0.37750517407904427,0.5229874971630457,0.7856142102530419
2024-07,2024-07-01,6,8,KLAC,-0.08655586891089029,-0.10268720658866637,-0.08784941647892064,0.16682725096164663,0.15594877950001207,0.3876108775147751,0.4834627022229674,0.5142399406402436
2024-07,2024-07-01,6,9,META,-0.013751264383418005,0.014028769242494521,0.1433382963346146,0.028149106649694167,0.005735601913150035,0.2810099124925751,0.46038589335439717,0.5569147337306561
2024-07,2024-07-01,6,10,ASML,-0.143341985112603,-0.18048900951314717,-0.20282377471645097,0.042992384670454964,0.04510783492074677,0.16496913594306717,0.4470956641587298,0.4987743576524182
2024-06,2024-06-03,4,1,NVDA,0.08095833902734073,-0.05026984604956519,-0.06079237163134876,0.3977490641249364,0.8247003836255036,1.387589015810383,1.4594359099305567,1.7174366487118387
2024-06,2024-06-03,4,2,CEG,-0.015413388107183401,-0.14736385995241452,-0.14476559227938224,0.22941507498490887,0.6374541922716224,0.8133474598951997,0.7433123657322349,0.8238790592604126
2024-06,2024-06-03,4,3,MU,0.0261371819858085,-0.20731225504972572,-0.30828218799183404,0.348331249795385,0.49858348108859873,0.558097139065167,0.691893830084519,0.8510880912622099
2024-06,2024-06-03,4,4,MRNA,-0.21560011363059228,-0.3629414591869218,-0.5065620428402198,0.5550180004276182,0.4928298559437432,0.31395562065972227,0.8516848795400536,0.9398951869331895
2024-06,2024-06-03,4,5,QCOM,-0.028556180724440328,-0.20353545457082933,-0.20722631544696546,0.2677286590083785,0.47263839780659755,0.48188005588892,0.6025606792925933,0.8858836609410015
2024-06,2024-06-03,4,6,TTD,0.052196333138153195,-0.05756632558496255,0.08441628781900934,0.10990584441273499,0.38535934948201045,0.3190254347749961,0.3004190306513064,0.3158563849544809
2024-06,2024-06-03,4,7,AMAT,0.10830488674211791,-0.08360959343991914,-0.1423305072732325,0.020692277211073806,0.2874423518951783,0.39252606622628927,0.4180632087270373,0.5923285161458376
2024-06,2024-06-03,4,8,FANG,0.06816638884576287,0.03937907028051746,-0.005085892962687577,0.057717692531103815,0.2824620667236186,0.2474213471872282,0.26957665130887065,0.2552181737449608
2024-06,2024-06-03,4,9,NXPI,-0.012279272402433206,-0.09425783299381285,-0.12206732428050837,0.052786096673124616,0.27272414191632444,0.22571201100500815,0.3241693625964541,0.5786870937239366
2024-06,2024-06-03,4,10,KLAC,0.0976463139666428,0.0026385835044240302,-0.015067919836938115,0.05311589424709817,0.26416939578676013,0.35149426855183674,0.3795335723108537,0.5937058379386078
2024-06,2024-06-03,5,1,NVDA,0.08095833902734073,-0.05026984604956519,-0.06079237163134876,0.3977490641249364,0.8247003836255036,1.387589015810383,1.4594359099305567,1.7174366487118387
2024-06,2024-06-03,5,2,CEG,-0.015413388107183401,-0.14736385995241452,-0.14476559227938224,0.22941507498490887,0.6374541922716224,0.8133474598951997,0.7433123657322349,0.8238790592604126
2024-06,2024-06-03,5,3,MU,0.0261371819858085,-0.20731225504972572,-0.30828218799183404,0.348331249795385,0.49858348108859873,0.558097139065167,0.691893830084519,0.8510880912622099
2024-06,2024-06-03,5,4,QCOM,-0.028556180724440328,-0.20353545457082933,-0.20722631544696546,0.2677286590083785,0.47263839780659755,0.48188005588892,0.6025606792925933,0.8858836609410015
2024-06,2024-06-03,5,5,AMAT,0.10830488674211791,-0.08360959343991914,-0.1423305072732325,0.020692277211073806,0.2874423518951783,0.39252606622628927,0.4180632087270373,0.5923285161458376
2024-06,2024-06-03,5,6,META,0.057992957639808385,0.04344421676350896,0.07283529670272149,-0.04939291452679906,0.21079247573658466,0.380336119261375,0.4715738157689182,0.5327771585946672
2024-06,2024-06-03,5,7,NFLX,0.0628283554802529,-0.014105634110118115,0.06552637241433268,0.02333134552372651,0.11679093286291375,0.35280690889330146,0.3608236318908158,0.5083414669176087
2024-06,2024-06-03,5,8,ASML,0.07044161004537086,-0.0829976152856634,-0.12276133589337668,-0.023666657655012413,0.08830703609670931,0.3518679118774113,0.40014583101724943,0.5933400457391664
2024-06,2024-06-03,5,9,KLAC,0.0976463139666428,0.0026385835044240302,-0.015067919836938115,0.05311589424709817,0.26416939578676013,0.35149426855183674,0.3795335723108537,0.5937058379386078
2024-06,2024-06-03,5,10,TTD,0.052196333138153195,-0.05756632558496255,0.08441628781900934,0.10990584441273499,0.38535934948201045,0.3190254347749961,0.3004190306513064,0.3158563849544809
2024-06,2024-06-03,6,1,NVDA,0.08095833902734073,-0.05026984604956519,-0.06079237163134876,0.3977490641249364,0.8247003836255036,1.387589015810383,1.4594359099305567,1.7174366487118387
2024-06,2024-06-03,6,2,MRNA,-0.21560011363059228,-0.3629414591869218,-0.5065620428402198,0.5550180004276182,0.4928298559437432,0.31395562065972227,0.8516848795400536,0.9398951869331895
2024-06,2024-06-03,6,3,CEG,-0.015413388107183401,-0.14736385995241452,-0.14476559227938224,0.22941507498490887,0.6374541922716224,0.8133474598951997,0.7433123657322349,0.8238790592604126
2024-06,2024-06-03,6,4,MU,0.0261371819858085,-0.20731225504972572,-0.30828218799183404,0.348331249795385,0.49858348108859873,0.558097139065167,0.691893830084519,0.8510880912622099
2024-06,2024-06-03,6,5,QCOM,-0.028556180724440328,-0.20353545457082933,-0.20722631544696546,0.2677286590083785,0.47263839780659755,0.48188005588892,0.6025606792925933,0.8858836609410015
2024-06,2024-06-03,6,6,META,0.057992957639808385,0.04344421676350896,0.07283529670272149,-0.04939291452679906,0.21079247573658466,0.380336119261375,0.4715738157689182,0.5327771585946672
2024-06,2024-06-03,6,7,AVGO,0.24518526914377703,0.11571877000733122,0.1595064674095532,-0.05120234108855548,0.10626523475197702,0.22310111989221748,0.4340148847736356,0.5635729979067872
2024-06,2024-06-03,6,8,AMAT,0.10830488674211791,-0.08360959343991914,-0.1423305072732325,0.020692277211073806,0.2874423518951783,0.39252606622628927,0.4180632087270373,0.5923285161458376
2024-06,2024-06-03,6,9,COST,0.0371355320016431,0.003265793929032146,0.07901822321045593,0.08974552734137897,0.15929303758750213,0.2570496278558614,0.4029328853109282,0.5050897150389206
2024-06,2024-06-03,6,10,ASML,0.07044161004537086,-0.0829976152856634,-0.12276133589337668,-0.023666657655012413,0.08830703609670931,0.3518679118774113,0.40014583101724943,0.5933400457391664
2024-05,2024-05-01,4,1,NVDA,0.3848581301973333,0.49697394420661833,0.3152415251918246,0.3176081678240179,0.7240675876814668,0.7759479157479494,0.9622491210161879,0.8545887452692904
2024-05,2024-05-01,4,2,CEG,0.13013873662582953,0.11271946966325364,-0.03640286988509778,0.44889661702991135,0.6045352673329074,0.5425649163545283,0.6138541226414655,0.7697998941886648
2024-05,2024-05-01,4,3,MU,0.16836832758859321,0.19890618319323106,-0.07384874513247475,0.2826293264740751,0.33356673770927947,0.4480825867442293,0.5843360758355105,0.6206053507426947
2024-05,2024-05-01,4,4,DASH,-0.13055075717222053,-0.14867407095839758,-0.15110624725068533,0.18788439384284428,0.3213767395213476,0.31973490026885387,0.6793148421876358,0.6044813087522904
2024-05,2024-05-01,4,5,META,0.08720597528769125,0.15025626535829684,0.13443878734467196,0.11367349265735083,0.26961785589535303,0.3535372774046033,0.4098314334494628,0.43294426198165015
2024-05,2024-05-01,4,6,FANG,-0.01739801048743217,0.04958241881030179,0.021295942315359362,0.3051694179448996,0.2695082653008136,0.29205585258244815,0.2774431429429811,0.3557740379060301
2024-05,2024-05-01,4,7,AMAT,0.10624529440330588,0.22605706572265682,0.01375257509342176,0.16379464699970359,0.258785979268187,0.2818705000611297,0.43939913164079814,0.3958592936916401
2024-05,2024-05-01,4,8,TTD,0.09015333822843696,0.14705534504227824,0.027397216222444953,0.27079310854865657,0.20994486603002982,0.19287717154043982,0.2070378898190821,0.09066538532584167
2024-05,2024-05-01,4,9,CRWD,0.04484836139489223,0.3273422375301338,-0.24106417760684917,-0.013127543641248574,0.1966462925666539,0.2570310342333657,0.6565180394214887,0.7425977004894171
2024-05,2024-05-01,4,10,ASML,0.1320763410110002,0.2118216211660875,0.03811670438576775,-0.038662856318684935,0.1941490718462735,0.23679453433930941,0.4074492929657332,0.474290497346163
2024-05,2024-05-01,5,1,NVDA,0.3848581301973333,0.49697394420661833,0.3152415251918246,0.3176081678240179,0.7240675876814668,0.7759479157479494,0.9622491210161879,0.8545887452692904
2024-05,2024-05-01,5,2,CEG,0.13013873662582953,0.11271946966325364,-0.03640286988509778,0.44889661702991135,0.6045352673329074,0.5425649163545283,0.6138541226414655,0.7697998941886648
2024-05,2024-05-01,5,3,MU,0.16836832758859321,0.19890618319323106,-0.07384874513247475,0.2826293264740751,0.33356673770927947,0.4480825867442293,0.5843360758355105,0.6206053507426947
2024-05,2024-05-01,5,4,MRNA,0.3262157593612556,0.040283490944286626,-0.15512292353801016,0.12563121453385073,-0.009244452582465312,0.39621691754883037,0.46272970535917923,0.07888879797191461
2024-05,2024-05-01,5,5,META,0.08720597528769125,0.15025626535829684,0.13443878734467196,0.11367349265735083,0.26961785589535303,0.3535372774046033,0.4098314334494628,0.43294426198165015
2024-05,2024-05-01,5,6,AVGO,0.0635951365785139,0.3243729964005291,0.18667305756915908,0.040118741338672326,0.1499687031541148,0.34827138208503605,0.4700828765884124,0.5017570712797992
2024-05,2024-05-01,5,7,DASH,-0.13055075717222053,-0.14867407095839758,-0.15110624725068533,0.18788439384284428,0.3213767395213476,0.31973490026885387,0.6793148421876358,0.6044813087522904
2024-05,2024-05-01,5,8,FANG,-0.01739801048743217,0.04958241881030179,0.021295942315359362,0.3051694179448996,0.2695082653008136,0.29205585258244815,0.2774431429429811,0.3557740379060301
2024-05,2024-05-01,5,9,AMAT,0.10624529440330588,0.22605706572265682,0.01375257509342176,0.16379464699970359,0.258785979268187,0.2818705000611297,0.43939913164079814,0.3958592936916401
2024-05,2024-05-01,5,10,QCOM,0.2598490779094791,0.2238725999551765,0.0034251231465329823,0.16890064344072764,0.17623617135781577,0.2720259175422741,0.4969123635589179,0.4940827073094025
2024-05,2024-05-01,6,1,NVDA,0.3848581301973333,0.49697394420661833,0.3152415251918246,0.3176081678240179,0.7240675876814668,0.7759479157479494,0.9622491210161879,0.8545887452692904
2024-05,2024-05-01,6,2,DASH,-0.13055075717222053,-0.14867407095839758,-0.15110624725068533,0.18788439384284428,0.3213767395213476,0.31973490026885387,0.6793148421876358,0.6044813087522904
2024-05,2024-05-01,6,3,CRWD,0.04484836139489223,0.3273422375301338,-0.24106417760684917,-0.013127543641248574,0.1966462925666539,0.2570310342333657,0.6565180394214887,0.7425977004894171
2024-05,2024-05-01,6,4,CEG,0.13013873662582953,0.11271946966325364,-0.03640286988509778,0.44889661702991135,0.6045352673329074,0.5425649163545283,0.6138541226414655,0.7697998941886648
2024-05,2024-05-01,6,5,MU,0.16836832758859321,0.19890618319323106,-0.07384874513247475,0.2826293264740751,0.33356673770927947,0.4480825867442293,0.5843360758355105,0.6206053507426947
2024-05,2024-05-01,6,6,DDOG,-0.13510522131339775,0.032273389417410314,-0.10536307457482819,-0.003782532318060583,0.09854011259522344,0.06575615614364017,0.5782771607641093,0.3765244251952127
2024-05,2024-05-01,6,7,QCOM,0.2598490779094791,0.2238725999551765,0.0034251231465329823,0.16890064344072764,0.17623617135781577,0.2720259175422741,0.4969123635589179,0.4940827073094025
2024-05,2024-05-01,6,8,AVGO,0.0635951365785139,0.3243729964005291,0.18667305756915908,0.040118741338672326,0.1499687031541148,0.34827138208503605,0.4700828765884124,0.5017570712797992
2024-05,2024-05-01,6,9,MRNA,0.3262157593612556,0.040283490944286626,-0.15512292353801016,0.12563121453385073,-0.009244452582465312,0.39621691754883037,0.46272970535917923,0.07888879797191461
2024-05,2024-05-01,6,10,NXPI,0.08222749665165496,0.0689385304188661,-0.019780921989048794,0.1760227363045701,0.13258258064712392,0.22355915617867073,0.4587386650295773,0.25711401024141955
2024-04,2024-04-01,4,1,NVDA,-0.08102870847022559,0.272644864492952,0.3756760788939766,0.8760842733307599,0.9325390598346122,1.1352670525209891,1.0181139088491342,0.8632134754725187
2024-04,2024-04-01,4,2,MU,-0.11745774383067242,0.031134419866821084,0.05808536785071117,0.511051429421207,0.6408082181012251,0.7951957141546029,0.8362920748712115,0.7728998658620803
2024-04,2024-04-01,4,3,CEG,-0.007635203218847919,0.12150989770619924,0.10422363038680604,0.6168804783658184,0.5544333307247624,0.6262710324632481,0.7834166426793974,0.7408632522350735
2024-04,2024-04-01,4,4,META,-0.10615648215623252,-0.028207986428085752,0.028149106649694167,0.42040282280960284,0.514288855245896,0.5772687336262403,0.6031265354347075,0.65959700176046
2024-04,2024-04-01,4,5,AMD,-0.2131013027480636,-0.1079414949352373,-0.13990397299458956,0.3229902865884189,0.5103385555624693,0.696964039099164,0.7753462021652944,0.6751027999077084
2024-04,2024-04-01,4,6,AVGO,-0.07954022009647,-0.021003454678476086,0.21903207677700953,0.2493416097709764,0.4647803320926671,0.5971179932951405,0.6315292683806268,0.5697802049100751
2024-04,2024-04-01,4,7,ASML,-0.13931855443639862,-0.025642898330299757,0.042992384670454964,0.38744604987308273,0.43699453579996406,0.635273189889775,0.7129339838164526,0.5052160221891437
2024-04,2024-04-01,4,8,DASH,-0.07804702289712362,-0.198408682135087,-0.21511752523522254,0.43323658834923573,0.4314557608089278,0.8214755892048593,0.7403070965660044,0.6450499582807208
2024-04,2024-04-01,4,9,MRVL,-0.1274090857322503,-0.06738611869068967,-0.02923910128328866,0.2597122734045294,0.3878307803247165,0.5362150879631025,0.34383624280302727,0.2659193423971651
2024-04,2024-04-01,4,10,AMAT,-0.07043933006815561,0.028322116974487388,0.13969442738782423,0.3541730195625439,0.3790068163653231,0.5484724969552932,0.5016333401820721,0.36043146420289607
2024-04,2024-04-01,5,1,NVDA,-0.08102870847022559,0.272644864492952,0.3756760788939766,0.8760842733307599,0.9325390598346122,1.1352670525209891,1.0181139088491342,0.8632134754725187
2024-04,2024-04-01,5,2,DASH,-0.07804702289712362,-0.198408682135087,-0.21511752523522254,0.43323658834923573,0.4314557608089278,0.8214755892048593,0.7403070965660044,0.6450499582807208
2024-04,2024-04-01,5,3,MU,-0.11745774383067242,0.031134419866821084,0.05808536785071117,0.511051429421207,0.6408082181012251,0.7951957141546029,0.8362920748712115,0.7728998658620803
2024-04,2024-04-01,5,4,CRWD,-0.07556555015242561,-0.03410617985977327,0.22704089111061765,0.29446310959523747,0.3597838488609242,0.791925906368617,0.8850419310712032,0.9821993723671774
2024-04,2024-04-01,5,5,AMD,-0.2131013027480636,-0.1079414949352373,-0.13990397299458956,0.3229902865884189,0.5103385555624693,0.696964039099164,0.7753462021652944,0.6751027999077084
2024-04,2024-04-01,5,6,ASML,-0.13931855443639862,-0.025642898330299757,0.042992384670454964,0.38744604987308273,0.43699453579996406,0.635273189889775,0.7129339838164526,0.5052160221891437
2024-04,2024-04-01,5,7,CEG,-0.007635203218847919,0.12150989770619924,0.10422363038680604,0.6168804783658184,0.5544333307247624,0.6262710324632481,0.7834166426793974,0.7408632522350735
2024-04,2024-04-01,5,8,LRCX,-0.11579851777478634,-0.047016018234429025,0.0823222717590486,0.31309639763854125,0.3663105444893102,0.6262577228482846,0.5638244684303504,0.409720867050563
2024-04,2024-04-01,5,9,AVGO,-0.07954022009647,-0.021003454678476086,0.21903207677700953,0.2493416097709764,0.4647803320926671,0.5971179932951405,0.6315292683806268,0.5697802049100751
2024-04,2024-04-01,5,10,META,-0.10615648215623252,-0.028207986428085752,0.028149106649694167,0.42040282280960284,0.514288855245896,0.5772687336262403,0.6031265354347075,0.65959700176046
2024-04,2024-04-01,6,1,NVDA,-0.08102870847022559,0.272644864492952,0.3756760788939766,0.8760842733307599,0.9325390598346122,1.1352670525209891,1.0181139088491342,0.8632134754725187
2024-04,2024-04-01,6,2,CRWD,-0.07556555015242561,-0.03410617985977327,0.22704089111061765,0.29446310959523747,0.3597838488609242,0.791925906368617,0.8850419310712032,0.9821993723671774
2024-04,2024-04-01,6,3,MU,-0.11745774383067242,0.031134419866821084,0.05808536785071117,0.511051429421207,0.6408082181012251,0.7951957141546029,0.8362920748712115,0.7728998658620803
2024-04,2024-04-01,6,4,CEG,-0.007635203218847919,0.12150989770619924,0.10422363038680604,0.6168804783658184,0.5544333307247624,0.6262710324632481,0.7834166426793974,0.7408632522350735
2024-04,2024-04-01,6,5,AMD,-0.2131013027480636,-0.1079414949352373,-0.13990397299458956,0.3229902865884189,0.5103385555624693,0.696964039099164,0.7753462021652944,0.6751027999077084
2024-04,2024-04-01,6,6,DASH,-0.07804702289712362,-0.198408682135087,-0.21511752523522254,0.43323658834923573,0.4314557608089278,0.8214755892048593,0.7403070965660044,0.6450499582807208
2024-04,2024-04-01,6,7,ASML,-0.13931855443639862,-0.025642898330299757,0.042992384670454964,0.38744604987308273,0.43699453579996406,0.635273189889775,0.7129339838164526,0.5052160221891437
2024-04,2024-04-01,6,8,AVGO,-0.07954022009647,-0.021003454678476086,0.21903207677700953,0.2493416097709764,0.4647803320926671,0.5971179932951405,0.6315292683806268,0.5697802049100751
2024-04,2024-04-01,6,9,NFLX,-0.1019029211051724,0.03171040467050945,0.09653107272782369,0.31122735873284,0.31899768164634645,0.46198144371658034,0.6152025406306423,0.3965399928368194
2024-04,2024-04-01,6,10,META,-0.10615648215623252,-0.028207986428085752,0.028149106649694167,0.42040282280960284,0.514288855245896,0.5772687336262403,0.6031265354347075,0.65959700176046
2024-03,2024-03-01,4,1,NVDA,0.09830252187583266,0.009308487018642175,0.3977490641249364,0.7595689906401701,0.9441520072940244,0.8374845442422558,0.6964483267235568,0.7694757552249107
2024-03,2024-03-01,4,2,AMD,-0.0952428104514873,-0.2880477462149521,-0.1929036540447575,0.6693302612120173,0.8756016074831903,0.9622349760505562,0.8514390592945822,0.7231292688684952
2024-03,2024-03-01,4,3,CRWD,0.015861379966830347,-0.060902744088965455,-0.018785770970915827,0.3385525581308382,0.763947268501463,0.855609405224907,0.9512498569754662,0.8956374631022985
2024-03,2024-03-01,4,4,DASH,0.08490935940447253,0.00023541378972802285,-0.1303460768309903,0.31942428959658087,0.6789196013616308,0.6041036806257178,0.5163017481789631,0.4716480620685062
2024-03,2024-03-01,4,5,AVGO,-0.030846775256149095,-0.10793343605947858,-0.05120234108855548,0.5114022165894474,0.6479519982170641,0.6834585354775486,0.6197440867257817,0.5361511558952359
2024-03,2024-03-01,4,6,ASML,0.0020282509070861376,-0.13757287651372208,-0.023666657655012413,0.4340858498741176,0.6319631591319346,0.7094667563173185,0.5021692460532394,0.40426547050392947
2024-03,2024-03-01,4,7,MRVL,-0.05682254360342942,-0.17699192100618588,-0.12037961162655153,0.4714418489463832,0.6287656978488914,0.42479682236806426,0.34218575074264046,0.17973105001684808
2024-03,2024-03-01,4,8,DDOG,-0.05429273251842193,-0.02918140850972173,-0.1603440691681769,0.09779125110039955,0.6257178988932806,0.4179007666943686,0.33244650309801194,0.13284040607096714
2024-03,2024-03-01,4,9,LRCX,0.0024178550765181495,-0.11366064673232323,-0.04471184107627668,0.3630149718203244,0.6223351515662565,0.5600524876035635,0.4063205876784328,0.37893667931851427
2024-03,2024-03-01,4,10,META,-0.021799858203038758,-0.125642144100932,-0.04939291452679906,0.5480358165396866,0.6124192445206411,0.6388533051015017,0.6965822543347493,0.5581575258620146
2024-03,2024-03-01,5,1,AMD,-0.0952428104514873,-0.2880477462149521,-0.1929036540447575,0.6693302612120173,0.8756016074831903,0.9622349760505562,0.8514390592945822,0.7231292688684952
2024-03,2024-03-01,5,2,CRWD,0.015861379966830347,-0.060902744088965455,-0.018785770970915827,0.3385525581308382,0.763947268501463,0.855609405224907,0.9512498569754662,0.8956374631022985
2024-03,2024-03-01,5,3,NVDA,0.09830252187583266,0.009308487018642175,0.3977490641249364,0.7595689906401701,0.9441520072940244,0.8374845442422558,0.6964483267235568,0.7694757552249107
2024-03,2024-03-01,5,4,ASML,0.0020282509070861376,-0.13757287651372208,-0.023666657655012413,0.4340858498741176,0.6319631591319346,0.7094667563173185,0.5021692460532394,0.40426547050392947
2024-03,2024-03-01,5,5,AVGO,-0.030846775256149095,-0.10793343605947858,-0.05120234108855548,0.5114022165894474,0.6479519982170641,0.6834585354775486,0.6197440867257817,0.5361511558952359
2024-03,2024-03-01,5,6,META,-0.021799858203038758,-0.125642144100932,-0.04939291452679906,0.5480358165396866,0.6124192445206411,0.6388533051015017,0.6965822543347493,0.5581575258620146
2024-03,2024-03-01,5,7,NFLX,-0.008121522385401203,-0.10919683663568014,0.02333134552372651,0.32979766313555614,0.47395217933606903,0.6284278538990946,0.4079748924438853,0.41201948833552504
2024-03,2024-03-01,5,8,CEG,0.09621419971362322,0.08784438152742302,0.22941507498490887,0.4180014554918601,0.48353399626468785,0.6268870109010629,0.5880685113273112,0.774035016342369
2024-03,2024-03-01,5,9,DASH,0.08490935940447253,0.00023541378972802285,-0.1303460768309903,0.31942428959658087,0.6789196013616308,0.6041036806257178,0.5163017481789631,0.4716480620685062
2024-03,2024-03-01,5,10,KLAC,-0.009323120841297605,-0.07181186646387294,0.05311589424709817,0.3099541843845408,0.5133242662508597,0.565560970339084,0.42231927892098575,0.4060568926629886
2024-03,2024-03-01,6,1,CRWD,0.015861379966830347,-0.060902744088965455,-0.018785770970915827,0.3385525581308382,0.763947268501463,0.855609405224907,0.9512498569754662,0.8956374631022985
2024-03,2024-03-01,6,2,AMD,-0.0952428104514873,-0.2880477462149521,-0.1929036540447575,0.6693302612120173,0.8756016074831903,0.9622349760505562,0.8514390592945822,0.7231292688684952
2024-03,2024-03-01,6,3,META,-0.021799858203038758,-0.125642144100932,-0.04939291452679906,0.5480358165396866,0.6124192445206411,0.6388533051015017,0.6965822543347493,0.5581575258620146
2024-03,2024-03-01,6,4,NVDA,0.09830252187583266,0.009308487018642175,0.3977490641249364,0.7595689906401701,0.9441520072940244,0.8374845442422558,0.6964483267235568,0.7694757552249107
2024-03,2024-03-01,6,5,AVGO,-0.030846775256149095,-0.10793343605947858,-0.05120234108855548,0.5114022165894474,0.6479519982170641,0.6834585354775486,0.6197440867257817,0.5361511558952359
2024-03,2024-03-01,6,6,CEG,0.09621419971362322,0.08784438152742302,0.22941507498490887,0.4180014554918601,0.48353399626468785,0.6268870109010629,0.5880685113273112,0.774035016342369
2024-03,2024-03-01,6,7,DASH,0.08490935940447253,0.00023541378972802285,-0.1303460768309903,0.31942428959658087,0.6789196013616308,0.6041036806257178,0.5163017481789631,0.4716480620685062
2024-03,2024-03-01,6,8,ASML,0.0020282509070861376,-0.13757287651372208,-0.023666657655012413,0.4340858498741176,0.6319631591319346,0.7094667563173185,0.5021692460532394,0.40426547050392947
2024-03,2024-03-01,6,9,QCOM,0.05291556215638771,0.006254384939483604,0.2677286590083785,0.2641196267867931,0.4876082886823321,0.4847962201916336,0.42959420565750617,0.257790367569547
2024-03,2024-03-01,6,10,KLAC,-0.009323120841297605,-0.07181186646387294,0.05311589424709817,0.3099541843845408,0.5133242662508597,0.565560970339084,0.42231927892098575,0.4060568926629886
2024-02,2024-02-01,4,1,CRWD,0.05087353854672827,0.06754184303870558,-0.013127543641248574,0.6785533214023609,0.7657780286208957,0.8567884577947258,0.8038682996279545,1.0510412534034592
2024-02,2024-02-01,4,2,AMD,0.18864385539701356,0.07543407398311075,-0.15374232820234757,0.5779340455655062,0.6508182557298956,0.5576062172770762,0.4496598464246977,0.4719391830144988
2024-02,2024-02-01,4,3,ASML,0.11468797478818016,0.11694884168416242,-0.038662856318684935,0.46405379446391715,0.5335832044318605,0.34761411267461706,0.25978345713362216,0.2192881114294254
2024-02,2024-02-01,4,4,NFLX,0.09132876438115534,0.08246551339140162,-0.02784088441879229,0.3506032530645178,0.49215150103965644,0.2901473308479008,0.2938534513348223,0.2855880336171055
2024-02,2024-02-01,4,5,ZS,-0.07909771496330487,-0.19293452552639156,-0.27619087908213946,0.5196936280502236,0.4796444680321774,0.503093763223063,0.46228496987748247,0.6239852889406199
2024-02,2024-02-01,4,6,AVGO,0.16596539247493003,0.12999912005680803,0.040118741338672326,0.41337985574258584,0.44383233528412425,0.3891871038193002,0.3174929254414087,0.3829738738866617
2024-02,2024-02-01,4,7,PANW,-0.11050977200729217,-0.1781039138028554,-0.15480779096343245,0.38842604089387867,0.43586600957056065,0.4006674337133487,0.3428526432023531,0.33510054208130624
2024-02,2024-02-01,4,8,NVDA,0.30545634438887004,0.4337859952411014,0.3176081678240179,0.48925087817023116,0.4075419313255142,0.2995059804299498,0.35544613408981096,0.48628333805322543
2024-02,2024-02-01,4,9,MELI,-0.0775219227044438,-0.12545477523598458,-0.16688975143678464,0.34482043689191855,0.38817381301524345,0.2297628170864432,0.4443820175426654,0.4645277732329842
2024-02,2024-02-01,4,10,DDOG,0.026162329825875963,-0.029550827067840957,-0.003782532318060583,0.5842697121508444,0.3817509427918335,0.29847536239622774,0.103958285297018,0.2910774274479826
2024-02,2024-02-01,5,1,CRWD,0.05087353854672827,0.06754184303870558,-0.013127543641248574,0.6785533214023609,0.7657780286208957,0.8567884577947258,0.8038682996279545,1.0510412534034592
2024-02,2024-02-01,5,2,AMD,0.18864385539701356,0.07543407398311075,-0.15374232820234757,0.5779340455655062,0.6508182557298956,0.5576062172770762,0.4496598464246977,0.4719391830144988
2024-02,2024-02-01,5,3,ZS,-0.07909771496330487,-0.19293452552639156,-0.27619087908213946,0.5196936280502236,0.4796444680321774,0.503093763223063,0.46228496987748247,0.6239852889406199
2024-02,2024-02-01,5,4,PANW,-0.11050977200729217,-0.1781039138028554,-0.15480779096343245,0.38842604089387867,0.43586600957056065,0.4006674337133487,0.3428526432023531,0.33510054208130624
2024-02,2024-02-01,5,5,AVGO,0.16596539247493003,0.12999912005680803,0.040118741338672326,0.41337985574258584,0.44383233528412425,0.3891871038193002,0.3174929254414087,0.3829738738866617
2024-02,2024-02-01,5,6,ASML,0.11468797478818016,0.11694884168416242,-0.038662856318684935,0.46405379446391715,0.5335832044318605,0.34761411267461706,0.25978345713362216,0.2192881114294254
2024-02,2024-02-01,5,7,META,0.27370445080773464,0.24593787438754666,0.11367349265735083,0.26592887659150954,0.28668256129764136,0.33200622268285374,0.22332737777110734,0.3802530110229132
2024-02,2024-02-01,5,8,COST,0.06381995475200175,0.023790385674565595,0.026826891659677,0.29828237230771615,0.26530905586957476,0.3282194922263735,0.30385003760171503,0.33862499448715866
2024-02,2024-02-01,5,9,NVDA,0.30545634438887004,0.4337859952411014,0.3176081678240179,0.48925087817023116,0.4075419313255142,0.2995059804299498,0.35544613408981096,0.48628333805322543
2024-02,2024-02-01,5,10,DDOG,0.026162329825875963,-0.029550827067840957,-0.003782532318060583,0.5842697121508444,0.3817509427918335,0.29847536239622774,0.103958285297018,0.2910774274479826
2024-02,2024-02-01,6,1,CRWD,0.05087353854672827,0.06754184303870558,-0.013127543641248574,0.6785533214023609,0.7657780286208957,0.8567884577947258,0.8038682996279545,1.0510412534034592
2024-02,2024-02-01,6,2,ZS,-0.07909771496330487,-0.19293452552639156,-0.27619087908213946,0.5196936280502236,0.4796444680321774,0.503093763223063,0.46228496987748247,0.6239852889406199
2024-02,2024-02-01,6,3,AMD,0.18864385539701356,0.07543407398311075,-0.15374232820234757,0.5779340455655062,0.6508182557298956,0.5576062172770762,0.4496598464246977,0.4719391830144988
2024-02,2024-02-01,6,4,MELI,-0.0775219227044438,-0.12545477523598458,-0.16688975143678464,0.34482043689191855,0.38817381301524345,0.2297628170864432,0.4443820175426654,0.4645277732329842
2024-02,2024-02-01,6,5,AMGN,-0.1295248961147869,-0.1211096631008054,-0.13871615514069513,0.2540710885687085,0.22831263589530404,0.2742470042387317,0.42065409221986005,0.4655450720816736
2024-02,2024-02-01,6,6,PDD,0.0020538916482506497,-0.05869336354153387,-0.01658897649792046,0.22986491754168492,0.2700912878849926,0.22557842207222456,0.40515042161954895,0.7757047932695236
2024-02,2024-02-01,6,7,TEAM,-0.1792859868282347,-0.2413887809047356,-0.32220475319970654,0.43323016670644754,0.2908942835490309,0.24675958768057082,0.40324801795337506,0.5209738019360155
2024-02,2024-02-01,6,8,NVDA,0.30545634438887004,0.4337859952411014,0.3176081678240179,0.48925087817023116,0.4075419313255142,0.2995059804299498,0.35544613408981096,0.48628333805322543
2024-02,2024-02-01,6,9,PANW,-0.11050977200729217,-0.1781039138028554,-0.15480779096343245,0.38842604089387867,0.43586600957056065,0.4006674337133487,0.3428526432023531,0.33510054208130624
2024-02,2024-02-01,6,10,CEG,0.3318969529405862,0.46004435236877805,0.44889661702991135,0.11385043188912958,0.22148114184749224,0.19233586939375824,0.33196116443214496,0.40030422545955213
2024-01,2024-01-02,4,1,CRWD,0.21256428311101305,0.2742517189082472,0.29446310959523747,0.4562345709957174,0.5312907395151543,0.48764756207387494,0.6914907374157597,0.5670580425729408
2024-01,2024-01-02,4,2,PDD,-0.1308019989810012,-0.12901676046603217,-0.18181815324438377,0.46122205342857336,0.41001063122030357,0.6166056755448466,1.0429232363486656,1.10797520783448
2024-01,2024-01-02,4,3,ZS,0.12096813595173961,0.0323021178512819,-0.09530531948831289,0.31997014061056217,0.3408889289675354,0.30448397503819624,0.448734568678709,0.572063075536712
2024-01,2024-01-02,4,4,INTC,-0.0928870166330742,-0.0805764260427233,-0.06588918519400333,0.3524301427344221,0.3099474320971436,0.3444053664955764,0.43157973465795574,0.5460876045479044
2024-01,2024-01-02,4,5,AMD,0.23019189980509758,0.46226004266250786,0.3229902865884189,0.3419193021767084,0.26614897848364283,0.17840139140435807,0.19651184766189878,0.1599564779031739
2024-01,2024-01-02,4,6,AVGO,0.10561290499780984,0.2891063847011188,0.2493416097709764,0.30591125407222397,0.2564859703967115,0.19164032862299019,0.25086625493883985,0.3952148308095562
2024-01,2024-01-02,4,7,LULU,-0.0859551268781974,-0.09276189091351772,-0.23780124166892702,0.32001260047781055,0.25035256149383667,0.32572602033272413,0.3320154977592211,0.539150283199588
2024-01,2024-01-02,4,8,SIRI,-0.047358726951902796,-0.21805783878659302,-0.2986327951595562,0.2807678857609033,0.22669081572265792,0.11399087105666594,0.19820209303006409,0.49937179810411236
2024-01,2024-01-02,4,9,COST,0.08432431412836872,0.15352584279253678,0.11012080775779154,0.16691015721314906,0.22492825709073871,0.20245393431928305,0.23452455787013227,0.30301790484513247
2024-01,2024-01-02,4,10,QCOM,0.0062755786458423835,0.16892526279878495,0.230779600198586,0.270223398745401,0.2229988102358189,0.07602291403813988,0.18345500435613138,0.22698000320197576
2024-01,2024-01-02,5,1,PDD,-0.1308019989810012,-0.12901676046603217,-0.18181815324438377,0.46122205342857336,0.41001063122030357,0.6166056755448466,1.0429232363486656,1.10797520783448
2024-01,2024-01-02,5,2,CRWD,0.21256428311101305,0.2742517189082472,0.29446310959523747,0.4562345709957174,0.5312907395151543,0.48764756207387494,0.6914907374157597,0.5670580425729408
2024-01,2024-01-02,5,3,INTC,-0.0928870166330742,-0.0805764260427233,-0.06588918519400333,0.3524301427344221,0.3099474320971436,0.3444053664955764,0.43157973465795574,0.5460876045479044
2024-01,2024-01-02,5,4,LULU,-0.0859551268781974,-0.09276189091351772,-0.23780124166892702,0.32001260047781055,0.25035256149383667,0.32572602033272413,0.3320154977592211,0.539150283199588
2024-01,2024-01-02,5,5,ZS,0.12096813595173961,0.0323021178512819,-0.09530531948831289,0.31997014061056217,0.3408889289675354,0.30448397503819624,0.448734568678709,0.572063075536712
2024-01,2024-01-02,5,6,AMGN,0.09136163219148297,-0.04999686984178309,-0.04081280740437254,0.1254863646148343,0.16757540915196922,0.3017262567377865,0.3428592584282264,0.41016816350330343
2024-01,2024-01-02,5,7,MELI,0.14329435129053292,0.054663974961361106,-0.00013738457919165725,0.2141875899660437,0.07563097438407351,0.26335096111711676,0.28097175638089,0.2155291731760094
2024-01,2024-01-02,5,8,TEAM,0.12454226830009607,-0.07707240200214804,-0.14690961892071008,0.1479286461151872,0.10868183689104316,0.24783928315525383,0.352527019046764,0.27874311854502465
2024-01,2024-01-02,5,9,REGN,0.05832048463248185,0.08598892061654162,0.07106091781932822,0.10631634768762255,0.0882243121375772,0.2245118718156356,0.2602874888215141,0.23774217297174416
2024-01,2024-01-02,5,10,ROST,0.03943920875439666,0.08679540475695502,0.056463480805754696,0.20581770327857218,0.1341819676864362,0.21423466911775635,0.24548380994893293,0.37622327878433204
2024-01,2024-01-02,6,1,PDD,-0.1308019989810012,-0.12901676046603217,-0.18181815324438377,0.46122205342857336,0.41001063122030357,0.6166056755448466,1.0429232363486656,1.10797520783448
2024-01,2024-01-02,6,2,CRWD,0.21256428311101305,0.2742517189082472,0.29446310959523747,0.4562345709957174,0.5312907395151543,0.48764756207387494,0.6914907374157597,0.5670580425729408
2024-01,2024-01-02,6,3,ZS,0.12096813595173961,0.0323021178512819,-0.09530531948831289,0.31997014061056217,0.3408889289675354,0.30448397503819624,0.448734568678709,0.572063075536712
2024-01,2024-01-02,6,4,INTC,-0.0928870166330742,-0.0805764260427233,-0.06588918519400333,0.3524301427344221,0.3099474320971436,0.3444053664955764,0.43157973465795574,0.5460876045479044
2024-01,2024-01-02,6,5,TEAM,0.12454226830009607,-0.07707240200214804,-0.14690961892071008,0.1479286461151872,0.10868183689104316,0.24783928315525383,0.352527019046764,0.27874311854502465
2024-01,2024-01-02,6,6,AMGN,0.09136163219148297,-0.04999686984178309,-0.04081280740437254,0.1254863646148343,0.16757540915196922,0.3017262567377865,0.3428592584282264,0.41016816350330343
2024-01,2024-01-02,6,7,INTU,0.04977719637872435,0.10561165470889322,0.06135544165231677,0.1680412972109464,0.10045823786000563,0.189403769544505,0.34167118786249717,0.4352754904271885
2024-01,2024-01-02,6,8,LULU,-0.0859551268781974,-0.09276189091351772,-0.23780124166892702,0.32001260047781055,0.25035256149383667,0.32572602033272413,0.3320154977592211,0.539150283199588
2024-01,2024-01-02,6,9,MU,0.039713275054477526,0.15557444752661098,0.511051429421207,0.2152412810823947,0.17328889761295008,0.16715392060161238,0.2948858398774268,0.19761504236726402
2024-01,2024-01-02,6,10,MELI,0.14329435129053292,0.054663974961361106,-0.00013738457919165725,0.2141875899660437,0.07563097438407351,0.26335096111711676,0.28097175638089,0.2155291731760094
2023-12,2023-12-01,4,1,PDD,0.0025469477958681708,-0.12858819704813285,-0.12679841162386307,0.4064285311727869,0.6124987254701701,1.037733236174224,1.1026199446010296,1.1179473979970251
2023-12,2023-12-01,4,2,CRWD,0.05046164605348369,0.27375227278245706,0.3385525581308382,0.4577312225230825,0.41618455815390365,0.6102355985776167,0.49178035053471625,0.978533521069916
2023-12,2023-12-01,4,3,MELI,-0.07436394141665437,0.05827447712917189,-0.023764995086921314,0.16204523841723506,0.36484631232995857,0.38388273069371737,0.3131826076831268,0.2789919703791546
2023-12,2023-12-01,4,4,CEG,-0.0386219936950265,0.06464802127609848,0.4180014554918601,0.11993433093935746,0.2510812379434493,0.3152743418253223,0.3555258365127223,0.5692177787501758
2023-12,2023-12-01,4,5,INTC,0.0928211263208989,-0.008687767816645375,0.004765505657977398,0.1986842133142357,0.23021538851620038,0.3099854131458133,0.4147673094067794,0.45947403879678794
2023-12,2023-12-01,4,6,LULU,0.08308870523214185,-0.010008321846429524,-0.017380651092265276,0.15443227821847216,0.2240234931159928,0.22983047586460237,0.4210750013035147,0.21200549933129098
2023-12,2023-12-01,4,7,ZS,0.07241325267023035,0.20214108481569015,0.10705447194326045,0.2503472198136496,0.21640046110035183,0.35091072874329576,0.4659116451819205,1.2315754287407743
2023-12,2023-12-01,4,8,SNPS,-0.08606861099860263,-0.010916590469612686,0.08313787051527832,0.18570964816736124,0.20385440280537503,0.2579433876824333,0.20110006959525295,0.4691352164742695
2023-12,2023-12-01,4,9,AMGN,0.09153954841673717,0.1912643831616445,0.0369659876873869,0.06965928155834678,0.1925598652159899,0.2302433387558196,0.2919075314758246,0.1696478760416491
2023-12,2023-12-01,4,10,PANW,-0.02444621199638808,0.14792678625361178,0.02106965882366163,0.22017139985432732,0.16980687207840472,0.16305374007218432,0.3661147323862828,0.6157119407056619
2023-12,2023-12-01,5,1,PDD,0.0025469477958681708,-0.12858819704813285,-0.12679841162386307,0.4064285311727869,0.6124987254701701,1.037733236174224,1.1026199446010296,1.1179473979970251
2023-12,2023-12-01,5,2,CRWD,0.05046164605348369,0.27375227278245706,0.3385525581308382,0.4577312225230825,0.41618455815390365,0.6102355985776167,0.49178035053471625,0.978533521069916
2023-12,2023-12-01,5,3,MELI,-0.07436394141665437,0.05827447712917189,-0.023764995086921314,0.16204523841723506,0.36484631232995857,0.38388273069371737,0.3131826076831268,0.2789919703791546
2023-12,2023-12-01,5,4,ZS,0.07241325267023035,0.20214108481569015,0.10705447194326045,0.2503472198136496,0.21640046110035183,0.35091072874329576,0.4659116451819205,1.2315754287407743
2023-12,2023-12-01,5,5,CEG,-0.0386219936950265,0.06464802127609848,0.4180014554918601,0.11993433093935746,0.2510812379434493,0.3152743418253223,0.3555258365127223,0.5692177787501758
2023-12,2023-12-01,5,6,INTC,0.0928211263208989,-0.008687767816645375,0.004765505657977398,0.1986842133142357,0.23021538851620038,0.3099854131458133,0.4147673094067794,0.45947403879678794
2023-12,2023-12-01,5,7,INTU,0.05126046257695882,0.10358926106784061,0.16228581955974786,0.04679884484806762,0.13140730759427122,0.2762500214015977,0.36529008891753834,0.3023803344503275
2023-12,2023-12-01,5,8,ADBE,-0.05290049296900323,0.025209403203361846,-0.06782369751067996,0.0874628412291647,0.11540702592376961,0.26227815067536353,0.43519618208113653,0.6369637329797107
2023-12,2023-12-01,5,9,SNPS,-0.08606861099860263,-0.010916590469612686,0.08313787051527832,0.18570964816736124,0.20385440280537503,0.2579433876824333,0.20110006959525295,0.4691352164742695
2023-12,2023-12-01,5,10,AMGN,0.09153954841673717,0.1912643831616445,0.0369659876873869,0.06965928155834678,0.1925598652159899,0.2302433387558196,0.2919075314758246,0.1696478760416491
2023-12,2023-12-01,6,1,PDD,0.0025469477958681708,-0.12858819704813285,-0.12679841162386307,0.4064285311727869,0.6124987254701701,1.037733236174224,1.1026199446010296,1.1179473979970251
2023-12,2023-12-01,6,2,CRWD,0.05046164605348369,0.27375227278245706,0.3385525581308382,0.4577312225230825,0.41618455815390365,0.6102355985776167,0.49178035053471625,0.978533521069916
2023-12,2023-12-01,6,3,ZS,0.07241325267023035,0.20214108481569015,0.10705447194326045,0.2503472198136496,0.21640046110035183,0.35091072874329576,0.4659116451819205,1.2315754287407743
2023-12,2023-12-01,6,4,ADBE,-0.05290049296900323,0.025209403203361846,-0.06782369751067996,0.0874628412291647,0.11540702592376961,0.26227815067536353,0.43519618208113653,0.6369637329797107
2023-12,2023-12-01,6,5,LULU,0.08308870523214185,-0.010008321846429524,-0.017380651092265276,0.15443227821847216,0.2240234931159928,0.22983047586460237,0.4210750013035147,0.21200549933129098
2023-12,2023-12-01,6,6,INTC,0.0928211263208989,-0.008687767816645375,0.004765505657977398,0.1986842133142357,0.23021538851620038,0.3099854131458133,0.4147673094067794,0.45947403879678794
2023-12,2023-12-01,6,7,PANW,-0.02444621199638808,0.14792678625361178,0.02106965882366163,0.22017139985432732,0.16980687207840472,0.16305374007218432,0.3661147323862828,0.6157119407056619
2023-12,2023-12-01,6,8,INTU,0.05126046257695882,0.10358926106784061,0.16228581955974786,0.04679884484806762,0.13140730759427122,0.2762500214015977,0.36529008891753834,0.3023803344503275
2023-12,2023-12-01,6,9,CEG,-0.0386219936950265,0.06464802127609848,0.4180014554918601,0.11993433093935746,0.2510812379434493,0.3152743418253223,0.3555258365127223,0.5692177787501758
2023-12,2023-12-01,6,10,PCAR,0.07367226276880134,0.13180459579728354,0.25895552182089876,0.1190959916947616,0.08486031397516558,0.12104838211344338,0.33910994853825693,0.2580236753668903
2023-11,2023-11-01,4,1,PDD,0.4113475550544239,0.4149421835989735,0.22986491754168492,0.14252419235458258,0.4438209985035513,0.4897960017509291,0.500656156885009,0.37533411734099076
2023-11,2023-11-01,4,2,CEG,0.046214720386232866,0.005807822051832057,0.11385043188912958,0.19581689452962903,0.25717437940441146,0.2956478341389617,0.49990030552319586,0.5083178619786284
2023-11,2023-11-01,4,3,CRWD,0.3178020226300624,0.38430048186458543,0.6785533214023609,0.0746565370475678,0.22191009797049532,0.13202159726347107,0.5013890456179213,0.30611499170684
2023-11,2023-11-01,4,4,FANG,-0.011309657868319278,0.006250355243088812,-0.021243429872556896,0.0840719126588878,0.21494940841267685,0.25146423629303083,0.1366168501071401,0.1169424678066262
2023-11,2023-11-01,4,5,AMGN,0.052722725781806146,0.14908848870790936,0.2540710885687085,0.13283378045280947,0.16862998074082358,0.2272058917664075,0.11106927531464494,0.08588784846680442
2023-11,2023-11-01,4,6,ADBE,0.12483006557047749,0.06532600059544302,0.15318636022870757,-0.008377300656458697,0.12219453347842091,0.2759226713532512,0.45529870074151635,0.4325931888983394
2023-11,2023-11-01,4,7,INTC,0.17682573642330435,0.2860600267615365,0.16660174766460578,0.045367508918662924,0.113151567476097,0.20218930094666776,0.2401785528862832,0.14251774105650905
2023-11,2023-11-01,4,8,BKR,-0.0246440436971872,-0.02060306149010427,-0.1735887583956799,-0.02048442489166058,0.10877453595719144,0.22465133673502824,0.22149080133370913,0.17942662657689445
2023-11,2023-11-01,4,9,CHTR,-0.011414269112617226,-0.03689946038142655,-0.05945736352634878,-0.011477764498223908,0.10404670366239088,0.23928426126702185,0.1091375376775634,0.1412088922746857
2023-11,2023-11-01,4,10,REGN,0.02981288363884027,0.1437309949543606,0.21043394086928946,0.07062926266547365,0.10190901040659872,0.08219693129950967,-0.01915152405699949,-0.04226647259897531
2023-11,2023-11-01,5,1,PDD,0.4113475550544239,0.4149421835989735,0.22986491754168492,0.14252419235458258,0.4438209985035513,0.4897960017509291,0.500656156885009,0.37533411734099076
2023-11,2023-11-01,5,2,CEG,0.046214720386232866,0.005807822051832057,0.11385043188912958,0.19581689452962903,0.25717437940441146,0.2956478341389617,0.49990030552319586,0.5083178619786284
2023-11,2023-11-01,5,3,ADBE,0.12483006557047749,0.06532600059544302,0.15318636022870757,-0.008377300656458697,0.12219453347842091,0.2759226713532512,0.45529870074151635,0.4325931888983394
2023-11,2023-11-01,5,4,FANG,-0.011309657868319278,0.006250355243088812,-0.021243429872556896,0.0840719126588878,0.21494940841267685,0.25146423629303083,0.1366168501071401,0.1169424678066262
2023-11,2023-11-01,5,5,CHTR,-0.011414269112617226,-0.03689946038142655,-0.05945736352634878,-0.011477764498223908,0.10404670366239088,0.23928426126702185,0.1091375376775634,0.1412088922746857
2023-11,2023-11-01,5,6,ODFL,0.038627894496233495,0.019158514042654673,0.004937528572280581,-0.052398549895357194,0.0628994085740453,0.23251425067807752,0.23216542732538348,0.17144359030288436
2023-11,2023-11-01,5,7,AMGN,0.052722725781806146,0.14908848870790936,0.2540710885687085,0.13283378045280947,0.16862998074082358,0.2272058917664075,0.11106927531464494,0.08588784846680442
2023-11,2023-11-01,5,8,BKR,-0.0246440436971872,-0.02060306149010427,-0.1735887583956799,-0.02048442489166058,0.10877453595719144,0.22465133673502824,0.22149080133370913,0.17942662657689445
2023-11,2023-11-01,5,9,SIRI,0.09039182559227199,0.22669081572265792,0.16859630032644168,-0.09187314620889142,-0.02322404498953612,0.22228990295392004,0.20425382092474664,0.14951495682817906
2023-11,2023-11-01,5,10,LULU,0.18042443589498314,0.27850437389787874,0.1686103682251563,0.036935068349337685,0.04185447070329418,0.20386782761411837,0.026753989900559327,0.07591185386980581
2023-11,2023-11-01,6,1,ZS,0.26415580271363903,0.35569743627007977,0.5196936280502236,-0.037776468304599575,0.06862676724137029,0.15959729175406379,0.7652692998366739,0.3875109989310064
2023-11,2023-11-01,6,2,CRWD,0.3178020226300624,0.38430048186458543,0.6785533214023609,0.0746565370475678,0.22191009797049532,0.13202159726347107,0.5013890456179213,0.30611499170684
2023-11,2023-11-01,6,3,PDD,0.4113475550544239,0.4149421835989735,0.22986491754168492,0.14252419235458258,0.4438209985035513,0.4897960017509291,0.500656156885009,0.37533411734099076
2023-11,2023-11-01,6,4,CEG,0.046214720386232866,0.005807822051832057,0.11385043188912958,0.19581689452962903,0.25717437940441146,0.2956478341389617,0.49990030552319586,0.5083178619786284
2023-11,2023-11-01,6,5,NVDA,0.10490240373393878,0.1381509257737561,0.48925087817023116,-0.08984701371794357,-0.0019926394944630443,0.06444209916158705,0.46429836502523236,0.5137802824826712
2023-11,2023-11-01,6,6,ADBE,0.12483006557047749,0.06532600059544302,0.15318636022870757,-0.008377300656458697,0.12219453347842091,0.2759226713532512,0.45529870074151635,0.4325931888983394
2023-11,2023-11-01,6,7,AVGO,0.09034642144150595,0.27836772649228947,0.41337985574258584,-0.0678422930053707,-0.021512958269770288,0.09140335906154573,0.3514445028361972,0.3419366950118907
2023-11,2023-11-01,6,8,AMZN,0.073211669921875,0.0943795085823449,0.16262772831603556,0.04032194897221886,0.05206572504791951,0.11590782557651269,0.342479136727867,0.3377599365391739
2023-11,2023-11-01,6,9,PANW,0.20950748559946342,0.17993960919528051,0.38842604089387867,-0.03282378488247384,-0.03840715835194286,0.12948017986775895,0.33584286161310795,0.24718585201795995
2023-11,2023-11-01,6,10,NFLX,0.10840334601025559,0.1149717354352855,0.3506032530645178,-0.04201811420262025,-0.048137911188865234,0.04231888704292697,0.2964026480675648,0.20647186386871086
2023-10,2023-10-02,4,1,PDD,0.03270795822334227,0.45750985192376015,0.46122205342857336,0.39809225542086746,0.4426111369510073,0.4531273289175761,0.33177449286543537,0.09479346624156393
2023-10,2023-10-02,4,2,CHTR,-0.0729532274444128,-0.08353478878634546,-0.10716075310005702,0.19092880353692232,0.33680877594847836,0.19642025679028796,0.23101544178695366,0.20952167944152844
2023-10,2023-10-02,4,3,ODFL,-0.03110210205259778,0.0063243837269368886,-0.012539458068873799,0.0970190056411353,0.27207856812275377,0.2717185473677981,0.2090475093243287,0.19333713232715466
2023-10,2023-10-02,4,4,AMGN,-0.020539866446329658,0.031099941589231905,0.1254863646148343,0.19313685234008315,0.25294113535164264,0.13436906439823249,0.10865956792645948,0.14738444440256826
2023-10,2023-10-02,4,5,INTU,-0.053645652482729234,0.11108648978172586,0.1680412972109464,0.1486504724329054,0.22878830898731484,0.1721682753123761,0.17915686467054637,0.2949361901380101
2023-10,2023-10-02,4,6,ADBE,0.04484484657996757,0.17527289728952056,0.11310038164979619,0.07402983050702483,0.22115994114308735,0.3928371331926117,0.37110614421611654,0.6115096697820301
2023-10,2023-10-02,4,7,ABNB,-0.12514643119086044,-0.011277045354896487,-0.015231413797896609,0.031809529738784814,0.21754630081852744,0.12469115152334664,0.12432075241182394,0.13018286426522496
2023-10,2023-10-02,4,8,BKR,0.008101589773867879,-0.01674210985572322,-0.01266838926851499,0.0998638899140174,0.21480944892640808,0.2116743131093637,0.1699481863146921,0.12554359336427545
2023-10,2023-10-02,4,9,PCAR,-0.01899481202507447,0.10272387270201677,0.18396403561315022,0.016617495880020927,0.2143656101840079,0.14083290160785267,0.16816659239510012,0.16800661839773756
2023-10,2023-10-02,4,10,BKNG,-0.10586787478681181,0.02126874957280278,0.1250260578377651,0.13708150276319553,0.21323923022221702,0.14963070400778422,0.16080261339842905,0.2121364035111546
2023-10,2023-10-02,5,1,ZS,-0.0263534434038718,0.23084094431314917,0.31997014061056217,0.0975510158196351,0.19098381635325667,0.8130493944415123,0.42506640580309707,0.25264712185789406
2023-10,2023-10-02,5,2,TSLA,-0.18259142021842878,-0.050755182681541555,-0.012639140927770631,-0.10085054850279351,0.21241326582270292,0.5547179339846879,0.2917800512626987,0.24081472013701832
2023-10,2023-10-02,5,3,NVDA,-0.054865804037737775,0.04428104496984697,0.07570536011488338,0.05594249448295918,0.12623382341790612,0.5493020687230534,0.6016564514856619,0.9736508205505017
2023-10,2023-10-02,5,4,PDD,0.03270795822334227,0.45750985192376015,0.46122205342857336,0.39809225542086746,0.4426111369510073,0.4531273289175761,0.33177449286543537,0.09479346624156393
2023-10,2023-10-02,5,5,CRWD,0.05196421591520384,0.3862805714675033,0.4562345709957174,0.1615510104661113,0.07610276104175062,0.42722444632940304,0.2415964078878159,0.4103651491336884
2023-10,2023-10-02,5,6,DDOG,-0.1278309922898585,0.2915941580633832,0.2530488503904249,-0.06562218453105928,-0.033161402218331304,0.4042812568062306,0.2995613232978418,0.2209518060020066
2023-10,2023-10-02,5,7,ADBE,0.04484484657996757,0.17527289728952056,0.11310038164979619,0.07402983050702483,0.22115994114308735,0.3928371331926117,0.37110614421611654,0.6115096697820301
2023-10,2023-10-02,5,8,CEG,0.09662940990723246,0.1473098314534147,0.10299843837677902,0.14639856276584817,0.18148193221314846,0.3677367139461247,0.37541255810950935,0.4174059934627947
2023-10,2023-10-02,5,9,MRVL,-0.12522910799890286,-0.031700217451147594,0.06678030465730278,-0.10929377469318435,-0.10564931170856484,0.3657795584418133,0.3045515723784309,0.20648016190831808
2023-10,2023-10-02,5,10,AVGO,0.021545856492725335,0.1138388689652412,0.30591125407222397,-0.04215064305613203,0.06838410838321285,0.3229406142139457,0.31363333959296136,0.4320880615824412
2023-10,2023-10-02,6,1,NVDA,-0.054865804037737775,0.04428104496984697,0.07570536011488338,0.05594249448295918,0.12623382341790612,0.5493020687230534,0.6016564514856619,0.9736508205505017
2023-10,2023-10-02,6,2,META,0.016394036892507513,0.0586662708908241,0.1286421779025131,0.07272224909219616,0.12549092249691407,0.26169919357541205,0.4399963155987543,0.7692310288882935
2023-10,2023-10-02,6,3,ZS,-0.0263534434038718,0.23084094431314917,0.31997014061056217,0.0975510158196351,0.19098381635325667,0.8130493944415123,0.42506640580309707,0.25264712185789406
2023-10,2023-10-02,6,4,CEG,0.09662940990723246,0.1473098314534147,0.10299843837677902,0.14639856276584817,0.18148193221314846,0.3677367139461247,0.37541255810950935,0.4174059934627947
2023-10,2023-10-02,6,5,ADBE,0.04484484657996757,0.17527289728952056,0.11310038164979619,0.07402983050702483,0.22115994114308735,0.3928371331926117,0.37110614421611654,0.6115096697820301
2023-10,2023-10-02,6,6,PDD,0.03270795822334227,0.45750985192376015,0.46122205342857336,0.39809225542086746,0.4426111369510073,0.4531273289175761,0.33177449286543537,0.09479346624156393
2023-10,2023-10-02,6,7,AVGO,0.021545856492725335,0.1138388689652412,0.30591125407222397,-0.04215064305613203,0.06838410838321285,0.3229406142139457,0.31363333959296136,0.4320880615824412
2023-10,2023-10-02,6,8,MRVL,-0.12522910799890286,-0.031700217451147594,0.06678030465730278,-0.10929377469318435,-0.10564931170856484,0.3657795584418133,0.3045515723784309,0.20648016190831808
2023-10,2023-10-02,6,9,DDOG,-0.1278309922898585,0.2915941580633832,0.2530488503904249,-0.06562218453105928,-0.033161402218331304,0.4042812568062306,0.2995613232978418,0.2209518060020066
2023-10,2023-10-02,6,10,TTD,-0.09641164165168259,-0.08568508866894098,-0.0985825751677083,0.01110394634264833,0.0689325044377227,0.24420081454152465,0.295236499246083,0.4132827607696008
2023-09,2023-09-01,4,1,ZS,0.015847925429053555,-0.01092316538068161,0.2503472198136496,0.17240365072383512,0.784764578493137,0.40283439098544815,0.2331049663056861,0.2042274919236433
2023-09,2023-09-01,4,2,NVDA,-0.07675504970130764,-0.1274096262232267,-0.03587279853894709,0.2198645907064447,0.6781051098322457,0.7348120354923002,1.1377325918890513,1.3168718966385486
2023-09,2023-09-01,4,3,TSLA,0.026896909287085213,-0.1606056557975586,-0.025223430938891123,0.18065723526659627,0.5139961177447092,0.2579452129810249,0.20831478692290917,0.3505870104230122
2023-09,2023-09-01,4,4,PDD,-0.035046981455083226,-0.0034853384370281404,0.4064285311727869,0.4950066057375171,0.505904744573775,0.38014438762382485,0.13455623766267677,0.003010269455122172
2023-09,2023-09-01,4,5,ADBE,-0.07471460991133916,-0.03322032855012769,0.0874628412291647,0.31976572225578503,0.5053054420962488,0.4818197270841347,0.7416352695546347,0.46699833890964837
2023-09,2023-09-01,4,6,DDOG,-0.06026815529240537,-0.18039500948775644,0.21375216077045578,0.028845200071418775,0.49434252410929447,0.3829065500086475,0.2992555406930111,0.1817413175734206
2023-09,2023-09-01,4,7,MRVL,-0.057980948812141,-0.1759491543103694,-0.08784315757791983,-0.05060233424824623,0.4498428208215157,0.3848462732610647,0.2807386011853805,0.25963376039388275
2023-09,2023-09-01,4,8,CEG,-0.02386059960749931,0.07046317463962781,0.11993433093935746,0.21036189271540584,0.40116945735021536,0.4090329286539023,0.4520528450064232,0.26853766128431555
2023-09,2023-09-01,4,9,AVGO,-0.03784735258340832,-0.01711694971807476,0.07168301657040899,0.11041019452771428,0.37497996577370585,0.36530657907568576,0.48842085029609383,0.4657518746748637
2023-09,2023-09-01,4,10,ODFL,-0.07412663084279392,-0.10292323885810384,-0.0682710523736918,0.37392283923306646,0.37353399474639204,0.3058454315679122,0.2888772612753865,0.18855644593189003
2023-09,2023-09-01,5,1,NVDA,-0.07675504970130764,-0.1274096262232267,-0.03587279853894709,0.2198645907064447,0.6781051098322457,0.7348120354923002,1.1377325918890513,1.3168718966385486
2023-09,2023-09-01,5,2,ADBE,-0.07471460991133916,-0.03322032855012769,0.0874628412291647,0.31976572225578503,0.5053054420962488,0.4818197270841347,0.7416352695546347,0.46699833890964837
2023-09,2023-09-01,5,3,CEG,-0.02386059960749931,0.07046317463962781,0.11993433093935746,0.21036189271540584,0.40116945735021536,0.4090329286539023,0.4520528450064232,0.26853766128431555
2023-09,2023-09-01,5,4,ZS,0.015847925429053555,-0.01092316538068161,0.2503472198136496,0.17240365072383512,0.784764578493137,0.40283439098544815,0.2331049663056861,0.2042274919236433
2023-09,2023-09-01,5,5,META,0.035225208414655595,0.05219672867345926,0.0959580109245195,0.08719427748527431,0.2187678423205892,0.39099811702225185,0.7090300878566267,0.9356059298932671
2023-09,2023-09-01,5,6,MRVL,-0.057980948812141,-0.1759491543103694,-0.08784315757791983,-0.05060233424824623,0.4498428208215157,0.3848462732610647,0.2807386011853805,0.25963376039388275
2023-09,2023-09-01,5,7,DDOG,-0.06026815529240537,-0.18039500948775644,0.21375216077045578,0.028845200071418775,0.49434252410929447,0.3829065500086475,0.2992555406930111,0.1817413175734206
2023-09,2023-09-01,5,8,PDD,-0.035046981455083226,-0.0034853384370281404,0.4064285311727869,0.4950066057375171,0.505904744573775,0.38014438762382485,0.13455623766267677,0.003010269455122172
2023-09,2023-09-01,5,9,AVGO,-0.03784735258340832,-0.01711694971807476,0.07168301657040899,0.11041019452771428,0.37497996577370585,0.36530657907568576,0.48842085029609383,0.4657518746748637
2023-09,2023-09-01,5,10,LRCX,-0.09854277413529988,-0.13315039354184988,0.031771929695147305,0.13557086537721985,0.34374684374320164,0.34972466069846764,0.43903224374492966,0.3322702616338675
2023-09,2023-09-01,6,1,NVDA,-0.07675504970130764,-0.1274096262232267,-0.03587279853894709,0.2198645907064447,0.6781051098322457,0.7348120354923002,1.1377325918890513,1.3168718966385486
2023-09,2023-09-01,6,2,ADBE,-0.07471460991133916,-0.03322032855012769,0.0874628412291647,0.31976572225578503,0.5053054420962488,0.4818197270841347,0.7416352695546347,0.46699833890964837
2023-09,2023-09-01,6,3,META,0.035225208414655595,0.05219672867345926,0.0959580109245195,0.08719427748527431,0.2187678423205892,0.39099811702225185,0.7090300878566267,0.9356059298932671
2023-09,2023-09-01,6,4,GOOG,-0.011914938560132149,-0.0674705816914013,-0.025438442805727712,0.09994343737990374,0.270076827801073,0.303974490786606,0.5114351028313018,0.34871315962855576
2023-09,2023-09-01,6,5,GOOGL,-0.010983206289587932,-0.06789019723261858,-0.028010826622900553,0.09650799389966269,0.2654847603634738,0.29992295055108076,0.5013275197325202,0.3507912354187077
2023-09,2023-09-01,6,6,AMZN,-0.06269902048557685,-0.008108855754282662,0.06450915129666579,0.12503053591138147,0.35345410080130724,0.3486963204581004,0.49853529197230717,0.3135520029754275
2023-09,2023-09-01,6,7,AVGO,-0.03784735258340832,-0.01711694971807476,0.07168301657040899,0.11041019452771428,0.37497996577370585,0.36530657907568576,0.48842085029609383,0.4657518746748637
2023-09,2023-09-01,6,8,INTC,-0.03141212939204718,0.018574098283544727,0.1986842133142357,0.18026690740766216,0.21756341043442617,0.12168348182211619,0.45646162292240344,0.28454402539688073
2023-09,2023-09-01,6,9,CEG,-0.02386059960749931,0.07046317463962781,0.11993433093935746,0.21036189271540584,0.40116945735021536,0.4090329286539023,0.4520528450064232,0.26853766128431555
2023-09,2023-09-01,6,10,TTD,-0.020267768552443388,-0.1147253613653686,-0.10421621167584671,0.09104556339681968,0.26993965759727545,0.32203112000548173,0.4425194103101746,0.5280060830965161
2023-08,2023-08-01,4,1,NVDA,0.043047246032182906,-0.03701189717782938,-0.08984701371794357,0.608848607976161,0.6632152015084973,1.0495069614738162,1.2212530692661092,2.2497177204701386
2023-08,2023-08-01,4,2,DDOG,-0.149804210948019,-0.2010439427915528,-0.30317528838050156,0.7576451722674085,0.6265742171584625,0.5281839282475844,0.3899637386949806,0.5945346481842486
2023-08,2023-08-01,4,3,MRVL,-0.12103742021989505,-0.17200050456591276,-0.27569014280266513,0.6494932255070873,0.5755463373736793,0.4571025327446707,0.43309145277721894,0.8394741594165893
2023-08,2023-08-01,4,4,META,-0.08159034324393111,-0.04923917167466629,-0.03365236357914969,0.32704162391478,0.5145726166854792,0.8608581424253774,1.1075626934608414,1.5870609311759267
2023-08,2023-08-01,4,5,TTD,-0.11238203668649938,-0.13037207212992863,-0.21421432828203324,0.4307277568567429,0.48941456194769395,0.6251579732852777,0.7214681836681518,1.0456611112069165
2023-08,2023-08-01,4,6,ADBE,0.025696680047494258,-0.05093784728960993,-0.008377300656458697,0.46759316996770095,0.4446958403097492,0.6980022490411,0.4302457709444083,0.6297636047189383
2023-08,2023-08-01,4,7,ZS,-0.027149865393676254,-0.011732209006790617,-0.037776468304599575,0.8345729881770174,0.4419840642290942,0.2675179068610376,0.23783453287072787,0.4774480392477263
2023-08,2023-08-01,4,8,AVGO,-0.051608727277112076,-0.08750282616288263,-0.0678422930053707,0.4498024236621836,0.4396026390624719,0.5694164350782656,0.5455138789569445,0.6830931211263738
2023-08,2023-08-01,4,9,LRCX,-0.01947202408884885,-0.1160959709524042,-0.15002970996021214,0.3704319272425971,0.3765284559517459,0.4676095726975209,0.3587274349779377,0.7390268417620174
2023-08,2023-08-01,4,10,TSLA,-0.06151611585714667,-0.03627379995796498,-0.21224193552534965,0.6132361389748202,0.3404015074056872,0.2875178863902397,0.43911582632721036,1.4150787327413177
2023-08,2023-08-01,5,1,NVDA,0.043047246032182906,-0.03701189717782938,-0.08984701371794357,0.608848607976161,0.6632152015084973,1.0495069614738162,1.2212530692661092,2.2497177204701386
2023-08,2023-08-01,5,2,META,-0.08159034324393111,-0.04923917167466629,-0.03365236357914969,0.32704162391478,0.5145726166854792,0.8608581424253774,1.1075626934608414,1.5870609311759267
2023-08,2023-08-01,5,3,ADBE,0.025696680047494258,-0.05093784728960993,-0.008377300656458697,0.46759316996770095,0.4446958403097492,0.6980022490411,0.4302457709444083,0.6297636047189383
2023-08,2023-08-01,5,4,TTD,-0.11238203668649938,-0.13037207212992863,-0.21421432828203324,0.4307277568567429,0.48941456194769395,0.6251579732852777,0.7214681836681518,1.0456611112069165
2023-08,2023-08-01,5,5,AVGO,-0.051608727277112076,-0.08750282616288263,-0.0678422930053707,0.4498024236621836,0.4396026390624719,0.5694164350782656,0.5455138789569445,0.6830931211263738
2023-08,2023-08-01,5,6,DDOG,-0.149804210948019,-0.2010439427915528,-0.30317528838050156,0.7576451722674085,0.6265742171584625,0.5281839282475844,0.3899637386949806,0.5945346481842486
2023-08,2023-08-01,5,7,AMD,-0.06930273496281014,-0.12185375864786363,-0.0812924973013287,0.3111829108372275,0.21789562393847417,0.5021075118010039,0.38941398064924493,0.8369260331233959
2023-08,2023-08-01,5,8,LRCX,-0.01947202408884885,-0.1160959709524042,-0.15002970996021214,0.3704319272425971,0.3765284559517459,0.4676095726975209,0.3587274349779377,0.7390268417620174
2023-08,2023-08-01,5,9,GOOG,0.03722793100379551,0.024869423933032264,-0.032754440847599264,0.22449154119088766,0.2571725575541164,0.45718704409414035,0.3003054770452578,0.47034544293715963
2023-08,2023-08-01,5,10,MRVL,-0.12103742021989505,-0.17200050456591276,-0.27569014280266513,0.6494932255070873,0.5755463373736793,0.4571025327446707,0.43309145277721894,0.8394741594165893
2023-08,2023-08-01,6,1,NVDA,0.043047246032182906,-0.03701189717782938,-0.08984701371794357,0.608848607976161,0.6632152015084973,1.0495069614738162,1.2212530692661092,2.2497177204701386
2023-08,2023-08-01,6,2,META,-0.08159034324393111,-0.04923917167466629,-0.03365236357914969,0.32704162391478,0.5145726166854792,0.8608581424253774,1.1075626934608414,1.5870609311759267
2023-08,2023-08-01,6,3,TTD,-0.11238203668649938,-0.13037207212992863,-0.21421432828203324,0.4307277568567429,0.48941456194769395,0.6251579732852777,0.7214681836681518,1.0456611112069165
2023-08,2023-08-01,6,4,PANW,-0.04127660079717932,-0.06477858362008715,-0.03282378488247384,0.3811783630874166,0.289512534038493,0.3542847697795335,0.5850863776235,0.8286024106131962
2023-08,2023-08-01,6,5,AVGO,-0.051608727277112076,-0.08750282616288263,-0.0678422930053707,0.4498024236621836,0.4396026390624719,0.5694164350782656,0.5455138789569445,0.6830931211263738
2023-08,2023-08-01,6,6,CRWD,-0.02850090862241994,0.021571381221006547,0.0746565370475678,0.39708734266180246,0.21537900406316224,0.3805840444042061,0.5019005132476668,0.6068939647115383
2023-08,2023-08-01,6,7,FTNT,-0.21991541863211006,-0.24862229930380186,-0.2655388662072278,0.24231805561586772,0.17674561381708598,0.33521561623779084,0.4697682907332461,0.6082027626364401
2023-08,2023-08-01,6,8,TSLA,-0.06151611585714667,-0.03627379995796498,-0.21224193552534965,0.6132361389748202,0.3404015074056872,0.2875178863902397,0.43911582632721036,1.4150787327413177
2023-08,2023-08-01,6,9,MRVL,-0.12103742021989505,-0.17200050456591276,-0.27569014280266513,0.6494932255070873,0.5755463373736793,0.4571025327446707,0.43309145277721894,0.8394741594165893
2023-08,2023-08-01,6,10,ADBE,0.025696680047494258,-0.05093784728960993,-0.008377300656458697,0.46759316996770095,0.4446958403097492,0.6980022490411,0.4302457709444083,0.6297636047189383
2023-07,2023-07-03,4,1,NVDA,0.0965270405609091,0.14372950985687583,0.05594249448295918,0.516802723494816,0.8690893025542052,1.0257166372567212,1.9636457654594666,1.4759034664412711
2023-07,2023-07-03,4,2,META,0.12827770889728884,0.03622114335388282,0.07272224909219616,0.3423757331568058,0.6492908862340894,0.8679467624337336,1.2929292236965004,1.374792241588314
2023-07,2023-07-03,4,3,ADBE,0.1316749144824123,0.1607552026776422,0.07402983050702483,0.27659968584750483,0.5004328781271128,0.2638309399997185,0.44013407371880664,0.4100433352997872
2023-07,2023-07-03,4,4,AVGO,0.0497011765154749,-0.004472565225775993,-0.04215064305613203,0.3714404358784187,0.49510781752956246,0.4723369979324399,0.6034021479460172,0.624795184496278
2023-07,2023-07-03,4,5,AMD,0.015368665031834094,-0.054999160450409534,-0.10835782321555854,0.199461501897235,0.47937154605210264,0.3683837491731967,0.8091222394240463,0.49483730868294584
2023-07,2023-07-03,4,6,ISRG,-0.03594913137561773,-0.07624317831817928,-0.12216167586849946,0.32540527904872496,0.47815948652930107,0.33775228119471357,0.265030277462603,0.22419764193359315
2023-07,2023-07-03,4,7,AMZN,0.01128859781080549,0.06066651683634294,-0.005836234831144482,0.2715554786068537,0.41282417063753307,0.23842129653848976,0.5173619399180289,0.36356022220631545
2023-07,2023-07-03,4,8,NFLX,-0.006388217853567468,-0.0035339353279898456,-0.13843330739447557,0.26748599198396583,0.408191961487961,0.2194811847512017,0.49666044248288355,0.39277493081310166
2023-07,2023-07-03,4,9,TSLA,-0.06700736012159048,-0.12440144345021587,-0.10085054850279351,0.43666889760284966,0.37998718463420356,0.5424728607877982,1.5885292439778067,0.4371854736012366
2023-07,2023-07-03,4,10,MSFT,-0.004881965609737748,-0.02554577402999869,-0.04588501322677463,0.17929470745567277,0.37543704707174164,0.34353028807337505,0.4173855908728117,0.3332964171142605
2023-07,2023-07-03,5,1,NVDA,0.0965270405609091,0.14372950985687583,0.05594249448295918,0.516802723494816,0.8690893025542052,1.0257166372567212,1.9636457654594666,1.4759034664412711
2023-07,2023-07-03,5,2,META,0.12827770889728884,0.03622114335388282,0.07272224909219616,0.3423757331568058,0.6492908862340894,0.8679467624337336,1.2929292236965004,1.374792241588314
2023-07,2023-07-03,5,3,PANW,-0.005772860604094432,-0.0468111773386608,-0.07017748649081212,0.29699993386018764,0.36214826181711324,0.5942899915069726,0.8392199711267776,0.4273543055018372
2023-07,2023-07-03,5,4,TSLA,-0.06700736012159048,-0.12440144345021587,-0.10085054850279351,0.43666889760284966,0.37998718463420356,0.5424728607877982,1.5885292439778067,0.4371854736012366
2023-07,2023-07-03,5,5,AVGO,0.0497011765154749,-0.004472565225775993,-0.04215064305613203,0.3714404358784187,0.49510781752956246,0.4723369979324399,0.6034021479460172,0.624795184496278
2023-07,2023-07-03,5,6,FTNT,0.04513789113163158,-0.184704045724862,-0.2147066944510413,0.1259237884323141,0.2775497162312959,0.4062912685538964,0.538746969450266,0.34814016291333205
2023-07,2023-07-03,5,7,AMD,0.015368665031834094,-0.054999160450409534,-0.10835782321555854,0.199461501897235,0.47937154605210264,0.3683837491731967,0.8091222394240463,0.49483730868294584
2023-07,2023-07-03,5,8,MSFT,-0.004881965609737748,-0.02554577402999869,-0.04588501322677463,0.17929470745567277,0.37543704707174164,0.34353028807337505,0.4173855908728117,0.3332964171142605
2023-07,2023-07-03,5,9,ISRG,-0.03594913137561773,-0.07624317831817928,-0.12216167586849946,0.32540527904872496,0.47815948652930107,0.33775228119471357,0.265030277462603,0.22419764193359315
2023-07,2023-07-03,5,10,MRVL,0.07573281169676771,-0.05447111267690319,-0.10929377469318435,0.46462608581079645,0.3545208595490952,0.3322001868817077,0.7099730894283702,0.3555489548896813
2023-07,2023-07-03,6,1,NVDA,0.0965270405609091,0.14372950985687583,0.05594249448295918,0.516802723494816,0.8690893025542052,1.0257166372567212,1.9636457654594666,1.4759034664412711
2023-07,2023-07-03,6,2,TSLA,-0.06700736012159048,-0.12440144345021587,-0.10085054850279351,0.43666889760284966,0.37998718463420356,0.5424728607877982,1.5885292439778067,0.4371854736012366
2023-07,2023-07-03,6,3,META,0.12827770889728884,0.03622114335388282,0.07272224909219616,0.3423757331568058,0.6492908862340894,0.8679467624337336,1.2929292236965004,1.374792241588314
2023-07,2023-07-03,6,4,PANW,-0.005772860604094432,-0.0468111773386608,-0.07017748649081212,0.29699993386018764,0.36214826181711324,0.5942899915069726,0.8392199711267776,0.4273543055018372
2023-07,2023-07-03,6,5,AMD,0.015368665031834094,-0.054999160450409534,-0.10835782321555854,0.199461501897235,0.47937154605210264,0.3683837491731967,0.8091222394240463,0.49483730868294584
2023-07,2023-07-03,6,6,MRVL,0.07573281169676771,-0.05447111267690319,-0.10929377469318435,0.46462608581079645,0.3545208595490952,0.3322001868817077,0.7099730894283702,0.3555489548896813
2023-07,2023-07-03,6,7,ALGN,0.09295104071416405,0.08795959801709685,-0.13009659899792103,0.0526653120908247,0.11687679545349106,0.21965808171426415,0.6232805649115993,0.7078356001448669
2023-07,2023-07-03,6,8,AVGO,0.0497011765154749,-0.004472565225775993,-0.04215064305613203,0.3714404358784187,0.49510781752956246,0.4723369979324399,0.6034021479460172,0.624795184496278
2023-07,2023-07-03,6,9,LRCX,0.0997095947034432,0.07829602298463945,-0.027962258459327982,0.2517199655086686,0.3345428463714448,0.2355329457176769,0.5813509767830822,0.4198666196203624
2023-07,2023-07-03,6,10,ON,0.11628621598584665,0.0265413574948421,-0.035732717329795216,0.1933695163843927,0.23776042024766886,0.24396205532605064,0.5716604588831238,0.30869042609432396
2023-06,2023-06-01,4,1,NVDA,0.06656738345336222,0.16951997653690754,0.2198645907064447,0.7524343342493887,0.8992861292062002,1.7786765388077872,1.3213755688128397,1.9378227049134682
2023-06,2023-06-01,4,2,META,0.04919136659034917,0.18377923129137463,0.08719427748527431,0.5719638368679465,0.7803680261916062,1.185425172862447,1.263450040868987,1.8635501448419847
2023-06,2023-06-01,4,3,CRWD,-0.07356392328398187,0.05337990161349948,0.02335761729291952,0.31062311165185186,0.4257918828213376,0.5254648035815015,0.2698476943603174,-0.018563481904937174
2023-06,2023-06-01,4,4,AMD,-0.03055161537276685,-0.015652487883778265,-0.08387046262727038,0.5259931003144043,0.411507586037559,0.8661356995500897,0.5419462576728438,1.0025142729846221
2023-06,2023-06-01,4,5,PANW,0.1745929575889551,0.16781219617824306,0.11960887835051626,0.1596768506199342,0.35731274498658205,0.5658360279139412,0.21519058690060278,0.269485201512601
2023-06,2023-06-01,4,6,MRVL,0.004091655453922538,0.08013433972271033,-0.05060233424824623,0.3490012113851828,0.3267714950578453,0.7030049798146543,0.35002511725572916,0.5423032474460643
2023-06,2023-06-01,4,7,MSFT,0.016266870291535618,0.011305490380456584,-0.009694453531105984,0.35342112124266256,0.32202507761367594,0.3946982158989474,0.31195501505601464,0.4685695742643661
2023-06,2023-06-01,4,8,AVGO,0.11539888881067806,0.17083552586862205,0.11041019452771428,0.34042433834926844,0.32000938202686924,0.43751456454801096,0.4566942829114313,0.7146277330158219
2023-06,2023-06-01,4,9,FTNT,0.08770402572831038,0.13680069162507213,-0.11319930837492787,0.17453800483625836,0.2928988357952107,0.41467433516203456,0.23943658479211516,0.21658989041636056
2023-06,2023-06-01,4,10,CPRT,0.028021404018889307,0.011960307682119753,0.02471805611476552,0.2577363478111836,0.2629837177025327,0.42840875729376204,0.297325303546637,0.5254561612399309
2023-06,2023-06-01,5,1,NVDA,0.06656738345336222,0.16951997653690754,0.2198645907064447,0.7524343342493887,0.8992861292062002,1.7786765388077872,1.3213755688128397,1.9378227049134682
2023-06,2023-06-01,5,2,META,0.04919136659034917,0.18377923129137463,0.08719427748527431,0.5719638368679465,0.7803680261916062,1.185425172862447,1.263450040868987,1.8635501448419847
2023-06,2023-06-01,5,3,TSLA,0.3484001617349257,0.2580474265095427,0.18065723526659627,0.02342555555513748,0.14392811908533742,0.919704044419027,0.06584492822373655,-0.08910544464546599
2023-06,2023-06-01,5,4,AMD,-0.03055161537276685,-0.015652487883778265,-0.08387046262727038,0.5259931003144043,0.411507586037559,0.8661356995500897,0.5419462576728438,1.0025142729846221
2023-06,2023-06-01,5,5,MRVL,0.004091655453922538,0.08013433972271033,-0.05060233424824623,0.3490012113851828,0.3267714950578453,0.7030049798146543,0.35002511725572916,0.5423032474460643
2023-06,2023-06-01,5,6,PANW,0.1745929575889551,0.16781219617824306,0.11960887835051626,0.1596768506199342,0.35731274498658205,0.5658360279139412,0.21519058690060278,0.269485201512601
2023-06,2023-06-01,5,7,CRWD,-0.07356392328398187,0.05337990161349948,0.02335761729291952,0.31062311165185186,0.4257918828213376,0.5254648035815015,0.2698476943603174,-0.018563481904937174
2023-06,2023-06-01,5,8,MELI,-0.05108823272557905,-0.03785312982136102,0.13006151935336763,0.04078698956173166,0.036012796829423044,0.5228238876641615,0.3368827180112377,0.36839469922158163
2023-06,2023-06-01,5,9,LRCX,0.053116065692283776,0.15812184177814603,0.13557086537721985,0.2672324445968455,0.17321631106774382,0.501592301455922,0.34825273858773476,0.5129982029992515
2023-06,2023-06-01,5,10,CDNS,0.012952340955899366,0.005335881476917326,0.04806574378537065,0.2139685957322257,0.23029276372788154,0.45571285566364983,0.31457178976326694,0.5397204708599879
2023-06,2023-06-01,6,1,NVDA,0.06656738345336222,0.16951997653690754,0.2198645907064447,0.7524343342493887,0.8992861292062002,1.7786765388077872,1.3213755688128397,1.9378227049134682
2023-06,2023-06-01,6,2,META,0.04919136659034917,0.18377923129137463,0.08719427748527431,0.5719638368679465,0.7803680261916062,1.185425172862447,1.263450040868987,1.8635501448419847
2023-06,2023-06-01,6,3,AMD,-0.03055161537276685,-0.015652487883778265,-0.08387046262727038,0.5259931003144043,0.411507586037559,0.8661356995500897,0.5419462576728438,1.0025142729846221
2023-06,2023-06-01,6,4,ALGN,0.15945485257196834,0.2672273877796203,0.26144003532317117,-0.03672247955496344,0.05192373727079547,0.4000377516302134,0.4729642955535951,0.5394178802723284
2023-06,2023-06-01,6,5,AVGO,0.11539888881067806,0.17083552586862205,0.11041019452771428,0.34042433834926844,0.32000938202686924,0.43751456454801096,0.4566942829114313,0.7146277330158219
2023-06,2023-06-01,6,6,MRVL,0.004091655453922538,0.08013433972271033,-0.05060233424824623,0.3490012113851828,0.3267714950578453,0.7030049798146543,0.35002511725572916,0.5423032474460643
2023-06,2023-06-01,6,7,LRCX,0.053116065692283776,0.15812184177814603,0.13557086537721985,0.2672324445968455,0.17321631106774382,0.501592301455922,0.34825273858773476,0.5129982029992515
2023-06,2023-06-01,6,8,MELI,-0.05108823272557905,-0.03785312982136102,0.13006151935336763,0.04078698956173166,0.036012796829423044,0.5228238876641615,0.3368827180112377,0.36839469922158163
2023-06,2023-06-01,6,9,CDNS,0.012952340955899366,0.005335881476917326,0.04806574378537065,0.2139685957322257,0.23029276372788154,0.45571285566364983,0.31457178976326694,0.5397204708599879
2023-06,2023-06-01,6,10,MSFT,0.016266870291535618,0.011305490380456584,-0.009694453531105984,0.35342112124266256,0.32202507761367594,0.3946982158989474,0.31195501505601464,0.4685695742643661
2023-05,2023-05-01,4,1,NVDA,0.37564867659649503,0.4672220095486044,0.608848607976161,0.3806476620943955,1.019902745577843,0.6874770486867157,1.1355908342687915,1.3115656352744978
2023-05,2023-05-01,4,2,META,0.12102120803988226,0.17616577324012805,0.32704162391478,0.5881662304182442,0.9494949401391668,1.019096538616476,1.5544121059484084,0.7544191524874062
2023-05,2023-05-01,4,3,MELI,-0.026036468274808655,-0.0757945438498121,-0.06290403628247354,0.06370799632951685,0.5635327587335517,0.372620919022711,0.40497529388778086,0.46395788539571825
2023-05,2023-05-01,4,4,TSLA,0.2823333246273154,0.7290984623255572,0.6132361389748202,-0.10793231594617014,0.49703981605324854,-0.1688238091032197,-0.2896585171259842,-0.3323844640847503
2023-05,2023-05-01,4,5,ALGN,-0.06343546219087037,0.08590429810961808,0.1868402327348908,0.12317271774086325,0.49486521762319713,0.5727312278972738,0.6436858519899025,0.47157293391969235
2023-05,2023-05-01,4,6,ABNB,-0.07626416279426618,0.09001818563167951,0.22640426542351033,0.06518116014051922,0.4301530740483501,0.19897306402506443,0.11343415654299815,0.1563809349423364
2023-05,2023-05-01,4,7,AMD,0.3320325339354506,0.2913367882946427,0.3111829108372275,0.059664497733626254,0.4009685589560241,0.15758903659598245,0.5033523746362658,0.3566782879043342
2023-05,2023-05-01,4,8,WBD,-0.14597438569990817,-0.021068452503753887,-0.03160271463502584,-0.13476560814403116,0.3930817625780796,0.1427342932998681,-0.0044944133260088615,0.11213390577202809
2023-05,2023-05-01,4,9,AAPL,0.06338274222406848,0.13642439055301736,0.15502420853068966,0.16790865297331292,0.3580311318353129,0.1452291443502225,0.1293112608618292,0.1943186319355339
2023-05,2023-05-01,4,10,BKNG,-0.052428675754889964,0.011036325201045916,0.08294773624586038,0.10031739406665663,0.32421841183972244,0.3061707573395609,0.4242189574001374,0.6028603131521069
2023-05,2023-05-01,5,1,META,0.12102120803988226,0.17616577324012805,0.32704162391478,0.5881662304182442,0.9494949401391668,1.019096538616476,1.5544121059484084,0.7544191524874062
2023-05,2023-05-01,5,2,NVDA,0.37564867659649503,0.4672220095486044,0.608848607976161,0.3806476620943955,1.019902745577843,0.6874770486867157,1.1355908342687915,1.3115656352744978
2023-05,2023-05-01,5,3,ALGN,-0.06343546219087037,0.08590429810961808,0.1868402327348908,0.12317271774086325,0.49486521762319713,0.5727312278972738,0.6436858519899025,0.47157293391969235
2023-05,2023-05-01,5,4,MELI,-0.026036468274808655,-0.0757945438498121,-0.06290403628247354,0.06370799632951685,0.5635327587335517,0.372620919022711,0.40497529388778086,0.46395788539571825
2023-05,2023-05-01,5,5,BKNG,-0.052428675754889964,0.011036325201045916,0.08294773624586038,0.10031739406665663,0.32421841183972244,0.3061707573395609,0.4242189574001374,0.6028603131521069
2023-05,2023-05-01,5,6,MSFT,0.0908071463473723,0.10855116471008519,0.10313925604733565,0.21196957871109445,0.27859284802925166,0.20273782533344065,0.3463145884054317,0.2760181706722835
2023-05,2023-05-01,5,7,ABNB,-0.07626416279426618,0.09001818563167951,0.22640426542351033,0.06518116014051922,0.4301530740483501,0.19897306402506443,0.11343415654299815,0.1563809349423364
2023-05,2023-05-01,5,8,CDNS,0.10320439650165514,0.11749347598919191,0.10909096440620214,0.11519929364787984,0.31953141256491135,0.19159404542972602,0.395680143899497,0.2370800763835561
2023-05,2023-05-01,5,9,AVGO,0.23826309642133614,0.38115728180362796,0.4498024236621836,0.0660168956353342,0.16091206198628139,0.17640127297775088,0.3847038952959283,0.4184133874968672
2023-05,2023-05-01,5,10,CMCSA,-0.062440156215216036,0.009930579561439501,0.09578422855716262,0.04979065964589813,0.17964985022968172,0.16556319040908063,0.33988071664239894,0.39284017385138603
2023-05,2023-05-01,6,1,META,0.12102120803988226,0.17616577324012805,0.32704162391478,0.5881662304182442,0.9494949401391668,1.019096538616476,1.5544121059484084,0.7544191524874062
2023-05,2023-05-01,6,2,NVDA,0.37564867659649503,0.4672220095486044,0.608848607976161,0.3806476620943955,1.019902745577843,0.6874770486867157,1.1355908342687915,1.3115656352744978
2023-05,2023-05-01,6,3,ALGN,-0.06343546219087037,0.08590429810961808,0.1868402327348908,0.12317271774086325,0.49486521762319713,0.5727312278972738,0.6436858519899025,0.47157293391969235
2023-05,2023-05-01,6,4,AMD,0.3320325339354506,0.2913367882946427,0.3111829108372275,0.059664497733626254,0.4009685589560241,0.15758903659598245,0.5033523746362658,0.3566782879043342
2023-05,2023-05-01,6,5,BKNG,-0.052428675754889964,0.011036325201045916,0.08294773624586038,0.10031739406665663,0.32421841183972244,0.3061707573395609,0.4242189574001374,0.6028603131521069
2023-05,2023-05-01,6,6,MELI,-0.026036468274808655,-0.0757945438498121,-0.06290403628247354,0.06370799632951685,0.5635327587335517,0.372620919022711,0.40497529388778086,0.46395788539571825
2023-05,2023-05-01,6,7,CDNS,0.10320439650165514,0.11749347598919191,0.10909096440620214,0.11519929364787984,0.31953141256491135,0.19159404542972602,0.395680143899497,0.2370800763835561
2023-05,2023-05-01,6,8,AVGO,0.23826309642133614,0.38115728180362796,0.4498024236621836,0.0660168956353342,0.16091206198628139,0.17640127297775088,0.3847038952959283,0.4184133874968672
2023-05,2023-05-01,6,9,CPRT,0.11977039804710854,0.15114793677917926,0.13316319654108177,0.12789525415673575,0.2756264675195219,0.15856367145370687,0.3622937022628412,0.4300045678955222
2023-05,2023-05-01,6,10,ASML,0.1441591549373642,0.1553522107901948,0.11821377487795504,-0.059081400638342774,0.16171103890927907,0.04446810386474054,0.34705723117548315,0.48342331002177374
2023-04,2023-04-03,4,1,META,0.14131507964119594,0.27943840933350805,0.3423757331568058,0.7081128383513906,0.7690965226282958,1.2381305141008552,0.5371908982740827,0.2885220207813812
2023-04,2023-04-03,4,2,NVDA,0.033792237046297524,0.4221349227684694,0.516802723494816,0.9538768750566498,0.6323173924270271,1.0657833921934845,1.236005990796559,1.0079802138507716
2023-04,2023-04-03,4,3,ALGN,-0.030609498531921298,-0.09210323303598855,0.0526653120908247,0.5420671188332475,0.6223918281801555,0.6955869172440285,0.5180393574014714,0.33209896144737305
2023-04,2023-04-03,4,4,MELI,-0.016739738428461326,-0.04234036303474875,-0.09126550143992307,0.5901514785460436,0.3959894167072915,0.4288946160014824,0.48888137008189836,0.529640596954674
2023-04,2023-04-03,4,5,BKNG,0.009717824473283398,-0.04322034394995922,0.020861398745463333,0.3114737402308385,0.29359978172210766,0.4105118508164174,0.5874339090609146,0.43869115264060676
2023-04,2023-04-03,4,6,WBD,-0.10263338384179543,-0.2336259243830946,-0.12153950977277894,0.5524109516600082,0.27343080600895164,0.10936329561259805,0.23933059882847285,0.12282038595685241
2023-04,2023-04-03,4,7,AMD,-0.07114742430496357,0.23726185005552947,0.199461501897235,0.5082787038704344,0.2462570131000481,0.6185048240958431,0.46059592598875754,0.17284094997033694
2023-04,2023-04-03,4,8,WDAY,-0.08822233796579726,0.05353037482402012,0.0989382086597832,0.20679059788321363,0.20586500040829958,0.34808698475671185,0.32492703479538076,0.26866968628216936
2023-04,2023-04-03,4,9,ABNB,-0.000329334067420084,-0.0765683804747549,0.0896592055090435,0.430624227344091,0.19936805678553937,0.11380096914646365,0.15676189604259672,0.07107581525697237
2023-04,2023-04-03,4,10,FTNT,-0.05278233017894507,0.035138017144335176,0.1259237884323141,0.3666528634169357,0.19736360201645797,0.1752924443569388,0.3012166159712155,0.36580841607874093
2023-04,2023-04-03,5,1,META,0.14131507964119594,0.27943840933350805,0.3423757331568058,0.7081128383513906,0.7690965226282958,1.2381305141008552,0.5371908982740827,0.2885220207813812
2023-04,2023-04-03,5,2,NVDA,0.033792237046297524,0.4221349227684694,0.516802723494816,0.9538768750566498,0.6323173924270271,1.0657833921934845,1.236005990796559,1.0079802138507716
2023-04,2023-04-03,5,3,ALGN,-0.030609498531921298,-0.09210323303598855,0.0526653120908247,0.5420671188332475,0.6223918281801555,0.6955869172440285,0.5180393574014714,0.33209896144737305
2023-04,2023-04-03,5,4,AMD,-0.07114742430496357,0.23726185005552947,0.199461501897235,0.5082787038704344,0.2462570131000481,0.6185048240958431,0.46059592598875754,0.17284094997033694
2023-04,2023-04-03,5,5,MELI,-0.016739738428461326,-0.04234036303474875,-0.09126550143992307,0.5901514785460436,0.3959894167072915,0.4288946160014824,0.48888137008189836,0.529640596954674
2023-04,2023-04-03,5,6,ASML,-0.05479512135126419,0.08146481519741156,0.09204454619649449,0.22905738761109684,0.10501768183625049,0.42514841131716885,0.5694198618002002,0.44170714872429806
2023-04,2023-04-03,5,7,BKNG,0.009717824473283398,-0.04322034394995922,0.020861398745463333,0.3114737402308385,0.29359978172210766,0.4105118508164174,0.5874339090609146,0.43869115264060676
2023-04,2023-04-03,5,8,CDNS,-0.0035006646260498098,0.09934244789551916,0.11358150610795503,0.3241668767091941,0.19578007042279055,0.4005831156683599,0.24142589208985732,0.24317812124312654
2023-04,2023-04-03,5,9,AVGO,-0.007035292832486162,0.22955155293435103,0.3714404358784187,0.16913728514868032,0.1847362393508425,0.3945147146728629,0.42846304330691587,0.33729937278877786
2023-04,2023-04-03,5,10,PDD,-0.08351149526761392,-0.07683057564620488,-0.047434468146358766,-0.1146338883395267,-0.1062813679594029,0.38875481880718676,0.19457293719260949,0.0478857218793991
2023-04,2023-04-03,6,1,NVDA,0.033792237046297524,0.4221349227684694,0.516802723494816,0.9538768750566498,0.6323173924270271,1.0657833921934845,1.236005990796559,1.0079802138507716
2023-04,2023-04-03,6,2,BKNG,0.009717824473283398,-0.04322034394995922,0.020861398745463333,0.3114737402308385,0.29359978172210766,0.4105118508164174,0.5874339090609146,0.43869115264060676
2023-04,2023-04-03,6,3,ASML,-0.05479512135126419,0.08146481519741156,0.09204454619649449,0.22905738761109684,0.10501768183625049,0.42514841131716885,0.5694198618002002,0.44170714872429806
2023-04,2023-04-03,6,4,META,0.14131507964119594,0.27943840933350805,0.3423757331568058,0.7081128383513906,0.7690965226282958,1.2381305141008552,0.5371908982740827,0.2885220207813812
2023-04,2023-04-03,6,5,ALGN,-0.030609498531921298,-0.09210323303598855,0.0526653120908247,0.5420671188332475,0.6223918281801555,0.6955869172440285,0.5180393574014714,0.33209896144737305
2023-04,2023-04-03,6,6,MELI,-0.016739738428461326,-0.04234036303474875,-0.09126550143992307,0.5901514785460436,0.3959894167072915,0.4288946160014824,0.48888137008189836,0.529640596954674
2023-04,2023-04-03,6,7,AMD,-0.07114742430496357,0.23726185005552947,0.199461501897235,0.5082787038704344,0.2462570131000481,0.6185048240958431,0.46059592598875754,0.17284094997033694
2023-04,2023-04-03,6,8,NFLX,-0.06936948511552798,0.15748824938929018,0.26748599198396583,0.18081024322816885,0.09884838145865738,0.21457715925506782,0.4569946491464647,0.5139975462495152
2023-04,2023-04-03,6,9,IDXX,0.0006745091611055631,-0.039712210256244274,0.0018599212756620354,0.2050687846245709,0.11407877144185186,0.2388777709656993,0.45321967345066727,0.39819392236833084
2023-04,2023-04-03,6,10,AVGO,-0.007035292832486162,0.22955155293435103,0.3714404358784187,0.16913728514868032,0.1847362393508425,0.3945147146728629,0.42846304330691587,0.33729937278877786
2023-03,2023-03-01,4,1,META,0.22863580255248261,0.40226056884021144,0.5719638368679465,0.4398868394954871,0.8216386902051478,0.2511363376198048,0.04874204227524981,0.08434946056238357
2023-03,2023-03-01,4,2,PDD,-0.17794380947632138,-0.2465949511409523,-0.2411028598077818,0.08717462667760811,0.6893672656640433,0.45315241337897416,0.2747130110556788,0.9089956707304248
2023-03,2023-03-01,4,3,NVDA,0.2322560301366663,0.27389671800877413,0.7524343342493887,0.32465766245509164,0.676423845103338,0.8145628311906654,0.6295154292148784,0.2315252547802118
2023-03,2023-03-01,4,4,ALGN,0.0609989543923779,0.028522308455534384,-0.03672247955496344,0.529117273361764,0.5981042301922646,0.43076423507960526,0.2555139248089562,0.09090584396175605
2023-03,2023-03-01,4,5,BKNG,0.044222669315360896,0.054370241926791074,-0.0009089936127935072,0.23881603008125607,0.35077689104490717,0.5202063273551678,0.37776280377429194,0.3386265937513342
2023-03,2023-03-01,4,6,MELI,0.08680260646664051,0.06860981511101882,0.04078698956173166,0.28449215009325757,0.31476922073920566,0.36996485030752435,0.407468649645373,0.4849687509466798
2023-03,2023-03-01,4,7,AMD,0.23336309144738965,0.14561248425810058,0.5259931003144043,0.010454278826786734,0.31226954602352985,0.1842383934764118,-0.04907082261236473,-0.19105185055783347
2023-03,2023-03-01,4,8,AMAT,0.043152071810743875,-0.036755905414850853,0.1528014130003852,0.09835150848877539,0.3121817216480125,0.3660382919607508,0.2833113141197767,0.11016995367601434
2023-03,2023-03-01,4,9,MCHP,0.02389216442866693,-0.06684838195194731,-0.04633791222925343,0.035790596468730396,0.3066622835632613,0.2799790324986393,0.2549432315256306,0.18315511439296595
2023-03,2023-03-01,4,10,ASML,0.09600792674956837,0.035952039401378144,0.1852940099571201,0.008220520004269094,0.3003084891399761,0.4319420722208005,0.31541671692099005,0.07173250154032029
2023-03,2023-03-01,5,1,NVDA,0.2322560301366663,0.27389671800877413,0.7524343342493887,0.32465766245509164,0.676423845103338,0.8145628311906654,0.6295154292148784,0.2315252547802118
2023-03,2023-03-01,5,2,BKNG,0.044222669315360896,0.054370241926791074,-0.0009089936127935072,0.23881603008125607,0.35077689104490717,0.5202063273551678,0.37776280377429194,0.3386265937513342
2023-03,2023-03-01,5,3,PDD,-0.17794380947632138,-0.2465949511409523,-0.2411028598077818,0.08717462667760811,0.6893672656640433,0.45315241337897416,0.2747130110556788,0.9089956707304248
2023-03,2023-03-01,5,4,ASML,0.09600792674956837,0.035952039401378144,0.1852940099571201,0.008220520004269094,0.3003084891399761,0.4319420722208005,0.31541671692099005,0.07173250154032029
2023-03,2023-03-01,5,5,ALGN,0.0609989543923779,0.028522308455534384,-0.03672247955496344,0.529117273361764,0.5981042301922646,0.43076423507960526,0.2555139248089562,0.09090584396175605
2023-03,2023-03-01,5,6,BKR,-0.03795432436225221,-0.07108405188854927,-0.0734813642098533,0.06901335021044641,0.10494152893287012,0.4134124098171599,0.2801149748207785,0.2866260435634258
2023-03,2023-03-01,5,7,IDXX,0.04299719174530425,0.04370070290614381,0.0015774679700424343,0.06815126661808435,0.1878054713576145,0.3933112044327898,0.3405538705513258,0.17825835870268758
2023-03,2023-03-01,5,8,MELI,0.08680260646664051,0.06860981511101882,0.04078698956173166,0.28449215009325757,0.31476922073920566,0.36996485030752435,0.407468649645373,0.4849687509466798
2023-03,2023-03-01,5,9,AMAT,0.043152071810743875,-0.036755905414850853,0.1528014130003852,0.09835150848877539,0.3121817216480125,0.3660382919607508,0.2833113141197767,0.11016995367601434
2023-03,2023-03-01,5,10,PCAR,-0.00013694450637780076,0.023819191006489326,-0.038175481418026846,0.06683776065099178,0.17009265848108446,0.3117541511930697,0.29690734844410915,0.2534540331545998
2023-03,2023-03-01,6,1,NVDA,0.2322560301366663,0.27389671800877413,0.7524343342493887,0.32465766245509164,0.676423845103338,0.8145628311906654,0.6295154292148784,0.2315252547802118
2023-03,2023-03-01,6,2,MELI,0.08680260646664051,0.06860981511101882,0.04078698956173166,0.28449215009325757,0.31476922073920566,0.36996485030752435,0.407468649645373,0.4849687509466798
2023-03,2023-03-01,6,3,BKNG,0.044222669315360896,0.054370241926791074,-0.0009089936127935072,0.23881603008125607,0.35077689104490717,0.5202063273551678,0.37776280377429194,0.3386265937513342
2023-03,2023-03-01,6,4,NFLX,0.11101185369611177,0.033941533447964245,0.2859831655854628,-0.010948103026073852,0.09321710224280255,0.3114123348903417,0.3627195256402995,0.38579192657217964
2023-03,2023-03-01,6,5,BIIB,0.018845762623886264,0.14290435736229723,0.11094380498525913,-0.09819451399405588,-0.027960351560222585,0.029928127232095925,0.36248060765099344,0.3008219373062526
2023-03,2023-03-01,6,6,IDXX,0.04299719174530425,0.04370070290614381,0.0015774679700424343,0.06815126661808435,0.1878054713576145,0.3933112044327898,0.3405538705513258,0.17825835870268758
2023-03,2023-03-01,6,7,DXCM,0.04044777574154268,0.06933911301057627,0.07963163167851817,-0.06159448206604223,-0.06955644082338741,0.30336547141585246,0.33317284178042983,0.3212453741734218
2023-03,2023-03-01,6,8,ASML,0.09600792674956837,0.035952039401378144,0.1852940099571201,0.008220520004269094,0.3003084891399761,0.4319420722208005,0.31541671692099005,0.07173250154032029
2023-03,2023-03-01,6,9,PCAR,-0.00013694450637780076,0.023819191006489326,-0.038175481418026846,0.06683776065099178,0.17009265848108446,0.3117541511930697,0.29690734844410915,0.2534540331545998
2023-03,2023-03-01,6,10,AMAT,0.043152071810743875,-0.036755905414850853,0.1528014130003852,0.09835150848877539,0.3121817216480125,0.3660382919607508,0.2833113141197767,0.11016995367601434
2023-02,2023-02-01,4,1,NVDA,0.08379874331765591,0.3355175369077221,0.3806476620943955,0.5468036436096759,0.6742617966468949,0.503522161528541,0.13630437604157475,0.4428553026784168
2023-02,2023-02-01,4,2,PDD,-0.11594486358697842,-0.27325700234742045,-0.33394839675665544,0.9109297554884497,0.6437350494619785,0.44189311113299823,1.1593626823729708,0.5887072484074138
2023-02,2023-02-01,4,3,ASML,-0.09173536652781322,-0.004534762128191927,-0.059081400638342774,0.4316405607130738,0.576569228228845,0.4482747301216712,0.17997823766760068,0.516582852415727
2023-02,2023-02-01,4,4,NFLX,-0.1340092699700961,-0.03787403374582732,-0.10461621664115917,0.2623889198040863,0.5143491603484678,0.5735959732423956,0.6002387537385374,1.0116143164235587
2023-02,2023-02-01,4,5,BKNG,0.04357781575464448,0.08972761240560856,0.10031739406665663,0.2943710288323036,0.45672541558950086,0.32023006140465693,0.2827281047396841,0.3833528776535857
2023-02,2023-02-01,4,6,BKR,-0.02221525109107947,-0.059326410607631996,-0.09172015291835323,0.13004577967271413,0.4455251131645719,0.3091991629540334,0.3158581630559605,0.11547120135102973
2023-02,2023-02-01,4,7,MRNA,-0.22168673960478602,-0.08502585808801166,-0.23465294572099527,0.12727983802906406,0.4406149775125501,0.25440810996694907,0.07919019862501786,0.16238750649605183
2023-02,2023-02-01,4,8,IDXX,-0.029180475470423684,0.012562037775859736,0.013245020146527287,0.22350801703661816,0.43519075299596754,0.38084766187712304,0.21367394137816542,0.3480638570356538
2023-02,2023-02-01,4,9,ODFL,-0.07783581754264612,-0.08981842934901929,-0.13467271252260204,0.34863126018632173,0.4052811078034879,0.3265887451300913,0.21270272776412003,0.4114667743527618
2023-02,2023-02-01,4,10,AMAT,-0.012397127922910034,0.030219982133457446,-0.04869736567641059,0.32865320540054754,0.38318582355653663,0.2994203949820069,0.12410563503237482,0.3864018597814922
2023-02,2023-02-01,5,1,NFLX,-0.1340092699700961,-0.03787403374582732,-0.10461621664115917,0.2623889198040863,0.5143491603484678,0.5735959732423956,0.6002387537385374,1.0116143164235587
2023-02,2023-02-01,5,2,NVDA,0.08379874331765591,0.3355175369077221,0.3806476620943955,0.5468036436096759,0.6742617966468949,0.503522161528541,0.13630437604157475,0.4428553026784168
2023-02,2023-02-01,5,3,BIIB,-0.06649524774548254,-0.04890263877622425,0.06690664897009979,0.041279807191333395,0.10329178801147543,0.4595325887312858,0.3934818587314348,0.3844181709332064
2023-02,2023-02-01,5,4,ASML,-0.09173536652781322,-0.004534762128191927,-0.059081400638342774,0.4316405607130738,0.576569228228845,0.4482747301216712,0.17997823766760068,0.516582852415727
2023-02,2023-02-01,5,5,PDD,-0.11594486358697842,-0.27325700234742045,-0.33394839675665544,0.9109297554884497,0.6437350494619785,0.44189311113299823,1.1593626823729708,0.5887072484074138
2023-02,2023-02-01,5,6,MELI,-0.0045870987821620135,0.08181733555406678,0.06370799632951685,0.32082798919990996,0.37627797332287005,0.4139545990647753,0.49181183921756944,0.8399727503627474
2023-02,2023-02-01,5,7,IDXX,-0.029180475470423684,0.012562037775859736,0.013245020146527287,0.22350801703661816,0.43519075299596754,0.38084766187712304,0.21367394137816542,0.3480638570356538
2023-02,2023-02-01,5,8,ROST,-0.06623353813265176,-0.0804887081584621,-0.104866841412396,0.25506501083961886,0.3823818865774462,0.3472737842712279,0.448933270653457,0.6705968186113038
2023-02,2023-02-01,5,9,ODFL,-0.07783581754264612,-0.08981842934901929,-0.13467271252260204,0.34863126018632173,0.4052811078034879,0.3265887451300913,0.21270272776412003,0.4114667743527618
2023-02,2023-02-01,5,10,BKNG,0.04357781575464448,0.08972761240560856,0.10031739406665663,0.2943710288323036,0.45672541558950086,0.32023006140465693,0.2827281047396841,0.3833528776535857
2023-02,2023-02-01,6,1,PDD,-0.11594486358697842,-0.27325700234742045,-0.33394839675665544,0.9109297554884497,0.6437350494619785,0.44189311113299823,1.1593626823729708,0.5887072484074138
2023-02,2023-02-01,6,2,NFLX,-0.1340092699700961,-0.03787403374582732,-0.10461621664115917,0.2623889198040863,0.5143491603484678,0.5735959732423956,0.6002387537385374,1.0116143164235587
2023-02,2023-02-01,6,3,MELI,-0.0045870987821620135,0.08181733555406678,0.06370799632951685,0.32082798919990996,0.37627797332287005,0.4139545990647753,0.49181183921756944,0.8399727503627474
2023-02,2023-02-01,6,4,ROST,-0.06623353813265176,-0.0804887081584621,-0.104866841412396,0.25506501083961886,0.3823818865774462,0.3472737842712279,0.448933270653457,0.6705968186113038
2023-02,2023-02-01,6,5,GILD,-0.05250006935646445,0.0003890127030217183,-0.02148406393946778,0.06751507764559705,0.35906067681775533,0.31881725941531025,0.4372009024878518,0.37359181444945033
2023-02,2023-02-01,6,6,BIIB,-0.06649524774548254,-0.04890263877622425,0.06690664897009979,0.041279807191333395,0.10329178801147543,0.4595325887312858,0.3934818587314348,0.3844181709332064
2023-02,2023-02-01,6,7,BKR,-0.02221525109107947,-0.059326410607631996,-0.09172015291835323,0.13004577967271413,0.4455251131645719,0.3091991629540334,0.3158581630559605,0.11547120135102973
2023-02,2023-02-01,6,8,REGN,0.016411725557044177,0.08996053961595618,0.06427422577243935,-0.002513383361013033,0.031110129232260864,0.26200831390771606,0.31442064718831086,0.27309351148197814
2023-02,2023-02-01,6,9,CEG,-0.12638326790461663,-0.09971042160370702,-0.09465792689823738,-0.1044736664399254,-0.012118287480198164,0.03660518648146405,0.31231135666799537,0.48774220857638384
2023-02,2023-02-01,6,10,SBUX,-0.07320427616983327,-0.041954793586869155,0.04676819610458871,0.2700588246983089,0.2920126355871886,0.2953409247315064,0.31023921906077945,0.4036389346325857
2023-01,2023-01-03,4,1,DXCM,-0.0611871704616026,-0.03460299053903226,0.004445171201200804,0.35008235849372515,0.38095812263268836,0.3686031355236361,0.47790812077971756,0.6167694330095363
2023-01,2023-01-03,4,2,BIIB,0.06958148729395064,-0.001540598687642336,0.01727613017907803,0.0315172814021043,0.3645828822485646,0.302829074067984,0.29435502332393115,0.3631500244140624
2023-01,2023-01-03,4,3,GILD,-0.01627836316372422,-0.06792381732508346,-0.015895682950757606,0.3815500502648277,0.3406406955292025,0.4609833195394586,0.39632164528476466,0.3611652769589653
2023-01,2023-01-03,4,4,ROST,0.023223586731053292,-0.044548131718926576,-0.059134357922197345,0.35100666609319964,0.3166953945768931,0.4160475671621695,0.6326801300079958,0.41518376404628854
2023-01,2023-01-03,4,5,ISRG,-0.054361337860821535,-0.14418553005205326,-0.04555210586565239,0.3737588128068712,0.2887778569511663,0.16229112053155115,0.2888403542763478,0.2275521310229256
2023-01,2023-01-03,4,6,MRNA,-0.026202593985536038,-0.24208056596048055,-0.10900055403579567,0.4793785325519264,0.2881612768932731,0.10822866436038603,0.1936646157781885,0.24818698125169325
2023-01,2023-01-03,4,7,NFLX,0.22729277105512047,0.06282416276644742,0.18081024322816885,0.2338939787338281,0.2821683711943921,0.3038769489066493,0.6390663775312115,0.5289513389308327
2023-01,2023-01-03,4,8,REGN,0.0520910688954892,0.06935769877921927,0.1467377491784556,-0.019942132657066125,0.19952383516818872,0.2493411321970651,0.21006018311561458,0.09341025030617622
2023-01,2023-01-03,4,9,ORLY,-0.03900229822441115,-0.019626007485240793,0.03238892215949929,0.1706094517849972,0.19002931853005922,0.1857995538193864,0.32172051070211816,0.3459918974709346
2023-01,2023-01-03,4,10,SBUX,0.09084601871620235,0.010991425503338315,0.04507979916590599,0.18441339420914393,0.18746450232817513,0.2011220617578795,0.2867434179981734,0.337012207935119
2023-01,2023-01-03,5,1,PDD,0.21826576178959445,0.07701410422621358,-0.1146338883395267,0.3492417672867889,0.1835620406953753,0.7724890168471406,0.3040728043392211,0.7251020159040178
2023-01,2023-01-03,5,2,GILD,-0.01627836316372422,-0.06792381732508346,-0.015895682950757606,0.3815500502648277,0.3406406955292025,0.4609833195394586,0.39632164528476466,0.3611652769589653
2023-01,2023-01-03,5,3,ROST,0.023223586731053292,-0.044548131718926576,-0.059134357922197345,0.35100666609319964,0.3166953945768931,0.4160475671621695,0.6326801300079958,0.41518376404628854
2023-01,2023-01-03,5,4,DXCM,-0.0611871704616026,-0.03460299053903226,0.004445171201200804,0.35008235849372515,0.38095812263268836,0.3686031355236361,0.47790812077971756,0.6167694330095363
2023-01,2023-01-03,5,5,NFLX,0.22729277105512047,0.06282416276644742,0.18081024322816885,0.2338939787338281,0.2821683711943921,0.3038769489066493,0.6390663775312115,0.5289513389308327
2023-01,2023-01-03,5,6,BIIB,0.06958148729395064,-0.001540598687642336,0.01727613017907803,0.0315172814021043,0.3645828822485646,0.302829074067984,0.29435502332393115,0.3631500244140624
2023-01,2023-01-03,5,7,CEG,0.042730007372847156,-0.08905361850113824,-0.061241041281135944,-0.05260066792480189,-0.005873832006440871,0.25853418180067234,0.42677605713557876,0.2911593442562064
2023-01,2023-01-03,5,8,REGN,0.0520910688954892,0.06935769877921927,0.1467377491784556,-0.019942132657066125,0.19952383516818872,0.2493411321970651,0.21006018311561458,0.09341025030617622
2023-01,2023-01-03,5,9,SBUX,0.09084601871620235,0.010991425503338315,0.04507979916590599,0.18441339420914393,0.18746450232817513,0.2011220617578795,0.2867434179981734,0.337012207935119
2023-01,2023-01-03,5,10,ORLY,-0.03900229822441115,-0.019626007485240793,0.03238892215949929,0.1706094517849972,0.19002931853005922,0.1857995538193864,0.32172051070211816,0.3459918974709346
2023-01,2023-01-03,6,1,NFLX,0.22729277105512047,0.06282416276644742,0.18081024322816885,0.2338939787338281,0.2821683711943921,0.3038769489066493,0.6390663775312115,0.5289513389308327
2023-01,2023-01-03,6,2,ROST,0.023223586731053292,-0.044548131718926576,-0.059134357922197345,0.35100666609319964,0.3166953945768931,0.4160475671621695,0.6326801300079958,0.41518376404628854
2023-01,2023-01-03,6,3,DXCM,-0.0611871704616026,-0.03460299053903226,0.004445171201200804,0.35008235849372515,0.38095812263268836,0.3686031355236361,0.47790812077971756,0.6167694330095363
2023-01,2023-01-03,6,4,CEG,0.042730007372847156,-0.08905361850113824,-0.061241041281135944,-0.05260066792480189,-0.005873832006440871,0.25853418180067234,0.42677605713557876,0.2911593442562064
2023-01,2023-01-03,6,5,GILD,-0.01627836316372422,-0.06792381732508346,-0.015895682950757606,0.3815500502648277,0.3406406955292025,0.4609833195394586,0.39632164528476466,0.3611652769589653
2023-01,2023-01-03,6,6,GFS,0.22224363869611774,0.2593810143551527,0.3676981316233603,0.03752760891890494,-0.09977364758550189,-0.052071865588373845,0.3321308491708497,-0.1104611220093028
2023-01,2023-01-03,6,7,ORLY,-0.03900229822441115,-0.019626007485240793,0.03238892215949929,0.1706094517849972,0.19002931853005922,0.1857995538193864,0.32172051070211816,0.3459918974709346
2023-01,2023-01-03,6,8,PDD,0.21826576178959445,0.07701410422621358,-0.1146338883395267,0.3492417672867889,0.1835620406953753,0.7724890168471406,0.3040728043392211,0.7251020159040178
2023-01,2023-01-03,6,9,BIIB,0.06958148729395064,-0.001540598687642336,0.01727613017907803,0.0315172814021043,0.3645828822485646,0.302829074067984,0.29435502332393115,0.3631500244140624
2023-01,2023-01-03,6,10,ENPH,-0.10331214093866092,-0.15933046859319389,-0.20018945933370935,-0.11618572099685309,-0.10129138322830222,-0.09818795845898254,0.2942468627565018,0.3880760038011095
2022-12,2022-12-01,4,1,PDD,0.009433973437789511,0.22975884862648566,0.08717462667760811,0.1725007002335821,0.7559236794959898,0.2918851937368343,0.7089795482401946,0.8750559370774824
2022-12,2022-12-01,4,2,GILD,-0.02049835551392909,-0.03644303900233847,-0.08702984628361987,0.36869672764318384,0.491557801626779,0.4255429310865453,0.38965083379022536,0.49241698997329575
2022-12,2022-12-01,4,3,CEG,-0.13295239289282168,-0.09590344224852243,-0.2101661197184691,0.14656468669623135,0.45151681578322056,0.6455567669414153,0.48914469479252287,0.6326047730805364
2022-12,2022-12-01,4,4,BIIB,-0.09680304995813882,-0.033957262854866,-0.09819451399405588,0.5108364595178485,0.4424639875141303,0.4330817030149854,0.5092500305175782,0.4559617761901076
2022-12,2022-12-01,4,5,ROST,-0.015659081128138408,0.007200845574206971,-0.0595096300383714,0.337641633435231,0.43857431913435074,0.6586531136785272,0.43769677447546274,0.1729178472315045
2022-12,2022-12-01,4,6,DXCM,-0.02795895498172385,-0.08743539609893147,-0.06159448206604223,0.42067881774140914,0.40796846237897677,0.5204174024893469,0.6632728024145709,0.1596010662937657
2022-12,2022-12-01,4,7,NFLX,-0.06941154367482383,0.14210448527523223,-0.010948103026073852,0.3778038642963386,0.40113166034270553,0.7613224905064495,0.6429940953367794,0.5890404618794187
2022-12,2022-12-01,4,8,REGN,-0.05355735017735741,-0.0042561408998168515,0.012085734040847562,0.26740255777037514,0.32003891882005076,0.2785351371711453,0.15528421136882886,0.16751002969054873
2022-12,2022-12-01,4,9,LULU,-0.1530564174752177,-0.17314445183854388,-0.189434853340269,0.29672267446114664,0.23163767393473478,0.4496924604967816,0.31680238162571484,0.058142143884411635
2022-12,2022-12-01,4,10,SBUX,-0.024571934151150443,0.06404182217526322,-0.013850589231507393,0.21737783020914447,0.23137943617874424,0.3191576734860575,0.37069278068353206,0.39701267074686597
2022-12,2022-12-01,5,1,NFLX,-0.06941154367482383,0.14210448527523223,-0.010948103026073852,0.3778038642963386,0.40113166034270553,0.7613224905064495,0.6429940953367794,0.5890404618794187
2022-12,2022-12-01,5,2,ROST,-0.015659081128138408,0.007200845574206971,-0.0595096300383714,0.337641633435231,0.43857431913435074,0.6586531136785272,0.43769677447546274,0.1729178472315045
2022-12,2022-12-01,5,3,CEG,-0.13295239289282168,-0.09590344224852243,-0.2101661197184691,0.14656468669623135,0.45151681578322056,0.6455567669414153,0.48914469479252287,0.6326047730805364
2022-12,2022-12-01,5,4,ENPH,-0.19328026255224928,-0.2766242057654509,-0.32181529634317774,0.11402829886743038,0.11787526656297498,0.604332710206346,0.7206421751779835,0.8653834526488497
2022-12,2022-12-01,5,5,DXCM,-0.02795895498172385,-0.08743539609893147,-0.06159448206604223,0.42067881774140914,0.40796846237897677,0.5204174024893469,0.6632728024145709,0.1596010662937657
2022-12,2022-12-01,5,6,LULU,-0.1530564174752177,-0.17314445183854388,-0.189434853340269,0.29672267446114664,0.23163767393473478,0.4496924604967816,0.31680238162571484,0.058142143884411635
2022-12,2022-12-01,5,7,BIIB,-0.09680304995813882,-0.033957262854866,-0.09819451399405588,0.5108364595178485,0.4424639875141303,0.4330817030149854,0.5092500305175782,0.4559617761901076
2022-12,2022-12-01,5,8,MELI,-0.12210287161842237,0.29041139463005305,0.28449215009325757,0.0957393936141897,0.1560746018096466,0.42588073696470086,0.23453245935874012,-0.06160808306366439
2022-12,2022-12-01,5,9,GILD,-0.02049835551392909,-0.03644303900233847,-0.08702984628361987,0.36869672764318384,0.491557801626779,0.4255429310865453,0.38965083379022536,0.49241698997329575
2022-12,2022-12-01,5,10,MCHP,-0.11772218153262692,0.03626157024511523,0.035790596468730396,0.2115800585601435,0.14227250027818172,0.4066876180087189,0.11016851387354487,0.16903364500501827
2022-12,2022-12-01,6,1,ENPH,-0.19328026255224928,-0.2766242057654509,-0.32181529634317774,0.11402829886743038,0.11787526656297498,0.604332710206346,0.7206421751779835,0.8653834526488497
2022-12,2022-12-01,6,2,PDD,0.009433973437789511,0.22975884862648566,0.08717462667760811,0.1725007002335821,0.7559236794959898,0.2918851937368343,0.7089795482401946,0.8750559370774824
2022-12,2022-12-01,6,3,DXCM,-0.02795895498172385,-0.08743539609893147,-0.06159448206604223,0.42067881774140914,0.40796846237897677,0.5204174024893469,0.6632728024145709,0.1596010662937657
2022-12,2022-12-01,6,4,NFLX,-0.06941154367482383,0.14210448527523223,-0.010948103026073852,0.3778038642963386,0.40113166034270553,0.7613224905064495,0.6429940953367794,0.5890404618794187
2022-12,2022-12-01,6,5,BIIB,-0.09680304995813882,-0.033957262854866,-0.09819451399405588,0.5108364595178485,0.4424639875141303,0.4330817030149854,0.5092500305175782,0.4559617761901076
2022-12,2022-12-01,6,6,CEG,-0.13295239289282168,-0.09590344224852243,-0.2101661197184691,0.14656468669623135,0.45151681578322056,0.6455567669414153,0.48914469479252287,0.6326047730805364
2022-12,2022-12-01,6,7,ROST,-0.015659081128138408,0.007200845574206971,-0.0595096300383714,0.337641633435231,0.43857431913435074,0.6586531136785272,0.43769677447546274,0.1729178472315045
2022-12,2022-12-01,6,8,GILD,-0.02049835551392909,-0.03644303900233847,-0.08702984628361987,0.36869672764318384,0.491557801626779,0.4255429310865453,0.38965083379022536,0.49241698997329575
2022-12,2022-12-01,6,9,ORLY,-0.019202478240431087,-0.05745583568186119,-0.038451617743989974,0.2133282274155064,0.2090156505412455,0.3475977267264372,0.372344309206859,0.4037173574445445
2022-12,2022-12-01,6,10,SBUX,-0.024571934151150443,0.06404182217526322,-0.013850589231507393,0.21737783020914447,0.23137943617874424,0.3191576734860575,0.37069278068353206,0.39701267074686597
2022-11,2022-11-01,4,1,CEG,-0.009479323992469757,-0.14117141807748623,-0.1044736664399254,0.46540789197234855,0.6613048135190114,0.5033958713459525,0.6482288685391611,0.6533421670902118
2022-11,2022-11-01,4,2,NFLX,0.10531824021325598,0.028596394908114053,0.2623889198040863,0.26762737586993635,0.5934980772294383,0.4864443881970013,0.43763162867269356,-0.23220073517725515
2022-11,2022-11-01,4,3,DXCM,-0.00848456089098304,-0.036206296416716244,-0.09517810604768584,0.4200166803697858,0.5334278645782915,0.6775057016854928,0.1695239635761916,-0.10423839362387755
2022-11,2022-11-01,4,4,MELI,0.023571238363542912,-0.10140974914667034,0.32082798919990996,0.12945201904847026,0.39304494257220335,0.20610311533614012,-0.08321777540700503,-0.2489849744811391
2022-11,2022-11-01,4,5,ROST,0.24609209409877342,0.22657943690414872,0.25506501083961886,0.15446869934183205,0.33108389141826255,0.15376446193992255,-0.05872298461229841,0.052534780533507686
2022-11,2022-11-01,4,6,BIIB,0.07788172008677519,-0.026460517911749415,0.041279807191333395,0.33823958661995346,0.32953521365926375,0.4002000427246093,0.35076210038416344,0.32940905131256004
2022-11,2022-11-01,4,7,ORLY,0.027793775264651543,0.008057587659481502,-0.031258975001793976,0.17632124229389312,0.31115575824482655,0.3352331394043395,0.3657577922994275,0.2495691726425806
2022-11,2022-11-01,4,8,GILD,0.1078899544665195,0.08518003230955395,0.06751507764559705,0.3463050148739786,0.286718888766335,0.2543220815278371,0.3470805326436388,0.3615289409398066
2022-11,2022-11-01,4,9,REGN,0.0017502066649737191,-0.05190087994362236,-0.002513383361013033,0.31773261441564715,0.27630134604877554,0.15326575795277386,0.16547021595076328,0.09366304443532703
2022-11,2022-11-01,4,10,LULU,0.15576953703365004,-0.02112840773171132,-0.04434554590772899,0.06564296295246264,0.2543092840269019,0.1393295457547401,-0.08446960230480283,-0.10091448084985455
2022-11,2022-11-01,5,1,DXCM,-0.00848456089098304,-0.036206296416716244,-0.09517810604768584,0.4200166803697858,0.5334278645782915,0.6775057016854928,0.1695239635761916,-0.10423839362387755
2022-11,2022-11-01,5,2,CEG,-0.009479323992469757,-0.14117141807748623,-0.1044736664399254,0.46540789197234855,0.6613048135190114,0.5033958713459525,0.6482288685391611,0.6533421670902118
2022-11,2022-11-01,5,3,NFLX,0.10531824021325598,0.028596394908114053,0.2623889198040863,0.26762737586993635,0.5934980772294383,0.4864443881970013,0.43763162867269356,-0.23220073517725515
2022-11,2022-11-01,5,4,BIIB,0.07788172008677519,-0.026460517911749415,0.041279807191333395,0.33823958661995346,0.32953521365926375,0.4002000427246093,0.35076210038416344,0.32940905131256004
2022-11,2022-11-01,5,5,ORLY,0.027793775264651543,0.008057587659481502,-0.031258975001793976,0.17632124229389312,0.31115575824482655,0.3352331394043395,0.3657577922994275,0.2495691726425806
2022-11,2022-11-01,5,6,GILD,0.1078899544665195,0.08518003230955395,0.06751507764559705,0.3463050148739786,0.286718888766335,0.2543220815278371,0.3470805326436388,0.3615289409398066
2022-11,2022-11-01,5,7,MELI,0.023571238363542912,-0.10140974914667034,0.32082798919990996,0.12945201904847026,0.39304494257220335,0.20610311533614012,-0.08321777540700503,-0.2489849744811391
2022-11,2022-11-01,5,8,VRTX,0.020878412806270896,-0.08968816708635619,0.009770772397735605,0.14742733672125308,0.09355423986356959,0.1662522101484285,0.19941984446472794,0.1805373639393557
2022-11,2022-11-01,5,9,ROST,0.24609209409877342,0.22657943690414872,0.25506501083961886,0.15446869934183205,0.33108389141826255,0.15376446193992255,-0.05872298461229841,0.052534780533507686
2022-11,2022-11-01,5,10,REGN,0.0017502066649737191,-0.05190087994362236,-0.002513383361013033,0.31773261441564715,0.27630134604877554,0.15326575795277386,0.16547021595076328,0.09366304443532703
2022-11,2022-11-01,6,1,CEG,-0.009479323992469757,-0.14117141807748623,-0.1044736664399254,0.46540789197234855,0.6613048135190114,0.5033958713459525,0.6482288685391611,0.6533421670902118
2022-11,2022-11-01,6,2,NFLX,0.10531824021325598,0.028596394908114053,0.2623889198040863,0.26762737586993635,0.5934980772294383,0.4864443881970013,0.43763162867269356,-0.23220073517725515
2022-11,2022-11-01,6,3,ORLY,0.027793775264651543,0.008057587659481502,-0.031258975001793976,0.17632124229389312,0.31115575824482655,0.3352331394043395,0.3657577922994275,0.2495691726425806
2022-11,2022-11-01,6,4,BIIB,0.07788172008677519,-0.026460517911749415,0.041279807191333395,0.33823958661995346,0.32953521365926375,0.4002000427246093,0.35076210038416344,0.32940905131256004
2022-11,2022-11-01,6,5,GILD,0.1078899544665195,0.08518003230955395,0.06751507764559705,0.3463050148739786,0.286718888766335,0.2543220815278371,0.3470805326436388,0.3615289409398066
2022-11,2022-11-01,6,6,PDD,0.5539060829875402,0.568565591699264,0.9109297554884497,0.13000631036854604,-0.16862080155252646,0.09979590591119258,0.20667262816327958,0.2635403859704295
2022-11,2022-11-01,6,7,TMUS,-0.003086350145928729,-0.08694515832114191,-0.008602597693847525,0.059044646632916864,0.11307635785565884,0.1316886128705146,0.20474680661495626,0.16457622607772393
2022-11,2022-11-01,6,8,VRTX,0.020878412806270896,-0.08968816708635619,0.009770772397735605,0.14742733672125308,0.09355423986356959,0.1662522101484285,0.19941984446472794,0.1805373639393557
2022-11,2022-11-01,6,9,AMGN,0.058257168771366885,-0.031639509586903425,-0.08804228005302439,0.11610917840396007,0.11651796921667112,0.08184444174396366,0.19679429800537052,0.13673797880643312
2022-11,2022-11-01,6,10,SBUX,0.19361739193848315,0.1642879039821028,0.2700588246983089,0.031636640430426466,0.10517631729853738,0.14835188389595388,0.17040240883057245,-0.035815620745777155
2022-10,2022-10-03,4,1,CEG,0.10312971880187782,0.09267279479163282,-0.05260066792480189,0.5059922556735885,0.36284595158836663,0.4941387585218189,0.498774023499182,0.819603646438877
2022-10,2022-10-03,4,2,BIIB,0.05955361891383282,0.14207347727900976,0.0315172814021043,0.2548069205050649,0.32149993896484386,0.27484072185875186,0.25468784928068167,0.25653699911830663
2022-10,2022-10-03,4,3,PDD,-0.13982445208101013,0.33663201634845863,0.3492417672867889,-0.033477293723569446,0.2785714597118145,0.4028213555739466,0.46893316024536413,0.22891334029875998
2022-10,2022-10-03,4,4,NFLX,0.1995900285495884,0.3259287393338004,0.2338939787338281,0.3283688921256873,0.2391269957405744,0.1984357942779158,-0.3599486103172408,-0.3811102167396704
2022-10,2022-10-03,4,5,TEAM,-0.1177471868692268,-0.35554227958148243,-0.41793586281595396,0.10034938927372972,0.21244073545916153,-0.07629206494972862,-0.2891905091380059,-0.2927067087525276
2022-10,2022-10-03,4,6,DXCM,0.40080014371774864,0.38891496960227756,0.35008235849372515,0.09467997376738291,0.19753393031026012,-0.16510291006092126,-0.3605357549444883,-0.16769910046336411
2022-10,2022-10-03,4,7,MELI,0.04198123039211854,0.06654201834402906,-0.06368582479748508,0.3369194203699548,0.15750944465886318,-0.12015476109105028,-0.27924323047907607,-0.21539859453925003
2022-10,2022-10-03,4,8,ORLY,0.16125255750807876,0.19352815011696012,0.1706094517849972,0.12908750966148452,0.1498214843716721,0.17610745696026253,0.0760528918222747,0.09393465073792995
2022-10,2022-10-03,4,9,ZS,-0.11799891950838615,-0.152542345579591,-0.3537622075462058,0.09744480829924163,0.14482336317884403,-0.18114585791980842,-0.3074611516298197,-0.3119880835772566
2022-10,2022-10-03,4,10,SBUX,0.01728566461801062,0.21424986185775619,0.18441339420914393,0.08639721932337419,0.12883914895936188,0.15051499253167688,-0.052198991110060766,-0.038004030145473044
2022-10,2022-10-03,5,1,CEG,0.10312971880187782,0.09267279479163282,-0.05260066792480189,0.5059922556735885,0.36284595158836663,0.4941387585218189,0.498774023499182,0.819603646438877
2022-10,2022-10-03,5,2,PDD,-0.13982445208101013,0.33663201634845863,0.3492417672867889,-0.033477293723569446,0.2785714597118145,0.4028213555739466,0.46893316024536413,0.22891334029875998
2022-10,2022-10-03,5,3,BIIB,0.05955361891383282,0.14207347727900976,0.0315172814021043,0.2548069205050649,0.32149993896484386,0.27484072185875186,0.25468784928068167,0.25653699911830663
2022-10,2022-10-03,5,4,NFLX,0.1995900285495884,0.3259287393338004,0.2338939787338281,0.3283688921256873,0.2391269957405744,0.1984357942779158,-0.3599486103172408,-0.3811102167396704
2022-10,2022-10-03,5,5,ORLY,0.16125255750807876,0.19352815011696012,0.1706094517849972,0.12908750966148452,0.1498214843716721,0.17610745696026253,0.0760528918222747,0.09393465073792995
2022-10,2022-10-03,5,6,SBUX,0.01728566461801062,0.21424986185775619,0.18441339420914393,0.08639721932337419,0.12883914895936188,0.15051499253167688,-0.052198991110060766,-0.038004030145473044
2022-10,2022-10-03,5,7,VRTX,0.05638308154595029,0.07843868360402717,-0.038361980778942706,0.035187195788124015,0.10400500587503858,0.13540236058064492,0.11752770804669943,0.28930594966431844
2022-10,2022-10-03,5,8,CDNS,-0.11363640029499611,0.03817242216700256,-0.06248531516281686,0.13793103096655202,0.11134314986735938,0.13150370498877928,0.028074586484341246,0.13120308350601229
2022-10,2022-10-03,5,9,REGN,0.033708234308513996,0.03551743734983903,-0.019942132657066125,0.23468238298647326,0.11565886744071108,0.12746534976611645,0.05799974125863394,0.21102735885863266
2022-10,2022-10-03,5,10,TMUS,0.09632814890197094,0.09294449635962154,0.0010077244237647331,0.01527663863275075,0.03225354015032722,0.09889252394146064,0.06225150493865095,0.12807622931381468
2022-10,2022-10-03,6,1,CEG,0.10312971880187782,0.09267279479163282,-0.05260066792480189,0.5059922556735885,0.36284595158836663,0.4941387585218189,0.498774023499182,0.819603646438877
2022-10,2022-10-03,6,2,PDD,-0.13982445208101013,0.33663201634845863,0.3492417672867889,-0.033477293723569446,0.2785714597118145,0.4028213555739466,0.46893316024536413,0.22891334029875998
2022-10,2022-10-03,6,3,BIIB,0.05955361891383282,0.14207347727900976,0.0315172814021043,0.2548069205050649,0.32149993896484386,0.27484072185875186,0.25468784928068167,0.25653699911830663
2022-10,2022-10-03,6,4,VRTX,0.05638308154595029,0.07843868360402717,-0.038361980778942706,0.035187195788124015,0.10400500587503858,0.13540236058064492,0.11752770804669943,0.28930594966431844
2022-10,2022-10-03,6,5,MNST,0.05927920509023776,0.1592006326906925,0.13753227845482785,-0.058357086973004124,0.011584288560067657,0.050973447726539334,0.08423612952417736,0.07016696025885838
2022-10,2022-10-03,6,6,ORLY,0.16125255750807876,0.19352815011696012,0.1706094517849972,0.12908750966148452,0.1498214843716721,0.17610745696026253,0.0760528918222747,0.09393465073792995
2022-10,2022-10-03,6,7,GILD,0.2731067741124198,0.4104622060024261,0.3815500502648277,0.010692044792083744,-0.014755001675078594,0.0581049131427267,0.06945384992475012,0.07248133191844874
2022-10,2022-10-03,6,8,TMUS,0.09632814890197094,0.09294449635962154,0.0010077244237647331,0.01527663863275075,0.03225354015032722,0.09889252394146064,0.06225150493865095,0.12807622931381468
2022-10,2022-10-03,6,9,REGN,0.033708234308513996,0.03551743734983903,-0.019942132657066125,0.23468238298647326,0.11565886744071108,0.12746534976611645,0.05799974125863394,0.21102735885863266
2022-10,2022-10-03,6,10,CDNS,-0.11363640029499611,0.03817242216700256,-0.06248531516281686,0.13793103096655202,0.11134314986735938,0.13150370498877928,0.028074586484341246,0.13120308350601229
2022-09,2022-09-01,4,1,PDD,-0.12279469151372446,-0.24544944313537143,0.1725007002335821,0.4575509830397002,0.5991938740027527,0.6745602723040824,0.40094152236652514,0.19832214760805056
2022-09,2022-09-01,4,2,CEG,0.049321161981410455,0.15753735834941307,0.14656468669623135,0.2987882080019564,0.42390986921532114,0.4283272631889741,0.7340769560035927,0.670221408391638
2022-09,2022-09-01,4,3,ORLY,0.016589535233505703,0.1805171977258575,0.2133282274155064,0.13105776178146833,0.15691477848049695,0.05849298515069856,0.07608293497400442,0.0753132018758147
2022-09,2022-09-01,4,4,NFLX,0.039123614583240984,0.24652232648446137,0.3778038642963386,0.1924731363530301,0.15331398253187611,-0.3840469211745676,-0.40441178068256456,-0.49677336686641815
2022-09,2022-09-01,4,5,SBUX,0.0025760499956761773,0.019906243349951058,0.21737783020914447,0.12593867464142017,0.14755882362902928,-0.054634300416385395,-0.04047581242472742,-0.11978476274220451
2022-09,2022-09-01,4,6,SNPS,-0.04664795844564751,-0.12427434816162086,0.07624291511947834,0.049327796520190814,0.14371710641996605,-0.007433341304818208,0.08053036777297651,0.06628818685346372
2022-09,2022-09-01,4,7,TMUS,-0.03488043532802931,0.058087745805897706,0.05482211653722424,0.06956026790439629,0.1386076546017978,0.10064239066554803,0.16884608975596738,0.3137378070593584
2022-09,2022-09-01,4,8,BIDU,-0.17303428232203544,-0.4585409352831098,-0.24785436473935374,0.022432936265750714,0.12998588329305805,0.024898875480185767,-0.11285769872239737,-0.10316579606643395
2022-09,2022-09-01,4,9,CDNS,0.0014114649649521471,-0.11238532912780363,0.03963776616847081,0.1097767388815094,0.12990887819362062,0.026625540501797884,0.12960868042948026,0.12156185345020631
2022-09,2022-09-01,4,10,ADP,-0.05166031498018708,-0.005152060249657975,0.09411246259972716,0.12679304445199113,0.12679304445199113,0.058365125664722184,0.2276210556715259,0.20821167191154455
2022-09,2022-09-01,5,1,PDD,-0.12279469151372446,-0.24544944313537143,0.1725007002335821,0.4575509830397002,0.5991938740027527,0.6745602723040824,0.40094152236652514,0.19832214760805056
2022-09,2022-09-01,5,2,CEG,0.049321161981410455,0.15753735834941307,0.14656468669623135,0.2987882080019564,0.42390986921532114,0.4283272631889741,0.7340769560035927,0.670221408391638
2022-09,2022-09-01,5,3,GILD,-0.02961119991836947,0.23540855490674661,0.36869672764318384,0.01530953185160544,0.0903927508785316,0.10208799795997847,0.10520786289807771,-0.027313706867843845
2022-09,2022-09-01,5,4,TMUS,-0.03488043532802931,0.058087745805897706,0.05482211653722424,0.06956026790439629,0.1386076546017978,0.10064239066554803,0.16884608975596738,0.3137378070593584
2022-09,2022-09-01,5,5,JD,-0.2153382792624119,-0.3909048100205531,-0.11503719540358592,0.13120628757150832,0.02102387816013951,0.09497866626505358,-0.1172948944268496,-0.1382221728410984
2022-09,2022-09-01,5,6,VRTX,0.02491378416480594,0.08270158163493879,0.10530667220231527,0.07716865841031062,0.10780280070667136,0.09036264836399299,0.25796527433277117,0.1813075302489371
2022-09,2022-09-01,5,7,MNST,0.0007865134249911421,0.06011234240585517,0.1601123595505618,0.010789289214263365,0.05014749262536866,0.08338403343745782,0.06932592106624891,0.02925868791003472
2022-09,2022-09-01,5,8,ORLY,0.016589535233505703,0.1805171977258575,0.2133282274155064,0.13105776178146833,0.15691477848049695,0.05849298515069856,0.07608293497400442,0.0753132018758147
2022-09,2022-09-01,5,9,ADP,-0.05166031498018708,-0.005152060249657975,0.09411246259972716,0.12679304445199113,0.12679304445199113,0.058365125664722184,0.2276210556715259,0.20821167191154455
2022-09,2022-09-01,5,10,XEL,-0.12531437578521243,-0.12050998092224652,-0.06325618863710392,0.011208648654752684,0.04530078541043947,0.04415174088653773,0.1500899185047493,0.11684165225370058
2022-09,2022-09-01,6,1,CEG,0.049321161981410455,0.15753735834941307,0.14656468669623135,0.2987882080019564,0.42390986921532114,0.4283272631889741,0.7340769560035927,0.670221408391638
2022-09,2022-09-01,6,2,PDD,-0.12279469151372446,-0.24544944313537143,0.1725007002335821,0.4575509830397002,0.5991938740027527,0.6745602723040824,0.40094152236652514,0.19832214760805056
2022-09,2022-09-01,6,3,VRTX,0.02491378416480594,0.08270158163493879,0.10530667220231527,0.07716865841031062,0.10780280070667136,0.09036264836399299,0.25796527433277117,0.1813075302489371
2022-09,2022-09-01,6,4,ADP,-0.05166031498018708,-0.005152060249657975,0.09411246259972716,0.12679304445199113,0.12679304445199113,0.058365125664722184,0.2276210556715259,0.20821167191154455
2022-09,2022-09-01,6,5,TMUS,-0.03488043532802931,0.058087745805897706,0.05482211653722424,0.06956026790439629,0.1386076546017978,0.10064239066554803,0.16884608975596738,0.3137378070593584
2022-09,2022-09-01,6,6,AEP,-0.13821076926911602,-0.1352803541440789,-0.048782437829048564,0.011213207847318163,0.059800768914298086,0.02451217147996232,0.15284584695310666,0.18738400975746639
2022-09,2022-09-01,6,7,XEL,-0.12531437578521243,-0.12050998092224652,-0.06325618863710392,0.011208648654752684,0.04530078541043947,0.04415174088653773,0.1500899185047493,0.11684165225370058
2022-09,2022-09-01,6,8,CDNS,0.0014114649649521471,-0.11238532912780363,0.03963776616847081,0.1097767388815094,0.12990887819362062,0.026625540501797884,0.12960868042948026,0.12156185345020631
2022-09,2022-09-01,6,9,AMGN,-0.061344107697532846,0.10818758336201095,0.17274745443626482,-0.023771374100878706,0.07995642251697621,0.025763143237723662,0.1073378204043034,0.09988561335086077
2022-09,2022-09-01,6,10,GILD,-0.02961119991836947,0.23540855490674661,0.36869672764318384,0.01530953185160544,0.0903927508785316,0.10208799795997847,0.10520786289807771,-0.027313706867843845
2022-08,2022-08-01,4,1,MNST,-0.09635494029450598,-0.09564421132362078,-0.042034719052129854,0.16212386859905048,0.19890439481907007,0.1833472773200926,0.13900770756770275,0.020198849489844406
2022-08,2022-08-01,4,2,CEG,0.2659702785419753,0.3284094037135954,0.46540789197234855,0.12475773985408711,0.12824707451582995,0.36976119060294077,0.31932118526134845,
2022-08,2022-08-01,4,3,PDD,0.4975885977263639,0.3136926678540837,0.13000631036854604,0.06784592005484402,0.11817108840598589,-0.06453513034659064,-0.19983221732100465,-0.1499108747978245
2022-08,2022-08-01,4,4,CDNS,-0.08106355676745547,-0.079766510172815,-0.1843385313876782,0.22958327152521885,0.11718884158129073,0.22925659195303383,0.22049991782335443,0.010264192981190634
2022-08,2022-08-01,4,5,SNPS,-0.10140271490227049,-0.14332044371688113,-0.213075306767593,0.2727805051131196,0.10457340029380613,0.20246342348503799,0.18661407566738486,0.024674615096946795
2022-08,2022-08-01,4,6,TMUS,0.0009043681214646604,-0.03400761196033819,0.059044646632916864,0.13757886454105495,0.09964790415619396,0.1677899777275449,0.3125507779779517,0.25657567744049126
2022-08,2022-08-01,4,7,ODFL,-0.08584877399574442,-0.13703904433780922,-0.10078999088559037,0.08604291762692551,0.09204816777531644,-0.01929757278656108,-0.005760026590870715,-0.12109494153073952
2022-08,2022-08-01,4,8,KLAC,-0.12278334392107504,-0.1763358314912038,-0.16423584477307074,0.184567951186847,0.07399272924142708,0.1488681522656119,-0.00014803486293069046,-0.108293453237575
2022-08,2022-08-01,4,9,PCAR,-0.03350533508938791,-0.044444393780225244,0.0712433960415817,0.08550504494494415,0.07009262571208552,0.02131587798784418,-0.039940633291957406,0.03438594035514275
2022-08,2022-08-01,4,10,ORLY,-0.0035543365569323804,0.01297623388503033,0.17632124229389312,0.16104151076632967,0.06226864543043509,0.07992133886735209,0.07914886011971012,0.018751593533958166
2022-08,2022-08-01,5,1,CEG,0.2659702785419753,0.3284094037135954,0.46540789197234855,0.12475773985408711,0.12824707451582995,0.36976119060294077,0.31932118526134845,
2022-08,2022-08-01,5,2,CDNS,-0.08106355676745547,-0.079766510172815,-0.1843385313876782,0.22958327152521885,0.11718884158129073,0.22925659195303383,0.22049991782335443,0.010264192981190634
2022-08,2022-08-01,5,3,ADP,0.019227320380457824,-0.033426284026808806,0.013976199817760326,0.10553653922010353,0.03839948606328081,0.20446246987696415,0.18541923646683922,-0.001373725713833207
2022-08,2022-08-01,5,4,SNPS,-0.10140271490227049,-0.14332044371688113,-0.213075306767593,0.2727805051131196,0.10457340029380613,0.20246342348503799,0.18661407566738486,0.024674615096946795
2022-08,2022-08-01,5,5,DLTR,-0.17583536582463366,-0.15021901840648044,-0.0514128453938395,0.020259502140227648,0.04553728971429516,0.19311426834869017,0.241731195026617,0.1807749847947142
2022-08,2022-08-01,5,6,VRTX,0.05978171287842304,0.08618488573488436,0.14742733672125308,0.04531224425247027,0.028855881464976862,0.18700413400800353,0.11467061178140492,0.23053066136870637
2022-08,2022-08-01,5,7,MNST,-0.09635494029450598,-0.09564421132362078,-0.042034719052129854,0.16212386859905048,0.19890439481907007,0.1833472773200926,0.13900770756770275,0.020198849489844406
2022-08,2022-08-01,5,8,TMUS,0.0009043681214646604,-0.03400761196033819,0.059044646632916864,0.13757886454105495,0.09964790415619396,0.1677899777275449,0.3125507779779517,0.25657567744049126
2022-08,2022-08-01,5,9,KLAC,-0.12278334392107504,-0.1763358314912038,-0.16423584477307074,0.184567951186847,0.07399272924142708,0.1488681522656119,-0.00014803486293069046,-0.108293453237575
2022-08,2022-08-01,5,10,CTAS,-0.036081878307175574,-0.05192876605245966,0.012948890451299544,0.0857551478624079,0.002712379168789969,0.14209270997175194,0.10014371014012369,0.0047575298340560845
2022-08,2022-08-01,6,1,CEG,0.2659702785419753,0.3284094037135954,0.46540789197234855,0.12475773985408711,0.12824707451582995,0.36976119060294077,0.31932118526134845,
2022-08,2022-08-01,6,2,TMUS,0.0009043681214646604,-0.03400761196033819,0.059044646632916864,0.13757886454105495,0.09964790415619396,0.1677899777275449,0.3125507779779517,0.25657567744049126
2022-08,2022-08-01,6,3,DLTR,-0.17583536582463366,-0.15021901840648044,-0.0514128453938395,0.020259502140227648,0.04553728971429516,0.19311426834869017,0.241731195026617,0.1807749847947142
2022-08,2022-08-01,6,4,CDNS,-0.08106355676745547,-0.079766510172815,-0.1843385313876782,0.22958327152521885,0.11718884158129073,0.22925659195303383,0.22049991782335443,0.010264192981190634
2022-08,2022-08-01,6,5,SNPS,-0.10140271490227049,-0.14332044371688113,-0.213075306767593,0.2727805051131196,0.10457340029380613,0.20246342348503799,0.18661407566738486,0.024674615096946795
2022-08,2022-08-01,6,6,ADP,0.019227320380457824,-0.033426284026808806,0.013976199817760326,0.10553653922010353,0.03839948606328081,0.20446246987696415,0.18541923646683922,-0.001373725713833207
2022-08,2022-08-01,6,7,AZN,-0.05214881773853974,-0.14786971681694028,-0.08190824525639473,-0.01174157587738689,-0.017362653172478426,0.0702640488113726,0.1570007418104007,0.144500130651243
2022-08,2022-08-01,6,8,AEP,0.041212970680073235,-0.10269387497060123,-0.09964268873293558,0.017852061737268166,-0.016039753316944072,0.10721425819361419,0.1403853420899288,0.13703914008042228
2022-08,2022-08-01,6,9,MNST,-0.09635494029450598,-0.09564421132362078,-0.042034719052129854,0.16212386859905048,0.19890439481907007,0.1833472773200926,0.13900770756770275,0.020198849489844406
2022-08,2022-08-01,6,10,EXC,-0.02881790127871231,-0.15925544445299178,-0.15313788825926333,-0.004509992087142423,-0.025606329022499374,0.09968266518732949,0.13522272429862037,0.15034039643380548
2022-07,2022-07-01,4,1,PDD,-0.26427030467084445,0.10182040273363491,-0.033477293723569446,0.5198123651998732,0.27147901680778985,0.08758391534136889,0.1554367461297823,0.043632250166505404
2022-07,2022-07-01,4,2,VRTX,-0.046951205652485783,0.010023683730324473,0.035187195788124015,0.07954166414885644,0.24548096702715227,0.16958399023477289,0.2911517948156732,0.40156101133765243
2022-07,2022-07-01,4,3,CEG,0.13368081516402763,0.4352062173508975,0.5059922556735885,-0.004793007498685942,0.20824236617672298,0.16375012050500404,,
2022-07,2022-07-01,4,4,MNST,0.04123059178422506,-0.059097119719957125,-0.058357086973004124,0.1514302444424529,0.13648915682773044,0.09390534292305941,-0.02019892851816929,0.1669133874512736
2022-07,2022-07-01,4,5,DLTR,0.06667945148819321,-0.1208805200818528,-0.09355608866872611,-0.01982053909860304,0.11853122011875228,0.16410904259400305,0.10696328043756642,0.17850676530487553
2022-07,2022-07-01,4,6,TMUS,0.05101929497923252,0.05196980332465606,0.01527663863275075,0.04626804608560686,0.11110232067682402,0.24883604349422228,0.19557812443901912,0.2819527386890939
2022-07,2022-07-01,4,7,XEL,0.007710188337186619,0.03841359625541041,-0.09171455536621398,0.005525875866629226,0.10754512715554898,0.07552679999675194,0.08423341805219686,0.15509940138776912
2022-07,2022-07-01,4,8,AMGN,0.0003662641797246291,0.007517126143380626,-0.054288112949867795,0.018109882820737777,0.09907592801228193,0.09167932217792929,0.10126250583446383,0.24325292560682188
2022-07,2022-07-01,4,9,EXC,0.0008679105524982411,-0.027975002086834566,-0.15852575338127706,-0.026451282228024953,0.0987290666360594,0.13423830690301153,0.14934286962881593,0.2544084406481737
2022-07,2022-07-01,4,10,AEP,0.011740665424606611,0.05343750380458867,-0.09215890397318083,-0.02745804304494559,0.09436567692862208,0.12715182957614224,0.12384445830615132,0.24045700524383462
2022-07,2022-07-01,5,1,TMUS,0.05101929497923252,0.05196980332465606,0.01527663863275075,0.04626804608560686,0.11110232067682402,0.24883604349422228,0.19557812443901912,0.2819527386890939
2022-07,2022-07-01,5,2,VRTX,-0.046951205652485783,0.010023683730324473,0.035187195788124015,0.07954166414885644,0.24548096702715227,0.16958399023477289,0.2911517948156732,0.40156101133765243
2022-07,2022-07-01,5,3,DLTR,0.06667945148819321,-0.1208805200818528,-0.09355608866872611,-0.01982053909860304,0.11853122011875228,0.16410904259400305,0.10696328043756642,0.17850676530487553
2022-07,2022-07-01,5,4,CEG,0.13368081516402763,0.4352062173508975,0.5059922556735885,-0.004793007498685942,0.20824236617672298,0.16375012050500404,,
2022-07,2022-07-01,5,5,AZN,-0.004548844482875181,-0.05646044535955652,-0.1517459249542884,-0.012872363067323644,0.07515476061242121,0.16228780829467504,0.14973007395494853,0.2215882421123896
2022-07,2022-07-01,5,6,EXC,0.0008679105524982411,-0.027975002086834566,-0.15852575338127706,-0.026451282228024953,0.0987290666360594,0.13423830690301153,0.14934286962881593,0.2544084406481737
2022-07,2022-07-01,5,7,AEP,0.011740665424606611,0.05343750380458867,-0.09215890397318083,-0.02745804304494559,0.09436567692862208,0.12715182957614224,0.12384445830615132,0.24045700524383462
2022-07,2022-07-01,5,8,MNST,0.04123059178422506,-0.059097119719957125,-0.058357086973004124,0.1514302444424529,0.13648915682773044,0.09390534292305941,-0.02019892851816929,0.1669133874512736
2022-07,2022-07-01,5,9,KHC,-0.0313149318448156,-0.01419288076336922,-0.1119892823163452,-0.022502029349327324,0.019771212018225848,0.09174478672180131,0.09144286426413317,0.19965766651361117
2022-07,2022-07-01,5,10,AMGN,0.0003662641797246291,0.007517126143380626,-0.054288112949867795,0.018109882820737777,0.09907592801228193,0.09167932217792929,0.10126250583446383,0.24325292560682188
2022-07,2022-07-01,6,1,VRTX,-0.046951205652485783,0.010023683730324473,0.035187195788124015,0.07954166414885644,0.24548096702715227,0.16958399023477289,0.2911517948156732,0.40156101133765243
2022-07,2022-07-01,6,2,TMUS,0.05101929497923252,0.05196980332465606,0.01527663863275075,0.04626804608560686,0.11110232067682402,0.24883604349422228,0.19557812443901912,0.2819527386890939
2022-07,2022-07-01,6,3,PDD,-0.26427030467084445,0.10182040273363491,-0.033477293723569446,0.5198123651998732,0.27147901680778985,0.08758391534136889,0.1554367461297823,0.043632250166505404
2022-07,2022-07-01,6,4,AZN,-0.004548844482875181,-0.05646044535955652,-0.1517459249542884,-0.012872363067323644,0.07515476061242121,0.16228780829467504,0.14973007395494853,0.2215882421123896
2022-07,2022-07-01,6,5,EXC,0.0008679105524982411,-0.027975002086834566,-0.15852575338127706,-0.026451282228024953,0.0987290666360594,0.13423830690301153,0.14934286962881593,0.2544084406481737
2022-07,2022-07-01,6,6,AEP,0.011740665424606611,0.05343750380458867,-0.09215890397318083,-0.02745804304494559,0.09436567692862208,0.12715182957614224,0.12384445830615132,0.24045700524383462
2022-07,2022-07-01,6,7,DLTR,0.06667945148819321,-0.1208805200818528,-0.09355608866872611,-0.01982053909860304,0.11853122011875228,0.16410904259400305,0.10696328043756642,0.17850676530487553
2022-07,2022-07-01,6,8,AMGN,0.0003662641797246291,0.007517126143380626,-0.054288112949867795,0.018109882820737777,0.09907592801228193,0.09167932217792929,0.10126250583446383,0.24325292560682188
2022-07,2022-07-01,6,9,KHC,-0.0313149318448156,-0.01419288076336922,-0.1119892823163452,-0.022502029349327324,0.019771212018225848,0.09174478672180131,0.09144286426413317,0.19965766651361117
2022-07,2022-07-01,6,10,XEL,0.007710188337186619,0.03841359625541041,-0.09171455536621398,0.005525875866629226,0.10754512715554898,0.07552679999675194,0.08423341805219686,0.15509940138776912
2022-06,2022-06-01,4,1,CEG,-0.095051155506239,0.025923143707431873,0.2987882080019564,0.3351499076753095,0.2859844261760669,,,
2022-06,2022-06-01,4,2,TMUS,0.016721453908797645,0.06859386567748493,0.06956026790439629,0.09282863699312927,0.22829712965439763,0.17591511405862925,0.26086917292893896,0.16140135961419344
2022-06,2022-06-01,4,3,EXC,-0.06342736663748483,-0.06261450536580837,-0.08962798801027339,0.17313812885111202,0.21105215602000915,0.22717964276022662,0.33936055353715977,0.3087582168007106
2022-06,2022-06-01,4,4,DLTR,-0.029439105621320683,0.03527736245173996,-0.14676101130492358,0.15245856967562932,0.19941886113104412,0.1405397506214252,0.21425329634707357,0.45368356267093524
2022-06,2022-06-01,4,5,AEP,-0.040082392932445976,-0.02881232147267687,0.011213207847318163,0.1400620937371828,0.174217267479311,0.17077179336190795,0.29225362271799415,0.23006759130673138
2022-06,2022-06-01,4,6,AZN,-0.0025711385444844304,-0.007108287317976747,-0.058886416276738185,0.07792625836341127,0.1652839146829841,0.15269380943838406,0.2247372111628747,0.07610599501603965
2022-06,2022-06-01,4,7,AMGN,-0.03105505547486509,-0.03070016564956035,-0.023771374100878706,0.13430173119993127,0.12666806132410802,0.1365583896762841,0.2830996566230304,0.2384270440133991
2022-06,2022-06-01,4,8,XEL,-0.026198566446703375,-0.018690373990985165,0.011208648654752684,0.1373418532710884,0.10446212434938662,0.11340298000583737,0.18617549901619634,0.18084230250743327
2022-06,2022-06-01,4,9,VRTX,0.06647861407764166,0.01640615734410411,0.07716865841031062,0.1678442967225584,0.09667833447021645,0.2106682476069559,0.31419513981516767,0.45312843868015884
2022-06,2022-06-01,4,10,REGN,-0.09640010838890067,-0.12481049240464215,-0.08846308989527829,0.08548176705366428,0.07427939463675037,0.05074159323961558,0.0449261226401203,0.03093174453134373
2022-06,2022-06-01,5,1,EXC,-0.06342736663748483,-0.06261450536580837,-0.08962798801027339,0.17313812885111202,0.21105215602000915,0.22717964276022662,0.33936055353715977,0.3087582168007106
2022-06,2022-06-01,5,2,VRTX,0.06647861407764166,0.01640615734410411,0.07716865841031062,0.1678442967225584,0.09667833447021645,0.2106682476069559,0.31419513981516767,0.45312843868015884
2022-06,2022-06-01,5,3,TMUS,0.016721453908797645,0.06859386567748493,0.06956026790439629,0.09282863699312927,0.22829712965439763,0.17591511405862925,0.26086917292893896,0.16140135961419344
2022-06,2022-06-01,5,4,AEP,-0.040082392932445976,-0.02881232147267687,0.011213207847318163,0.1400620937371828,0.174217267479311,0.17077179336190795,0.29225362271799415,0.23006759130673138
2022-06,2022-06-01,5,5,AZN,-0.0025711385444844304,-0.007108287317976747,-0.058886416276738185,0.07792625836341127,0.1652839146829841,0.15269380943838406,0.2247372111628747,0.07610599501603965
2022-06,2022-06-01,5,6,DLTR,-0.029439105621320683,0.03527736245173996,-0.14676101130492358,0.15245856967562932,0.19941886113104412,0.1405397506214252,0.21425329634707357,0.45368356267093524
2022-06,2022-06-01,5,7,AMGN,-0.03105505547486509,-0.03070016564956035,-0.023771374100878706,0.13430173119993127,0.12666806132410802,0.1365583896762841,0.2830996566230304,0.2384270440133991
2022-06,2022-06-01,5,8,XEL,-0.026198566446703375,-0.018690373990985165,0.011208648654752684,0.1373418532710884,0.10446212434938662,0.11340298000583737,0.18617549901619634,0.18084230250743327
2022-06,2022-06-01,5,9,KHC,0.03731556819220705,0.004832101872701999,0.02259307201886851,-0.016913229408632935,0.05247122495659773,0.052180163618152475,0.15650213233021049,0.046970131329589604
2022-06,2022-06-01,5,10,REGN,-0.09640010838890067,-0.12481049240464215,-0.08846308989527829,0.08548176705366428,0.07427939463675037,0.05074159323961558,0.0449261226401203,0.03093174453134373
2022-06,2022-06-01,6,1,EXC,-0.06342736663748483,-0.06261450536580837,-0.08962798801027339,0.17313812885111202,0.21105215602000915,0.22717964276022662,0.33936055353715977,0.3087582168007106
2022-06,2022-06-01,6,2,VRTX,0.06647861407764166,0.01640615734410411,0.07716865841031062,0.1678442967225584,0.09667833447021645,0.2106682476069559,0.31419513981516767,0.45312843868015884
2022-06,2022-06-01,6,3,AEP,-0.040082392932445976,-0.02881232147267687,0.011213207847318163,0.1400620937371828,0.174217267479311,0.17077179336190795,0.29225362271799415,0.23006759130673138
2022-06,2022-06-01,6,4,AMGN,-0.03105505547486509,-0.03070016564956035,-0.023771374100878706,0.13430173119993127,0.12666806132410802,0.1365583896762841,0.2830996566230304,0.2384270440133991
2022-06,2022-06-01,6,5,TMUS,0.016721453908797645,0.06859386567748493,0.06956026790439629,0.09282863699312927,0.22829712965439763,0.17591511405862925,0.26086917292893896,0.16140135961419344
2022-06,2022-06-01,6,6,AZN,-0.0025711385444844304,-0.007108287317976747,-0.058886416276738185,0.07792625836341127,0.1652839146829841,0.15269380943838406,0.2247372111628747,0.07610599501603965
2022-06,2022-06-01,6,7,DLTR,-0.029439105621320683,0.03527736245173996,-0.14676101130492358,0.15245856967562932,0.19941886113104412,0.1405397506214252,0.21425329634707357,0.45368356267093524
2022-06,2022-06-01,6,8,MAR,-0.18412558245485877,-0.06459896317121416,-0.09591206419375697,0.036346244476845424,0.04836119088022972,0.04266878351576597,0.19932519861997222,0.05607034238725439
2022-06,2022-06-01,6,9,XEL,-0.026198566446703375,-0.018690373990985165,0.011208648654752684,0.1373418532710884,0.10446212434938662,0.11340298000583737,0.18617549901619634,0.18084230250743327
2022-06,2022-06-01,6,10,KHC,0.03731556819220705,0.004832101872701999,0.02259307201886851,-0.016913229408632935,0.05247122495659773,0.052180163618152475,0.15650213233021049,0.046970131329589604
2022-05,2022-05-02,4,1,VRTX,0.028439503932068178,0.09680873681616942,0.04531224425247027,0.06635181775617172,0.17718956047309176,0.27785361685403953,0.4129449842449291,0.45250891372147106
2022-05,2022-05-02,4,2,KHC,-0.10368243735818883,-0.07023583822755552,-0.0993513395852118,0.1742168945731002,0.17389216442100164,0.2902816819984313,0.16807945639684263,0.1696717702671644
2022-05,2022-05-02,4,3,AZN,-0.004666459091389297,-0.007225599523037585,-0.01174157587738689,0.17074715840403698,0.1580980265028784,0.23047919197503197,0.0811511425945659,0.1315131080063201
2022-05,2022-05-02,4,4,DLTR,-0.014506122567914614,-0.04351818091480253,0.020259502140227648,0.2170738840675357,0.15732809380139923,0.23212667694199163,0.47508127240609355,0.6674831525329892
2022-05,2022-05-02,4,5,EXC,0.06198571837442479,-0.005373239148682485,-0.004509992087142423,0.14036576487465324,0.1555519264785059,0.2611850897461323,0.23236894259182583,0.3896709014219011
2022-05,2022-05-02,4,6,AEP,0.04804878010880986,0.0060404770921178574,0.017852061737268166,0.1203841746348886,0.11709666151260323,0.2330090423690303,0.17367398794073674,0.22775700909407992
2022-05,2022-05-02,4,7,TMUS,0.06455679849877649,0.08235773593817108,0.13757886454105495,0.15381079843417056,0.10460533032797192,0.18440760953948088,0.09097171823240036,-0.00284009641869698
2022-05,2022-05-02,4,8,MAR,-0.04062065776156354,-0.21726693794637497,-0.10259556855804808,0.09274938986509706,0.08681596279006532,0.25010529810001003,0.10078495115729424,0.142142701303398
2022-05,2022-05-02,4,9,XEL,0.033714245621851324,0.006632414271023457,0.014393739771369818,0.06844046024051398,0.07708971286938948,0.14748878042464142,0.14232952434265256,0.17907246600804805
2022-05,2022-05-02,4,10,PANW,-0.12277294905141001,-0.11137331667098604,-0.11240489568238299,0.115216558109279,0.05097292338134296,0.08291047078086011,0.12519919262988854,0.1756181540920363
2022-05,2022-05-02,5,1,KHC,-0.10368243735818883,-0.07023583822755552,-0.0993513395852118,0.1742168945731002,0.17389216442100164,0.2902816819984313,0.16807945639684263,0.1696717702671644
2022-05,2022-05-02,5,2,VRTX,0.028439503932068178,0.09680873681616942,0.04531224425247027,0.06635181775617172,0.17718956047309176,0.27785361685403953,0.4129449842449291,0.45250891372147106
2022-05,2022-05-02,5,3,EXC,0.06198571837442479,-0.005373239148682485,-0.004509992087142423,0.14036576487465324,0.1555519264785059,0.2611850897461323,0.23236894259182583,0.3896709014219011
2022-05,2022-05-02,5,4,MAR,-0.04062065776156354,-0.21726693794637497,-0.10259556855804808,0.09274938986509706,0.08681596279006532,0.25010529810001003,0.10078495115729424,0.142142701303398
2022-05,2022-05-02,5,5,AEP,0.04804878010880986,0.0060404770921178574,0.017852061737268166,0.1203841746348886,0.11709666151260323,0.2330090423690303,0.17367398794073674,0.22775700909407992
2022-05,2022-05-02,5,6,DLTR,-0.014506122567914614,-0.04351818091480253,0.020259502140227648,0.2170738840675357,0.15732809380139923,0.23212667694199163,0.47508127240609355,0.6674831525329892
2022-05,2022-05-02,5,7,AZN,-0.004666459091389297,-0.007225599523037585,-0.01174157587738689,0.17074715840403698,0.1580980265028784,0.23047919197503197,0.0811511425945659,0.1315131080063201
2022-05,2022-05-02,5,8,TMUS,0.06455679849877649,0.08235773593817108,0.13757886454105495,0.15381079843417056,0.10460533032797192,0.18440760953948088,0.09097171823240036,-0.00284009641869698
2022-05,2022-05-02,5,9,AMGN,0.10625359046639304,0.07189882384519053,0.0722914219886539,0.01845369907374339,0.027394079866547294,0.1598603319172771,0.11947844028355381,0.09786535145039221
2022-05,2022-05-02,5,10,XEL,0.033714245621851324,0.006632414271023457,0.014393739771369818,0.06844046024051398,0.07708971286938948,0.14748878042464142,0.14232952434265256,0.17907246600804805
2022-05,2022-05-02,6,1,DLTR,-0.014506122567914614,-0.04351818091480253,0.020259502140227648,0.2170738840675357,0.15732809380139923,0.23212667694199163,0.47508127240609355,0.6674831525329892
2022-05,2022-05-02,6,2,VRTX,0.028439503932068178,0.09680873681616942,0.04531224425247027,0.06635181775617172,0.17718956047309176,0.27785361685403953,0.4129449842449291,0.45250891372147106
2022-05,2022-05-02,6,3,EXC,0.06198571837442479,-0.005373239148682485,-0.004509992087142423,0.14036576487465324,0.1555519264785059,0.2611850897461323,0.23236894259182583,0.3896709014219011
2022-05,2022-05-02,6,4,AEP,0.04804878010880986,0.0060404770921178574,0.017852061737268166,0.1203841746348886,0.11709666151260323,0.2330090423690303,0.17367398794073674,0.22775700909407992
2022-05,2022-05-02,6,5,KHC,-0.10368243735818883,-0.07023583822755552,-0.0993513395852118,0.1742168945731002,0.17389216442100164,0.2902816819984313,0.16807945639684263,0.1696717702671644
2022-05,2022-05-02,6,6,XEL,0.033714245621851324,0.006632414271023457,0.014393739771369818,0.06844046024051398,0.07708971286938948,0.14748878042464142,0.14232952434265256,0.17907246600804805
2022-05,2022-05-02,6,7,PANW,-0.12277294905141001,-0.11137331667098604,-0.11240489568238299,0.115216558109279,0.05097292338134296,0.08291047078086011,0.12519919262988854,0.1756181540920363
2022-05,2022-05-02,6,8,AMGN,0.10625359046639304,0.07189882384519053,0.0722914219886539,0.01845369907374339,0.027394079866547294,0.1598603319172771,0.11947844028355381,0.09786535145039221
2022-05,2022-05-02,6,9,AVGO,-0.004736925036437856,-0.16404719712310556,-0.06165245879364767,-0.02104289072213983,-0.1252375448824209,0.052633840424001654,0.10587890651511755,0.1982337177266127
2022-05,2022-05-02,6,10,MAR,-0.04062065776156354,-0.21726693794637497,-0.10259556855804808,0.09274938986509706,0.08681596279006532,0.25010529810001003,0.10078495115729424,0.142142701303398
2022-04,2022-04-01,4,1,VRTX,-0.01574301160057845,0.012248768891172546,0.07954166414885644,0.19601849349062106,0.29829265315358233,0.4355447824075207,0.47574152974368134,0.3500557711296186
2022-04,2022-04-01,4,2,EXC,-0.02119191229210582,0.03948021017516501,-0.026451282228024953,0.18057047238391566,0.2884906710359221,0.2590506331815292,0.41975829467872217,0.367948493266512
2022-04,2022-04-01,4,3,AEP,-0.0332973880274563,0.01315149320582476,-0.02745804304494559,0.15557426625048865,0.27547916711747766,0.2141003586882535,0.2700462312694678,0.1420589161918513
2022-04,2022-04-01,4,4,AZN,-0.005687861755473533,-0.010327778672663435,-0.012872363067323644,0.16472280882291002,0.23751802341210682,0.08733575806824123,0.1379858139960195,0.15659039034970945
2022-04,2022-04-01,4,5,KHC,0.05133969542042949,-0.05766576669217649,-0.022502029349327324,0.11656790810277884,0.22727381798558377,0.1110390499711218,0.11255360694757566,0.13042837520026263
2022-04,2022-04-01,4,6,TMUS,-0.033343587479681136,0.029060655760943188,0.04626804608560686,0.14270729084389466,0.2252622485081639,0.12860340458297892,0.03155567031459894,-0.050675118704590516
2022-04,2022-04-01,4,7,AMGN,-0.05018098707441199,0.050740693342177234,0.018109882820737777,0.08167352504559378,0.2211382549026153,0.17862290083601162,0.15586794590350284,0.10706639089863335
2022-04,2022-04-01,4,8,MAR,0.025679411401916097,-0.015984360941723175,-0.19716681362801847,0.059605906785812346,0.21880705043240067,0.07322516072807073,0.1135474580135114,0.2881405751734041
2022-04,2022-04-01,4,9,DLTR,0.02477584136294886,0.009910317403500013,-0.01982053909860304,0.1293475578641241,0.20233774764173473,0.4394184687689746,0.6271686794599312,0.7716412541439635
2022-04,2022-04-01,4,10,PAYX,-0.0807948871815456,-0.11378027038314231,-0.15654748865547574,0.03855597356648244,0.18587560701030892,0.1488171212322742,0.21969229774037724,0.23611670502944504
2022-04,2022-04-01,5,1,DLTR,0.02477584136294886,0.009910317403500013,-0.01982053909860304,0.1293475578641241,0.20233774764173473,0.4394184687689746,0.6271686794599312,0.7716412541439635
2022-04,2022-04-01,5,2,VRTX,-0.01574301160057845,0.012248768891172546,0.07954166414885644,0.19601849349062106,0.29829265315358233,0.4355447824075207,0.47574152974368134,0.3500557711296186
2022-04,2022-04-01,5,3,EXC,-0.02119191229210582,0.03948021017516501,-0.026451282228024953,0.18057047238391566,0.2884906710359221,0.2590506331815292,0.41975829467872217,0.367948493266512
2022-04,2022-04-01,5,4,AEP,-0.0332973880274563,0.01315149320582476,-0.02745804304494559,0.15557426625048865,0.27547916711747766,0.2141003586882535,0.2700462312694678,0.1420589161918513
2022-04,2022-04-01,5,5,AVGO,-0.08075216892201142,-0.08510657698773594,-0.23155219907184943,-0.04839323461687384,0.1451034256883621,0.20302585345049917,0.3034936577674179,0.29757775364493755
2022-04,2022-04-01,5,6,PANW,-0.06408017077578532,-0.17898580828533428,-0.16831666629462894,0.12293050169959119,0.15705473585113183,0.20223886437214178,0.25610989038079035,0.32763417731375766
2022-04,2022-04-01,5,7,AMGN,-0.05018098707441199,0.050740693342177234,0.018109882820737777,0.08167352504559378,0.2211382549026153,0.17862290083601162,0.15586794590350284,0.10706639089863335
2022-04,2022-04-01,5,8,AAPL,-0.09379847750428993,-0.14561116248630146,-0.20180049456228522,-0.04108516326953793,0.059246645765600014,0.1733803215837153,0.2252839951991914,0.14606769925897045
2022-04,2022-04-01,5,9,COST,-0.07950290639630286,-0.2047302143627623,-0.15466367567941397,0.01717348469152613,0.08795552405594198,0.17194054794470404,0.287834874834634,0.2647310130611509
2022-04,2022-04-01,5,10,CTSH,-0.1037662027124957,-0.1726886164858168,-0.24127815266474173,0.007955752217301937,0.17463697712408965,0.16090950029421291,0.20301480436369124,0.17858788783590818
2022-04,2022-04-01,6,1,DLTR,0.02477584136294886,0.009910317403500013,-0.01982053909860304,0.1293475578641241,0.20233774764173473,0.4394184687689746,0.6271686794599312,0.7716412541439635
2022-04,2022-04-01,6,2,VRTX,-0.01574301160057845,0.012248768891172546,0.07954166414885644,0.19601849349062106,0.29829265315358233,0.4355447824075207,0.47574152974368134,0.3500557711296186
2022-04,2022-04-01,6,3,EXC,-0.02119191229210582,0.03948021017516501,-0.026451282228024953,0.18057047238391566,0.2884906710359221,0.2590506331815292,0.41975829467872217,0.367948493266512
2022-04,2022-04-01,6,4,TSLA,-0.16748261001138298,-0.31737340160037275,-0.37138456850332346,-0.09600927049842889,-0.009506852659460607,-0.10259891920521935,0.3990737493017398,0.47746186326504736
2022-04,2022-04-01,6,5,AVGO,-0.08075216892201142,-0.08510657698773594,-0.23155219907184943,-0.04839323461687384,0.1451034256883621,0.20302585345049917,0.3034936577674179,0.29757775364493755
2022-04,2022-04-01,6,6,NVDA,-0.26875561751511845,-0.3141657886087835,-0.4561967895488839,-0.11302577147490411,-0.1501017596600076,0.03456939648125679,0.28819878059604753,0.1906696227994087
2022-04,2022-04-01,6,7,COST,-0.07950290639630286,-0.2047302143627623,-0.15466367567941397,0.01717348469152613,0.08795552405594198,0.17194054794470404,0.287834874834634,0.2647310130611509
2022-04,2022-04-01,6,8,AEP,-0.0332973880274563,0.01315149320582476,-0.02745804304494559,0.15557426625048865,0.27547916711747766,0.2141003586882535,0.2700462312694678,0.1420589161918513
2022-04,2022-04-01,6,9,PANW,-0.06408017077578532,-0.17898580828533428,-0.16831666629462894,0.12293050169959119,0.15705473585113183,0.20223886437214178,0.25610989038079035,0.32763417731375766
2022-04,2022-04-01,6,10,AAPL,-0.09379847750428993,-0.14561116248630146,-0.20180049456228522,-0.04108516326953793,0.059246645765600014,0.1733803215837153,0.2252839951991914,0.14606769925897045
2022-03,2022-03-01,4,1,DLTR,0.1411494167508096,0.16942235367164926,0.15245856967562932,0.0536199116371161,0.26137598428383324,0.4259032652296859,0.5525059454425791,0.4129248644273993
2022-03,2022-03-01,4,2,VRTX,0.1537127360518571,0.1355498230644574,0.1678442967225584,0.12531708508003048,0.24428268627780492,0.2791238959481763,0.1701836418566991,0.16322102622892798
2022-03,2022-03-01,4,3,MU,-0.11685580294793463,-0.18042564349222445,-0.14618016008905976,0.014115879736176673,0.22138537340924858,0.2163965354261035,0.17298811861580288,0.11376467816418834
2022-03,2022-03-01,4,4,QCOM,-0.09827614928298933,-0.1088277891738535,-0.13651243640114907,-0.06798371564324945,0.21881786522516777,0.27658168707119746,0.12194474016330648,0.10892139787625132
2022-03,2022-03-01,4,5,PANW,0.0595752334098667,-0.008322528496830128,-0.13007369618111997,0.09199866075348129,0.13464228538370304,0.18548438164078895,0.252987173965211,0.44072239570302263
2022-03,2022-03-01,4,6,EXC,0.12858149425800414,0.10466469421719471,0.17313812885111202,0.14169041189449216,0.11560453506222257,0.2580024587521301,0.2120954492221956,0.2885707851403576
2022-03,2022-03-01,4,7,CTSH,0.04906750101133017,-0.05979024995770277,-0.13209451433854957,0.11969627883020584,0.10661087029677674,0.14674680438003418,0.12346239560344463,0.17533141527402507
2022-03,2022-03-01,4,8,AAPL,0.0680759685421275,-0.032107931166043824,-0.08744781486097397,-0.00826656814363047,0.09859256845308773,0.14718805711137306,0.073020771006858,0.12624792716452893
2022-03,2022-03-01,4,9,AMGN,0.07952584152038944,0.025354169220561218,0.13430173119993127,0.13118019776421552,0.09179683848610365,0.07071818148937892,0.025511709232876045,-0.037421514381447474
2022-03,2022-03-01,4,10,AVGO,0.10717007284553093,0.017763688097713004,0.012942617802385481,0.03426154099824874,0.08657728650360808,0.17732016944543738,0.17197690352128192,0.1924818529126715
2022-03,2022-03-01,5,1,DLTR,0.1411494167508096,0.16942235367164926,0.15245856967562932,0.0536199116371161,0.26137598428383324,0.4259032652296859,0.5525059454425791,0.4129248644273993
2022-03,2022-03-01,5,2,VRTX,0.1537127360518571,0.1355498230644574,0.1678442967225584,0.12531708508003048,0.24428268627780492,0.2791238959481763,0.1701836418566991,0.16322102622892798
2022-03,2022-03-01,5,3,QCOM,-0.09827614928298933,-0.1088277891738535,-0.13651243640114907,-0.06798371564324945,0.21881786522516777,0.27658168707119746,0.12194474016330648,0.10892139787625132
2022-03,2022-03-01,5,4,EXC,0.12858149425800414,0.10466469421719471,0.17313812885111202,0.14169041189449216,0.11560453506222257,0.2580024587521301,0.2120954492221956,0.2885707851403576
2022-03,2022-03-01,5,5,MU,-0.11685580294793463,-0.18042564349222445,-0.14618016008905976,0.014115879736176673,0.22138537340924858,0.2163965354261035,0.17298811861580288,0.11376467816418834
2022-03,2022-03-01,5,6,PANW,0.0595752334098667,-0.008322528496830128,-0.13007369618111997,0.09199866075348129,0.13464228538370304,0.18548438164078895,0.252987173965211,0.44072239570302263
2022-03,2022-03-01,5,7,AVGO,0.10717007284553093,0.017763688097713004,0.012942617802385481,0.03426154099824874,0.08657728650360808,0.17732016944543738,0.17197690352128192,0.1924818529126715
2022-03,2022-03-01,5,8,COST,0.1006637775916881,0.013157808308015051,-0.12467535353598591,-0.011545990514517102,0.06475798677501077,0.17005292720042653,0.14906208308994295,0.22300135313913194
2022-03,2022-03-01,5,9,KDP,0.00705908811592959,-0.037974232079391435,-0.08774774334760338,0.14283411104039412,0.05366826869709529,0.15522647613850205,0.07898175835653021,0.12133814153490619
2022-03,2022-03-01,5,10,PCAR,-0.045581799698678704,-0.05913299736009581,-0.004433515741553484,0.1056963114449121,0.004621753178398524,0.15180583675341652,0.10707695060773248,0.11931744090954077
2022-03,2022-03-01,6,1,DLTR,0.1411494167508096,0.16942235367164926,0.15245856967562932,0.0536199116371161,0.26137598428383324,0.4259032652296859,0.5525059454425791,0.4129248644273993
2022-03,2022-03-01,6,2,LCID,-0.017607018823325826,-0.2372948749151732,-0.21968785609184738,-0.5113414218243651,-0.3159047296817501,0.015440827707133176,0.40472176767973944,0.05132518765197425
2022-03,2022-03-01,6,3,PANW,0.0595752334098667,-0.008322528496830128,-0.13007369618111997,0.09199866075348129,0.13464228538370304,0.18548438164078895,0.252987173965211,0.44072239570302263
2022-03,2022-03-01,6,4,MAR,0.053180664352702856,0.08022572391315919,0.036346244476845424,0.15726303348105408,0.019032343693555553,0.057318554834949076,0.22309554169902124,0.1383309289317789
2022-03,2022-03-01,6,5,EXC,0.12858149425800414,0.10466469421719471,0.17313812885111202,0.14169041189449216,0.11560453506222257,0.2580024587521301,0.2120954492221956,0.2885707851403576
2022-03,2022-03-01,6,6,DDOG,-0.040445090775343306,-0.2486091390197097,-0.3905107254110487,-0.02771529564472075,-0.03165857036412445,0.10560507651857054,0.1782425881027303,0.4330377600704014
2022-03,2022-03-01,6,7,TSLA,0.2547752013112705,0.044622175618100446,-0.14345707257267992,-0.21062103689533396,-0.2848112714875344,0.11499952169892569,0.17747136038476374,0.2179885696799675
2022-03,2022-03-01,6,8,MU,-0.11685580294793463,-0.18042564349222445,-0.14618016008905976,0.014115879736176673,0.22138537340924858,0.2163965354261035,0.17298811861580288,0.11376467816418834
2022-03,2022-03-01,6,9,AVGO,0.10717007284553093,0.017763688097713004,0.012942617802385481,0.03426154099824874,0.08657728650360808,0.17732016944543738,0.17197690352128192,0.1924818529126715
2022-03,2022-03-01,6,10,VRTX,0.1537127360518571,0.1355498230644574,0.1678442967225584,0.12531708508003048,0.24428268627780492,0.2791238959481763,0.1701836418566991,0.16322102622892798
2022-02,2022-02-01,4,1,QCOM,-0.07587646604695386,-0.16669576842564715,-0.17644678717059237,0.3188906249487362,0.38139722685177224,0.2140635953334693,0.19997095316111113,0.26866234980288506
2022-02,2022-02-01,4,2,DLTR,0.04074792160956564,0.1876488837293735,0.2170738840675357,0.2119899142657482,0.3700755347408806,0.4917213988201441,0.3576052712574669,0.3436092540558504
2022-02,2022-02-01,4,3,VRTX,-0.06093788568567082,0.08340792122822638,0.06635181775617172,0.3250270320897115,0.36212916744293167,0.2461195314126019,0.23870509575212928,0.21487560212450374
2022-02,2022-02-01,4,4,AAPL,-0.0641549807482722,-0.00044642465738475856,-0.09420302820849158,0.1739043814450043,0.22583123648895254,0.14657956064649635,0.20345559787777834,0.27578393265486767
2022-02,2022-02-01,4,5,PCAR,-0.05997802697485388,-0.10282592026164283,-0.1155643438241819,0.06872156397085027,0.22529671625304126,0.1777139070962095,0.19073540090493002,0.10101752321627133
2022-02,2022-02-01,4,6,AVGO,-0.038129262493522,0.06495449451303181,-0.02104289072213983,0.1296500081917611,0.2239900056607227,0.21843492875090087,0.2397527093962981,0.2794550634932156
2022-02,2022-02-01,4,7,NTES,-0.08450841392355524,-0.05748079798416472,-0.07243364478270875,-0.003417836453247669,0.2211106340230078,0.05890074741285245,-0.02315799975156496,-0.0976386105073187
2022-02,2022-02-01,4,8,EXC,0.03231846807845851,0.16505551925412032,0.14036576487465324,0.08067865640221616,0.21861857329139545,0.17414876000268698,0.24822990674465317,0.3051188233329982
2022-02,2022-02-01,4,9,LCID,-0.16588788783221597,-0.18057411549191815,-0.3638184171543012,-0.17985213217879492,0.21739129895631382,0.6840922787093826,0.26041232625153055,0.08080805523108925
2022-02,2022-02-01,4,10,MRVL,-0.1031482919425194,-0.01864142927231882,-0.16978394688369658,0.05092340331472811,0.21243439649976104,0.19466341810024024,0.197621958515803,0.265322087055055
2022-02,2022-02-01,5,1,LCID,-0.16588788783221597,-0.18057411549191815,-0.3638184171543012,-0.17985213217879492,0.21739129895631382,0.6840922787093826,0.26041232625153055,0.08080805523108925
2022-02,2022-02-01,5,2,DLTR,0.04074792160956564,0.1876488837293735,0.2170738840675357,0.2119899142657482,0.3700755347408806,0.4917213988201441,0.3576052712574669,0.3436092540558504
2022-02,2022-02-01,5,3,TSLA,-0.07181745726121591,0.1646604369186646,-0.030399932833470977,-0.22947405754673922,0.20127180846226822,0.26857736077475036,0.31222956002388735,0.37368715034004096
2022-02,2022-02-01,5,4,VRTX,-0.06093788568567082,0.08340792122822638,0.06635181775617172,0.3250270320897115,0.36212916744293167,0.2461195314126019,0.23870509575212928,0.21487560212450374
2022-02,2022-02-01,5,5,AVGO,-0.038129262493522,0.06495449451303181,-0.02104289072213983,0.1296500081917611,0.2239900056607227,0.21843492875090087,0.2397527093962981,0.2794550634932156
2022-02,2022-02-01,5,6,QCOM,-0.07587646604695386,-0.16669576842564715,-0.17644678717059237,0.3188906249487362,0.38139722685177224,0.2140635953334693,0.19997095316111113,0.26866234980288506
2022-02,2022-02-01,5,7,MAR,0.01159356389567412,0.06539078167856438,0.09274938986509706,0.0073535262217707675,0.0452009508277087,0.20907801843741192,0.1252848669262343,0.1707842525373413
2022-02,2022-02-01,5,8,MRVL,-0.1031482919425194,-0.01864142927231882,-0.16978394688369658,0.05092340331472811,0.21243439649976104,0.19466341810024024,0.197621958515803,0.265322087055055
2022-02,2022-02-01,5,9,PCAR,-0.05997802697485388,-0.10282592026164283,-0.1155643438241819,0.06872156397085027,0.22529671625304126,0.1777139070962095,0.19073540090493002,0.10101752321627133
2022-02,2022-02-01,5,10,EXC,0.03231846807845851,0.16505551925412032,0.14036576487465324,0.08067865640221616,0.21861857329139545,0.17414876000268698,0.24822990674465317,0.3051188233329982
2022-02,2022-02-01,6,1,DLTR,0.04074792160956564,0.1876488837293735,0.2170738840675357,0.2119899142657482,0.3700755347408806,0.4917213988201441,0.3576052712574669,0.3436092540558504
2022-02,2022-02-01,6,2,DDOG,0.08248749859317228,0.038706193449397075,-0.18662878643167558,-0.10544793275270503,0.021355976817692968,0.08845837908890752,0.323837699680424,0.41321601999212176
2022-02,2022-02-01,6,3,TSLA,-0.07181745726121591,0.1646604369186646,-0.030399932833470977,-0.22947405754673922,0.20127180846226822,0.26857736077475036,0.31222956002388735,0.37368715034004096
2022-02,2022-02-01,6,4,PANW,0.12457587285798732,0.19157274297060645,0.115216558109279,0.008951296901055672,0.05416131561493431,0.11418642726246686,0.28112511612185265,0.3835280774956651
2022-02,2022-02-01,6,5,LCID,-0.16588788783221597,-0.18057411549191815,-0.3638184171543012,-0.17985213217879492,0.21739129895631382,0.6840922787093826,0.26041232625153055,0.08080805523108925
2022-02,2022-02-01,6,6,EXC,0.03231846807845851,0.16505551925412032,0.14036576487465324,0.08067865640221616,0.21861857329139545,0.17414876000268698,0.24822990674465317,0.3051188233329982
2022-02,2022-02-01,6,7,NVDA,-0.04712231121936172,0.08436352463502761,-0.20706526403912962,-0.04592014303554737,0.18797686507357048,0.09803547956868197,0.24786656966249976,0.2193432346372406
2022-02,2022-02-01,6,8,AVGO,-0.038129262493522,0.06495449451303181,-0.02104289072213983,0.1296500081917611,0.2239900056607227,0.21843492875090087,0.2397527093962981,0.2794550634932156
2022-02,2022-02-01,6,9,VRTX,-0.06093788568567082,0.08340792122822638,0.06635181775617172,0.3250270320897115,0.36212916744293167,0.2461195314126019,0.23870509575212928,0.21487560212450374
2022-02,2022-02-01,6,10,AAPL,-0.0641549807482722,-0.00044642465738475856,-0.09420302820849158,0.1739043814450043,0.22583123648895254,0.14657956064649635,0.20345559787777834,0.27578393265486767
2022-01,2022-01-03,4,1,LCID,-0.2680185315444997,-0.38944539127890654,-0.40019543776732713,0.6631449721330254,1.3007307579286955,0.7219183552707051,0.47655111749157,0.8984228952036877
2022-01,2022-01-03,4,2,TSLA,-0.2238160575856306,-0.2795596146968168,-0.09600927049842889,0.5476638240229965,0.6343772287130294,0.6906167318304912,0.7697958889320746,0.9230326011535586
2022-01,2022-01-03,4,3,DLTR,-0.04908969870133295,-0.01034208028628636,0.1293475578641241,0.4408041777124043,0.568729875765239,0.4276901505887283,0.4129716043888374,0.4276901505887283
2022-01,2022-01-03,4,4,MRVL,-0.1896266806750051,-0.2732153043991682,-0.2047331975913762,0.49614303381763003,0.4742136612979089,0.47786449770257633,0.5614063998417573,0.8766305202845055
2022-01,2022-01-03,4,5,AMD,-0.22271036668319089,-0.24234559591896476,-0.27988552658613364,0.46647154678848257,0.3659424348680056,0.3830434437246282,0.6101169159159099,0.8591759687188205
2022-01,2022-01-03,4,6,AVGO,-0.10643434035342114,-0.1405053399452827,-0.04839323461687384,0.3697818313036252,0.3635650783992903,0.38742206128046863,0.4318534398460019,0.44715981701498997
2022-01,2022-01-03,4,7,NVDA,-0.18203240115105168,-0.22057692491136582,-0.11302577147490411,0.45235198404594845,0.3423948346045096,0.525569682000252,0.49069869803291954,0.8529245860076458
2022-01,2022-01-03,4,8,MU,-0.14934710521094796,-0.09911229653433251,-0.204386252488734,0.3502199339015175,0.3020358853865799,0.23629690346487608,0.19817847520791343,0.1406543324282754
2022-01,2022-01-03,4,9,KLAC,-0.10816143003711431,-0.22383909328155238,-0.1697275759098974,0.30201067665430403,0.3003415597377357,0.2650635364275209,0.4037280544756585,0.3859888706316221
2022-01,2022-01-03,4,10,QCOM,-0.04876210568085326,-0.12093867547173587,-0.207329437429978,0.4522100466156411,0.27629860267755757,0.2614835472045576,0.3336961840769983,0.40915835389123556
2022-01,2022-01-03,5,1,LCID,-0.2680185315444997,-0.38944539127890654,-0.40019543776732713,0.6631449721330254,1.3007307579286955,0.7219183552707051,0.47655111749157,0.8984228952036877
2022-01,2022-01-03,5,2,TSLA,-0.2238160575856306,-0.2795596146968168,-0.09600927049842889,0.5476638240229965,0.6343772287130294,0.6906167318304912,0.7697958889320746,0.9230326011535586
2022-01,2022-01-03,5,3,NVDA,-0.18203240115105168,-0.22057692491136582,-0.11302577147490411,0.45235198404594845,0.3423948346045096,0.525569682000252,0.49069869803291954,0.8529245860076458
2022-01,2022-01-03,5,4,MRVL,-0.1896266806750051,-0.2732153043991682,-0.2047331975913762,0.49614303381763003,0.4742136612979089,0.47786449770257633,0.5614063998417573,0.8766305202845055
2022-01,2022-01-03,5,5,DDOG,-0.09796742276978643,-0.023561011824513645,-0.0630531753378556,0.13228280507769963,0.2066730255254572,0.46761628470826144,0.5667017529805309,0.783086707971796
2022-01,2022-01-03,5,6,DLTR,-0.04908969870133295,-0.01034208028628636,0.1293475578641241,0.4408041777124043,0.568729875765239,0.4276901505887283,0.4129716043888374,0.4276901505887283
2022-01,2022-01-03,5,7,AVGO,-0.10643434035342114,-0.1405053399452827,-0.04839323461687384,0.3697818313036252,0.3635650783992903,0.38742206128046863,0.4318534398460019,0.44715981701498997
2022-01,2022-01-03,5,8,AMD,-0.22271036668319089,-0.24234559591896476,-0.27988552658613364,0.46647154678848257,0.3659424348680056,0.3830434437246282,0.6101169159159099,0.8591759687188205
2022-01,2022-01-03,5,9,PANW,-0.05760642115720882,0.059793081502894196,0.12293050169959119,0.11859984966088999,0.18229416273254762,0.35943744193907357,0.4681000683329819,0.5102261620540534
2022-01,2022-01-03,5,10,COST,-0.10287468312290637,-0.07585449307947911,0.01717348469152613,0.2660916689400237,0.243377882038186,0.3233861377679279,0.44143928137987287,0.5035583752326984
2022-01,2022-01-03,6,1,TSLA,-0.2238160575856306,-0.2795596146968168,-0.09600927049842889,0.5476638240229965,0.6343772287130294,0.6906167318304912,0.7697958889320746,0.9230326011535586
2022-01,2022-01-03,6,2,AMD,-0.22271036668319089,-0.24234559591896476,-0.27988552658613364,0.46647154678848257,0.3659424348680056,0.3830434437246282,0.6101169159159099,0.8591759687188205
2022-01,2022-01-03,6,3,DDOG,-0.09796742276978643,-0.023561011824513645,-0.0630531753378556,0.13228280507769963,0.2066730255254572,0.46761628470826144,0.5667017529805309,0.783086707971796
2022-01,2022-01-03,6,4,MRVL,-0.1896266806750051,-0.2732153043991682,-0.2047331975913762,0.49614303381763003,0.4742136612979089,0.47786449770257633,0.5614063998417573,0.8766305202845055
2022-01,2022-01-03,6,5,NVDA,-0.18203240115105168,-0.22057692491136582,-0.11302577147490411,0.45235198404594845,0.3423948346045096,0.525569682000252,0.49069869803291954,0.8529245860076458
2022-01,2022-01-03,6,6,LCID,-0.2680185315444997,-0.38944539127890654,-0.40019543776732713,0.6631449721330254,1.3007307579286955,0.7219183552707051,0.47655111749157,0.8984228952036877
2022-01,2022-01-03,6,7,PANW,-0.05760642115720882,0.059793081502894196,0.12293050169959119,0.11859984966088999,0.18229416273254762,0.35943744193907357,0.4681000683329819,0.5102261620540534
2022-01,2022-01-03,6,8,COST,-0.10287468312290637,-0.07585449307947911,0.01717348469152613,0.2660916689400237,0.243377882038186,0.3233861377679279,0.44143928137987287,0.5035583752326984
2022-01,2022-01-03,6,9,AVGO,-0.10643434035342114,-0.1405053399452827,-0.04839323461687384,0.3697818313036252,0.3635650783992903,0.38742206128046863,0.4318534398460019,0.44715981701498997
2022-01,2022-01-03,6,10,DLTR,-0.04908969870133295,-0.01034208028628636,0.1293475578641241,0.4408041777124043,0.568729875765239,0.4276901505887283,0.4129716043888374,0.4276901505887283
2021-12,2021-12-01,4,1,NVDA,-0.04180052474213969,-0.2162238760050057,-0.25315721844620287,0.40095551006564567,0.5921211828984849,0.555728986004463,0.9337566277721105,1.1198443062064056
2021-12,2021-12-01,4,2,TSLA,0.09568949660209758,-0.14954340686536816,-0.21062103689533396,0.4916426905446165,0.5429706473169222,0.6152348766876794,0.7550890166577118,0.598773522211697
2021-12,2021-12-01,4,3,AMD,0.007578330616236695,-0.21681980885734276,-0.2366038403519909,0.3556687290332978,0.37264111553367396,0.5980066928703791,0.8451924899791614,0.8982812834787628
2021-12,2021-12-01,4,4,DLTR,0.06463040475834836,0.012368018960482896,0.0536199116371161,0.473497158031394,0.34101951645161566,0.3271944874705661,0.34101951645161566,0.14084145464842668
2021-12,2021-12-01,4,5,INTU,-0.048833323571944476,-0.15425584647668622,-0.2933708742061729,0.1804301102587107,0.26013840268618504,0.35528236945045233,0.517146205214676,0.6179106804888512
2021-12,2021-12-01,4,6,COST,0.0695869882863509,-0.040446434205991144,-0.011545990514517102,0.16248411363929893,0.23728705777190107,0.34765970151645975,0.4057373469376613,0.4016980872256799
2021-12,2021-12-01,4,7,NFLX,-0.03302201306989361,-0.2600320356269764,-0.3747834909076987,0.06133282337008805,0.19920413780806,0.15787008136671887,0.2378175694520932,0.213431307162671
2021-12,2021-12-01,4,8,KLAC,0.05558241131606567,-0.05859089181390542,-0.18069819851687718,0.23187118864221357,0.19845075369367038,0.32981379703507585,0.31300868200675747,0.3360450882448984
2021-12,2021-12-01,4,9,JD,-0.1978163236327961,-0.11857232539232332,-0.13946931832017284,0.05446878490198159,0.19149531966942246,0.09994811826965555,0.08745050725856496,0.10594636334138685
2021-12,2021-12-01,4,10,QCOM,0.06024034768780662,0.008540795806749157,-0.06798371564324945,0.20378233620417796,0.18980903712599329,0.2579187228495403,0.32909331074256554,0.2953414893704782
2021-12,2021-12-01,5,1,TSLA,0.09568949660209758,-0.14954340686536816,-0.21062103689533396,0.4916426905446165,0.5429706473169222,0.6152348766876794,0.7550890166577118,0.598773522211697
2021-12,2021-12-01,5,2,AMD,0.007578330616236695,-0.21681980885734276,-0.2366038403519909,0.3556687290332978,0.37264111553367396,0.5980066928703791,0.8451924899791614,0.8982812834787628
2021-12,2021-12-01,5,3,NVDA,-0.04180052474213969,-0.2162238760050057,-0.25315721844620287,0.40095551006564567,0.5921211828984849,0.555728986004463,0.9337566277721105,1.1198443062064056
2021-12,2021-12-01,5,4,TEAM,-0.019008365358665014,-0.08773549757169063,-0.13980572670427838,-0.03898310539705463,0.1073532343118706,0.3822311712217683,0.5398310114404088,0.5531544107280582
2021-12,2021-12-01,5,5,INTU,-0.048833323571944476,-0.15425584647668622,-0.2933708742061729,0.1804301102587107,0.26013840268618504,0.35528236945045233,0.517146205214676,0.6179106804888512
2021-12,2021-12-01,5,6,COST,0.0695869882863509,-0.040446434205991144,-0.011545990514517102,0.16248411363929893,0.23728705777190107,0.34765970151645975,0.4057373469376613,0.4016980872256799
2021-12,2021-12-01,5,7,KLAC,0.05558241131606567,-0.05859089181390542,-0.18069819851687718,0.23187118864221357,0.19845075369367038,0.32981379703507585,0.31300868200675747,0.3360450882448984
2021-12,2021-12-01,5,8,DLTR,0.06463040475834836,0.012368018960482896,0.0536199116371161,0.473497158031394,0.34101951645161566,0.3271944874705661,0.34101951645161566,0.14084145464842668
2021-12,2021-12-01,5,9,MRNA,-0.24326321066041212,-0.4438684728771708,-0.5186246053769733,-0.20344159766415404,-0.10386313586287943,0.32112621558083876,0.6820642217678945,0.6697665746562202
2021-12,2021-12-01,5,10,DXCM,-0.05025986830608431,-0.2066380452008566,-0.25520192970610744,0.006294488701741763,0.07235742454441607,0.28467336775033236,0.4995759987147683,0.4408649263807649
2021-12,2021-12-01,6,1,NVDA,-0.04180052474213969,-0.2162238760050057,-0.25315721844620287,0.40095551006564567,0.5921211828984849,0.555728986004463,0.9337566277721105,1.1198443062064056
2021-12,2021-12-01,6,2,AMD,0.007578330616236695,-0.21681980885734276,-0.2366038403519909,0.3556687290332978,0.37264111553367396,0.5980066928703791,0.8451924899791614,0.8982812834787628
2021-12,2021-12-01,6,3,TSLA,0.09568949660209758,-0.14954340686536816,-0.21062103689533396,0.4916426905446165,0.5429706473169222,0.6152348766876794,0.7550890166577118,0.598773522211697
2021-12,2021-12-01,6,4,MRNA,-0.24326321066041212,-0.4438684728771708,-0.5186246053769733,-0.20344159766415404,-0.10386313586287943,0.32112621558083876,0.6820642217678945,0.6697665746562202
2021-12,2021-12-01,6,5,TEAM,-0.019008365358665014,-0.08773549757169063,-0.13980572670427838,-0.03898310539705463,0.1073532343118706,0.3822311712217683,0.5398310114404088,0.5531544107280582
2021-12,2021-12-01,6,6,INTU,-0.048833323571944476,-0.15425584647668622,-0.2933708742061729,0.1804301102587107,0.26013840268618504,0.35528236945045233,0.517146205214676,0.6179106804888512
2021-12,2021-12-01,6,7,DXCM,-0.05025986830608431,-0.2066380452008566,-0.25520192970610744,0.006294488701741763,0.07235742454441607,0.28467336775033236,0.4995759987147683,0.4408649263807649
2021-12,2021-12-01,6,8,MRVL,0.26046520637977433,0.02144737318764256,-0.08391317866583603,0.16957902037776096,0.17247544019656202,0.23875406630725382,0.48883960523943437,0.60442538806124
2021-12,2021-12-01,6,9,LULU,-0.13574024064263934,-0.230849833205777,-0.29714783171593284,0.1337445808402571,0.11369675766359588,0.23117255346818122,0.4074132180902521,0.3370802854883088
2021-12,2021-12-01,6,10,COST,0.0695869882863509,-0.040446434205991144,-0.011545990514517102,0.16248411363929893,0.23728705777190107,0.34765970151645975,0.4057373469376613,0.4016980872256799
2021-11,2021-11-01,4,1,TSLA,-0.09398557354557135,-0.007289509163908914,-0.22947405754673922,0.7030309918520175,0.7827915643779473,0.9371534993388877,0.764622588260865,0.8263544461253132
2021-11,2021-11-01,4,2,TEAM,-0.20644692799847708,-0.22153107472257305,-0.27606970162007427,0.39543689437036855,0.7418257454860129,0.9404259976671774,0.9572155480548343,1.0180221446034672
2021-11,2021-11-01,4,3,DXCM,-0.12581510591609069,-0.16975152356791623,-0.3064549635737076,0.22669406872807984,0.46956710925162937,0.7153991207846591,0.6482381886622515,0.7161970438611491
2021-11,2021-11-01,4,4,MRNA,-0.07877339923013194,-0.30287393987918776,-0.4876768436876804,-0.027235141290731346,0.43409473247600006,0.8258962782470625,0.8125470685071383,1.543719393926208
2021-11,2021-11-01,4,5,AMD,0.1906891049531847,0.19971254065167088,-0.06747587919128539,0.15281235867833298,0.34208559247143633,0.5496845333540787,0.5942711456601422,0.544333567794451
2021-11,2021-11-01,4,6,NVDA,0.2172861966008881,0.1664029948216077,-0.04592014303554737,0.3079267532518435,0.2780305817552453,0.5885800998745176,0.7414510343794192,0.8706874858420841
2021-11,2021-11-01,4,7,NFLX,-0.09307510076744208,-0.12302358664331159,-0.3289046284756745,0.3222750183866707,0.27669896630527124,0.36485123575230705,0.3379622813195222,0.2627821561956616
2021-11,2021-11-01,4,8,CDNS,0.006960462145404689,0.05361256051860197,-0.12787618612422713,0.18025666550327335,0.2695538277687912,0.38242541819396125,0.34115107920444276,0.22863799271171503
2021-11,2021-11-01,4,9,LULU,-0.02277286457425809,-0.15542191109946546,-0.24836558579144996,0.13964984934479863,0.25986324861088184,0.4402109469433573,0.3682390071022661,0.5241637948633322
2021-11,2021-11-01,4,10,COST,0.07719527318144626,0.15215404803843624,0.03362656543770837,0.14861909309872012,0.25108207868032073,0.30499769348771943,0.3012479001006285,0.3936061193299216
2021-11,2021-11-01,5,1,TEAM,-0.20644692799847708,-0.22153107472257305,-0.27606970162007427,0.39543689437036855,0.7418257454860129,0.9404259976671774,0.9572155480548343,1.0180221446034672
2021-11,2021-11-01,5,2,TSLA,-0.09398557354557135,-0.007289509163908914,-0.22947405754673922,0.7030309918520175,0.7827915643779473,0.9371534993388877,0.764622588260865,0.8263544461253132
2021-11,2021-11-01,5,3,MRNA,-0.07877339923013194,-0.30287393987918776,-0.4876768436876804,-0.027235141290731346,0.43409473247600006,0.8258962782470625,0.8125470685071383,1.543719393926208
2021-11,2021-11-01,5,4,DXCM,-0.12581510591609069,-0.16975152356791623,-0.3064549635737076,0.22669406872807984,0.46956710925162937,0.7153991207846591,0.6482381886622515,0.7161970438611491
2021-11,2021-11-01,5,5,NVDA,0.2172861966008881,0.1664029948216077,-0.04592014303554737,0.3079267532518435,0.2780305817552453,0.5885800998745176,0.7414510343794192,0.8706874858420841
2021-11,2021-11-01,5,6,AMD,0.1906891049531847,0.19971254065167088,-0.06747587919128539,0.15281235867833298,0.34208559247143633,0.5496845333540787,0.5942711456601422,0.544333567794451
2021-11,2021-11-01,5,7,MRVL,0.02885712069051527,0.2968386029664707,0.05092340331472811,0.13959014970869577,0.2040098099101133,0.44708101377594867,0.5594248762009182,0.39308373414919795
2021-11,2021-11-01,5,8,LULU,-0.02277286457425809,-0.15542191109946546,-0.24836558579144996,0.13964984934479863,0.25986324861088184,0.4402109469433573,0.3682390071022661,0.5241637948633322
2021-11,2021-11-01,5,9,INTU,0.09047165079335406,0.03722029582412967,-0.07773997675860411,0.15559024553219047,0.24284053461127564,0.3912752377477233,0.48367972639340784,0.5463738973636776
2021-11,2021-11-01,5,10,DOCU,-0.16970067498569696,-0.43513455413164825,-0.5413008925041444,-0.058082054537217154,-0.00046749212314178834,0.38716431121776074,0.292236092830753,0.3474235324131114
2021-11,2021-11-01,6,1,TEAM,-0.20644692799847708,-0.22153107472257305,-0.27606970162007427,0.39543689437036855,0.7418257454860129,0.9404259976671774,0.9572155480548343,1.0180221446034672
2021-11,2021-11-01,6,2,MRNA,-0.07877339923013194,-0.30287393987918776,-0.4876768436876804,-0.027235141290731346,0.43409473247600006,0.8258962782470625,0.8125470685071383,1.543719393926208
2021-11,2021-11-01,6,3,TSLA,-0.09398557354557135,-0.007289509163908914,-0.22947405754673922,0.7030309918520175,0.7827915643779473,0.9371534993388877,0.764622588260865,0.8263544461253132
2021-11,2021-11-01,6,4,NVDA,0.2172861966008881,0.1664029948216077,-0.04592014303554737,0.3079267532518435,0.2780305817552453,0.5885800998745176,0.7414510343794192,0.8706874858420841
2021-11,2021-11-01,6,5,DXCM,-0.12581510591609069,-0.16975152356791623,-0.3064549635737076,0.22669406872807984,0.46956710925162937,0.7153991207846591,0.6482381886622515,0.7161970438611491
2021-11,2021-11-01,6,6,AMD,0.1906891049531847,0.19971254065167088,-0.06747587919128539,0.15281235867833298,0.34208559247143633,0.5496845333540787,0.5942711456601422,0.544333567794451
2021-11,2021-11-01,6,7,MRVL,0.02885712069051527,0.2968386029664707,0.05092340331472811,0.13959014970869577,0.2040098099101133,0.44708101377594867,0.5594248762009182,0.39308373414919795
2021-11,2021-11-01,6,8,INTU,0.09047165079335406,0.03722029582412967,-0.07773997675860411,0.15559024553219047,0.24284053461127564,0.3912752377477233,0.48367972639340784,0.5463738973636776
2021-11,2021-11-01,6,9,LULU,-0.02277286457425809,-0.15542191109946546,-0.24836558579144996,0.13964984934479863,0.25986324861088184,0.4402109469433573,0.3682390071022661,0.5241637948633322
2021-11,2021-11-01,6,10,SNPS,0.014886016603879337,0.09477325404042869,-0.054632516413237076,0.14683082346639642,0.19028549591755373,0.29950353329147616,0.3473305813785057,0.2974078664241635
2021-10,2021-10-01,4,1,MRNA,-0.011492517963713755,-0.08936061248813054,-0.31088567364809916,0.45076770640301245,0.8471243884626836,0.8336199790550529,1.5732930100703402,1.167026744373394
2021-10,2021-10-01,4,2,TEAM,0.14767225854742327,-0.08926115357876607,-0.10657281031787003,0.5177031007881927,0.690749238918714,0.7053784592929233,0.7583610038266686,0.5595228676767521
2021-10,2021-10-01,4,3,DXCM,0.14065689377527302,-0.0028549741289820574,-0.052971351811326395,0.2883515781750554,0.5038695072513357,0.44499033640783825,0.5045690366898941,0.38634120123713633
2021-10,2021-10-01,4,4,DOCU,0.07832565194521313,-0.10466693904428137,-0.3908910998226862,-0.07306989676654574,0.2864057427507427,0.19837276475771737,0.24955158952443313,0.08052478056535817
2021-10,2021-10-01,4,5,NVDA,0.24515453963496947,0.5157094337325818,0.45235198404594845,0.02640318215433224,0.2758095877321598,0.3985822473810716,0.5023737426122998,0.49963517085887754
2021-10,2021-10-01,4,6,AMD,0.2223524361860143,0.4554417281796701,0.46647154678848257,0.09795305571526791,0.2677886405572245,0.30426470996743715,0.2634110442100337,0.18590111901908557
2021-10,2021-10-01,4,7,LULU,0.14328427751265727,0.11724841949098308,-0.034407149828331485,0.10196848971968286,0.25971376959429304,0.19676185006149383,0.3331450671038012,0.27487854472546447
2021-10,2021-10-01,4,8,MRVL,0.15368483818669332,0.18697686080106424,0.49614303381763003,0.04362107402097659,0.25431224011784836,0.35169053504417014,0.20750805422630014,0.21092204568203488
2021-10,2021-10-01,4,9,TSLA,0.5590283756541214,0.4125021995944482,0.5476638240229965,0.14352733549826602,0.24253896182365287,0.13187329738015996,0.1714696631862329,0.07904739943557981
2021-10,2021-10-01,4,10,INTU,0.12062286967350744,0.2220074706096553,0.1623327843900404,0.10906226193061386,0.24151958290220366,0.3239777328707174,0.37992355788188803,0.3419632229800973
2021-10,2021-10-01,5,1,MRNA,-0.011492517963713755,-0.08936061248813054,-0.31088567364809916,0.45076770640301245,0.8471243884626836,0.8336199790550529,1.5732930100703402,1.167026744373394
2021-10,2021-10-01,5,2,TEAM,0.14767225854742327,-0.08926115357876607,-0.10657281031787003,0.5177031007881927,0.690749238918714,0.7053784592929233,0.7583610038266686,0.5595228676767521
2021-10,2021-10-01,5,3,DXCM,0.14065689377527302,-0.0028549741289820574,-0.052971351811326395,0.2883515781750554,0.5038695072513357,0.44499033640783825,0.5045690366898941,0.38634120123713633
2021-10,2021-10-01,5,4,NVDA,0.24515453963496947,0.5157094337325818,0.45235198404594845,0.02640318215433224,0.2758095877321598,0.3985822473810716,0.5023737426122998,0.49963517085887754
2021-10,2021-10-01,5,5,MRVL,0.15368483818669332,0.18697686080106424,0.49614303381763003,0.04362107402097659,0.25431224011784836,0.35169053504417014,0.20750805422630014,0.21092204568203488
2021-10,2021-10-01,5,6,INTU,0.12062286967350744,0.2220074706096553,0.1623327843900404,0.10906226193061386,0.24151958290220366,0.3239777328707174,0.37992355788188803,0.3419632229800973
2021-10,2021-10-01,5,7,AMD,0.2223524361860143,0.4554417281796701,0.46647154678848257,0.09795305571526791,0.2677886405572245,0.30426470996743715,0.2634110442100337,0.18590111901908557
2021-10,2021-10-01,5,8,SNPS,0.09041623520277264,0.10664818938514076,0.19375853007145283,0.09158820044183358,0.19174998623330475,0.23561126282016298,0.1898280899888647,0.19010895232926606
2021-10,2021-10-01,5,9,CRWD,0.07983314804906105,-0.1916396014509898,-0.20435672791872317,-0.007525081072188078,0.12248388369047336,0.21523990935184045,0.33278086884131275,0.11580130296674862
2021-10,2021-10-01,5,10,EBAY,0.09140341038951205,-0.04189797144527474,-0.042041145458839635,0.0039056191485395964,0.1418059378388974,0.20868795154927544,0.11369379573752858,0.201867588970309
2021-10,2021-10-01,6,1,MRNA,-0.011492517963713755,-0.08936061248813054,-0.31088567364809916,0.45076770640301245,0.8471243884626836,0.8336199790550529,1.5732930100703402,1.167026744373394
2021-10,2021-10-01,6,2,TEAM,0.14767225854742327,-0.08926115357876607,-0.10657281031787003,0.5177031007881927,0.690749238918714,0.7053784592929233,0.7583610038266686,0.5595228676767521
2021-10,2021-10-01,6,3,DXCM,0.14065689377527302,-0.0028549741289820574,-0.052971351811326395,0.2883515781750554,0.5038695072513357,0.44499033640783825,0.5045690366898941,0.38634120123713633
2021-10,2021-10-01,6,4,NVDA,0.24515453963496947,0.5157094337325818,0.45235198404594845,0.02640318215433224,0.2758095877321598,0.3985822473810716,0.5023737426122998,0.49963517085887754
2021-10,2021-10-01,6,5,INTU,0.12062286967350744,0.2220074706096553,0.1623327843900404,0.10906226193061386,0.24151958290220366,0.3239777328707174,0.37992355788188803,0.3419632229800973
2021-10,2021-10-01,6,6,ISRG,0.05506686115690007,-0.04924222087434993,0.06983655274888556,0.0884566908738269,0.20747814282989108,0.16362175057954564,0.3503210438236468,0.32967159387202893
2021-10,2021-10-01,6,7,LULU,0.14328427751265727,0.11724841949098308,-0.034407149828331485,0.10196848971968286,0.25971376959429304,0.19676185006149383,0.3331450671038012,0.27487854472546447
2021-10,2021-10-01,6,8,CRWD,0.07983314804906105,-0.1916396014509898,-0.20435672791872317,-0.007525081072188078,0.12248388369047336,0.21523990935184045,0.33278086884131275,0.11580130296674862
2021-10,2021-10-01,6,9,IDXX,0.06811115954084435,-0.03931210780719474,0.011266434047441543,-0.023429112531937357,0.13329328544584462,0.13475662858795756,0.28295912341084084,0.15944775867018057
2021-10,2021-10-01,6,10,GOOGL,0.050928838725682546,0.033018908899494104,0.061874297238094345,0.11514182368241888,0.14685152642237576,0.165499957004426,0.28222630144595473,0.31947257911711446
2021-09,2021-09-01,4,1,MRNA,-0.12527569830657748,-0.135328483057086,-0.20344159766415404,1.1116646523787472,1.0962261772140733,1.9418332211515938,1.4773825766337332,1.4761240349285591
2021-09,2021-09-01,4,2,TEAM,0.055205779768020324,0.21103040049865873,-0.03898310539705463,0.6022933832777275,0.6161572387026149,0.6663678663826427,0.47793245410350416,0.582577680991448
2021-09,2021-09-01,4,3,NVDA,-0.07570971131606896,0.15088424889531304,0.40095551006564567,0.3803126608078362,0.5131417742930855,0.6254349537216108,0.6224720623151443,0.6965965172705137
2021-09,2021-09-01,4,4,DXCM,0.009175659100070899,0.15112317258270047,0.006294488701741763,0.4901959769743225,0.4318521492050291,0.49088914612901857,0.3737362655708538,0.4241806227174827
2021-09,2021-09-01,4,5,AMD,-0.06855169617210233,0.13855810336536156,0.3556687290332978,0.36109393870502116,0.4002545332976677,0.35639416489127274,0.27317975044399545,0.25473412353178104
2021-09,2021-09-01,4,6,REGN,-0.1617862234120132,-0.06139851190874723,-0.07396891648875892,0.3531783115811602,0.3936391571498643,0.43381120346214774,0.4705970677998519,0.3402613113197961
2021-09,2021-09-01,4,7,DOCU,-0.13273000486174324,-0.06480051708001755,-0.22350450057781335,0.48328173459485235,0.3817758846444095,0.4407872940712476,0.24589203664667902,0.29147476322654375
2021-09,2021-09-01,4,8,MRVL,-0.014657270076488094,0.13677496793024146,0.16957902037776096,0.2729705127222235,0.3717973391340659,0.22547010045939442,0.2289348760669636,0.151065826725711
2021-09,2021-09-01,4,9,INTU,-0.03402381847158564,0.08249500058062842,0.1804301102587107,0.28524864964870167,0.3706111581093603,0.42852751886543006,0.38923013697581865,0.5113151561641229
2021-09,2021-09-01,4,10,SNPS,-0.09333697267239327,-0.01135991514388257,0.0033569975745464387,0.31443540798833824,0.3628120101711134,0.31231566097482566,0.3126254368584076,0.26581172216766147
2021-09,2021-09-01,5,1,MRNA,-0.12527569830657748,-0.135328483057086,-0.20344159766415404,1.1116646523787472,1.0962261772140733,1.9418332211515938,1.4773825766337332,1.4761240349285591
2021-09,2021-09-01,5,2,TEAM,0.055205779768020324,0.21103040049865873,-0.03898310539705463,0.6022933832777275,0.6161572387026149,0.6663678663826427,0.47793245410350416,0.582577680991448
2021-09,2021-09-01,5,3,NVDA,-0.07570971131606896,0.15088424889531304,0.40095551006564567,0.3803126608078362,0.5131417742930855,0.6254349537216108,0.6224720623151443,0.6965965172705137
2021-09,2021-09-01,5,4,DXCM,0.009175659100070899,0.15112317258270047,0.006294488701741763,0.4901959769743225,0.4318521492050291,0.49088914612901857,0.3737362655708538,0.4241806227174827
2021-09,2021-09-01,5,5,CRWD,-0.07667517448103334,-0.002963246988004209,-0.2536207760532928,0.21569771836208007,0.3161564335376763,0.4434582846748498,0.20846019962649454,0.2556160556160558
2021-09,2021-09-01,5,6,DOCU,-0.13273000486174324,-0.06480051708001755,-0.22350450057781335,0.48328173459485235,0.3817758846444095,0.4407872940712476,0.24589203664667902,0.29147476322654375
2021-09,2021-09-01,5,7,REGN,-0.1617862234120132,-0.06139851190874723,-0.07396891648875892,0.3531783115811602,0.3936391571498643,0.43381120346214774,0.4705970677998519,0.3402613113197961
2021-09,2021-09-01,5,8,INTU,-0.03402381847158564,0.08249500058062842,0.1804301102587107,0.28524864964870167,0.3706111581093603,0.42852751886543006,0.38923013697581865,0.5113151561641229
2021-09,2021-09-01,5,9,ISRG,-0.050070096153158605,0.0022395619707629155,-0.09684675429353473,0.2711234144120329,0.22495538446293395,0.42149545809156996,0.39975759104685893,0.42433417170674415
2021-09,2021-09-01,5,10,IDXX,-0.0781800000541012,-0.015393770969844955,-0.11441868727080262,0.22940843712694137,0.23099588710871544,0.39176750719895104,0.25778108387562426,0.374639547450891
2021-09,2021-09-01,6,1,MRNA,-0.12527569830657748,-0.135328483057086,-0.20344159766415404,1.1116646523787472,1.0962261772140733,1.9418332211515938,1.4773825766337332,1.4761240349285591
2021-09,2021-09-01,6,2,NVDA,-0.07570971131606896,0.15088424889531304,0.40095551006564567,0.3803126608078362,0.5131417742930855,0.6254349537216108,0.6224720623151443,0.6965965172705137
2021-09,2021-09-01,6,3,TEAM,0.055205779768020324,0.21103040049865873,-0.03898310539705463,0.6022933832777275,0.6161572387026149,0.6663678663826427,0.47793245410350416,0.582577680991448
2021-09,2021-09-01,6,4,REGN,-0.1617862234120132,-0.06139851190874723,-0.07396891648875892,0.3531783115811602,0.3936391571498643,0.43381120346214774,0.4705970677998519,0.3402613113197961
2021-09,2021-09-01,6,5,ASML,-0.11916820653821125,-0.04122649989919869,-0.04285299317453173,0.25360220284016766,0.2868754136798546,0.3257056229599473,0.4473600132284643,0.523488739889231
2021-09,2021-09-01,6,6,META,-0.10218553693442256,-0.1362909838577423,-0.18701738868448436,0.16078747370611524,0.1843575098846506,0.27921363771269214,0.4421879693922659,0.45814987764132975
2021-09,2021-09-01,6,7,ADBE,-0.13278475724252248,-0.03857994845435475,-0.012734898132364059,0.34276382757171553,0.32262746980929147,0.3776844864767426,0.4180846396960525,0.41678726520944154
2021-09,2021-09-01,6,8,GOOGL,-0.059721631286359766,-0.011834345888894982,-0.02867466548963915,0.219693619019802,0.23952650170917278,0.36366670138346446,0.4032786704667424,0.5341797156299994
2021-09,2021-09-01,6,9,GOOG,-0.06431291957455154,-0.014179642175690454,-0.02896298798232655,0.20043946617196418,0.21780093048716576,0.36444417928618256,0.4013098713660852,0.534088931649094
2021-09,2021-09-01,6,10,ISRG,-0.050070096153158605,0.0022395619707629155,-0.09684675429353473,0.2711234144120329,0.22495538446293395,0.42149545809156996,0.39975759104685893,0.42433417170674415
2021-08,2021-08-02,4,1,MRNA,0.12501087366509278,-0.01592564913579453,-0.027235141290731346,0.8632941478911467,1.614937588618682,1.2020965615761963,1.200977868650968,2.102210462164575
2021-08,2021-08-02,4,2,TEAM,0.15227239035104123,0.21588448616553113,0.39543689437036855,0.4025826291040875,0.4461579400292508,0.28262420108256703,0.3734405981118003,0.393073026314229
2021-08,2021-08-02,4,3,DOCU,0.00718398872700754,-0.12649954699339816,-0.058082054537217154,0.3719200266386813,0.43051052260300193,0.23700540377074275,0.28226300028742,0.32682883523458184
2021-08,2021-08-02,4,4,NVDA,0.13645377848143214,0.05041319098854702,0.3079267532518435,0.3314591432966123,0.43026930307150013,0.4276621654451678,0.49288651188045973,0.5069464536733741
2021-08,2021-08-02,4,5,DXCM,0.06564970451930496,0.07542774292806542,0.22669406872807984,0.3436424212691087,0.39904242435982384,0.28910678597759376,0.3364435017226457,0.42939011590094345
2021-08,2021-08-02,4,6,IDXX,-0.0026814391319252007,-0.08065180427454743,-0.01803393264190367,0.23430560245188436,0.39550948093008964,0.2611628152000305,0.37833547011738444,0.3801573619089953
2021-08,2021-08-02,4,7,AMD,0.012519567750506999,-0.056890366026234096,0.15281235867833298,0.3829407133420475,0.33962266813741127,0.2574371804710811,0.23921962942345587,0.17692300825280594
2021-08,2021-08-02,4,8,INTU,0.06752478756239522,0.031203517976454265,0.15559024553219047,0.28391506602768213,0.3381680083769809,0.30135632742356355,0.415719029452315,0.425159999716092
2021-08,2021-08-02,4,9,LULU,-0.01768283925273806,-0.0031789365421571736,0.13964984934479863,0.20057841264918919,0.33739656591855516,0.27894422726489765,0.20745492075011351,0.12976992365895845
2021-08,2021-08-02,4,10,ISRG,0.07068658692279595,0.017077206565674352,0.07308445588547419,0.14408399192102883,0.3276485158714981,0.307345779935311,0.33029981798907926,0.24068757021665843
2021-08,2021-08-02,5,1,MRNA,0.12501087366509278,-0.01592564913579453,-0.027235141290731346,0.8632941478911467,1.614937588618682,1.2020965615761963,1.200977868650968,2.102210462164575
2021-08,2021-08-02,5,2,NVDA,0.13645377848143214,0.05041319098854702,0.3079267532518435,0.3314591432966123,0.43026930307150013,0.4276621654451678,0.49288651188045973,0.5069464536733741
2021-08,2021-08-02,5,3,ORLY,-0.014289742104808267,0.005506349621550832,0.030941768832121186,0.08319516088304857,0.1837461539969698,0.33220303390289607,0.37703299980947924,0.32416232978782533
2021-08,2021-08-02,5,4,CPRT,-0.0075321206196673485,-0.04183785874585999,0.05840875397312084,0.173011994266127,0.2968652206250697,0.32981236288435034,0.31733711421697675,0.21044336045704792
2021-08,2021-08-02,5,5,META,0.08552353753140074,-0.02540126800619924,-0.062423533399490694,0.09104728634259662,0.17843012471361397,0.32856443875179275,0.34326877974228176,0.3086561129070362
2021-08,2021-08-02,5,6,ASML,0.09422480830208335,-0.03617199965289408,0.04911374935291657,0.17606126631026453,0.2115477668771324,0.32272637418479255,0.39229957896242507,0.5437539080138392
2021-08,2021-08-02,5,7,ADBE,0.07618588226010092,-0.06671519886363642,0.034666686395202095,0.22899537302202644,0.2801547661854322,0.31769489181360466,0.3164893617021276,0.27487947556094294
2021-08,2021-08-02,5,8,ISRG,0.07068658692279595,0.017077206565674352,0.07308445588547419,0.14408399192102883,0.3276485158714981,0.307345779935311,0.33029981798907926,0.24068757021665843
2021-08,2021-08-02,5,9,GOOG,0.07245068150785205,0.0034782470803644827,0.057243714592995376,0.13553094001017651,0.27226752969916657,0.3066427160975471,0.4304517290176779,0.5737336165319495
2021-08,2021-08-02,5,10,GOOGL,0.07683070267351,0.01252061649061087,0.06408711567428993,0.15108763023911598,0.2663705613127578,0.30315625936625046,0.42471765693623187,0.5625072340190089
2021-08,2021-08-02,6,1,MRNA,0.12501087366509278,-0.01592564913579453,-0.027235141290731346,0.8632941478911467,1.614937588618682,1.2020965615761963,1.200977868650968,2.102210462164575
2021-08,2021-08-02,6,2,NVDA,0.13645377848143214,0.05041319098854702,0.3079267532518435,0.3314591432966123,0.43026930307150013,0.4276621654451678,0.49288651188045973,0.5069464536733741
2021-08,2021-08-02,6,3,GOOG,0.07245068150785205,0.0034782470803644827,0.057243714592995376,0.13553094001017651,0.27226752969916657,0.3066427160975471,0.4304517290176779,0.5737336165319495
2021-08,2021-08-02,6,4,GOOGL,0.07683070267351,0.01252061649061087,0.06408711567428993,0.15108763023911598,0.2663705613127578,0.30315625936625046,0.42471765693623187,0.5625072340190089
2021-08,2021-08-02,6,5,INTU,0.06752478756239522,0.031203517976454265,0.15559024553219047,0.28391506602768213,0.3381680083769809,0.30135632742356355,0.415719029452315,0.425159999716092
2021-08,2021-08-02,6,6,AMAT,-0.058487608630703125,-0.08903429140655572,-0.015807204055134916,0.07081874073746586,0.005216936078858758,0.16366688701903076,0.4082427791610477,0.6407076143739117
2021-08,2021-08-02,6,7,ASML,0.09422480830208335,-0.03617199965289408,0.04911374935291657,0.17606126631026453,0.2115477668771324,0.32272637418479255,0.39229957896242507,0.5437539080138392
2021-08,2021-08-02,6,8,IDXX,-0.0026814391319252007,-0.08065180427454743,-0.01803393264190367,0.23430560245188436,0.39550948093008964,0.2611628152000305,0.37833547011738444,0.3801573619089953
2021-08,2021-08-02,6,9,ORLY,-0.014289742104808267,0.005506349621550832,0.030941768832121186,0.08319516088304857,0.1837461539969698,0.33220303390289607,0.37703299980947924,0.32416232978782533
2021-08,2021-08-02,6,10,TEAM,0.15227239035104123,0.21588448616553113,0.39543689437036855,0.4025826291040875,0.4461579400292508,0.28262420108256703,0.3734405981118003,0.393073026314229
2021-07,2021-07-01,4,1,MRNA,0.47424603143955624,0.6585428158271109,0.45076770640301245,0.7737457200853206,0.49371035404851393,0.4929515302827576,1.104269162681999,0.667328627538907
2021-07,2021-07-01,4,2,NVDA,-0.02285768023497392,0.1104770814110756,0.02640318215433224,0.46372669992989124,0.461058575160759,0.5278086740112278,0.5421975112445752,0.5107979335225115
2021-07,2021-07-01,4,3,META,-0.006885207848564945,0.07804948235098763,-0.032111582844924325,0.18660011312561453,0.3377752997452146,0.3525815850877525,0.31772895062012707,0.23674775076121501
2021-07,2021-07-01,4,4,BIIB,-0.04935228865646479,-0.030608800820682514,-0.1862318253056765,0.25191067462672057,0.27697271958048275,0.2530346338246694,0.436180357318827,0.4349399908407108
2021-07,2021-07-01,4,5,ORLY,0.04475304743854447,0.029823795827435218,0.05050582298592188,0.1330391970611613,0.2751367772212794,0.3180464064551871,0.2674405047530781,0.26858625688360327
2021-07,2021-07-01,4,6,ADBE,0.058180734129585465,0.13879916694988914,-0.012416003981538637,0.20976948917751104,0.24524558925889406,0.24410634142287235,0.20478424378951177,0.22034850864482136
2021-07,2021-07-01,4,7,REGN,0.004368169106686803,0.18506133342597186,-0.006665264220620637,0.20990463786127278,0.24094595471139524,0.13096366704088314,0.19003440058883125,0.11778558039220699
2021-07,2021-07-01,4,8,CPRT,0.08644543427669849,0.07826219621903951,0.0409908836623456,0.19367727058327433,0.2240029005871551,0.21252027267618323,0.11413175689113264,0.16633404051145617
2021-07,2021-07-01,4,9,ISRG,0.07018098906097481,0.1458284305673574,0.0884566908738269,0.2405831625138819,0.22161185191902466,0.24306059590569307,0.15932499539661382,0.264172220218984
2021-07,2021-07-01,4,10,GOOG,0.07613432284486787,0.15410098792896942,0.0798773839113831,0.18225717988048284,0.21420039149323622,0.3292501676148911,0.46239515190968783,0.4055780886234168
2021-07,2021-07-01,5,1,NVDA,-0.02285768023497392,0.1104770814110756,0.02640318215433224,0.46372669992989124,0.461058575160759,0.5278086740112278,0.5421975112445752,0.5107979335225115
2021-07,2021-07-01,5,2,MRNA,0.47424603143955624,0.6585428158271109,0.45076770640301245,0.7737457200853206,0.49371035404851393,0.4929515302827576,1.104269162681999,0.667328627538907
2021-07,2021-07-01,5,3,AMAT,0.029430681820150406,-0.030778257010584342,-0.06222394948787413,-0.023521492188749327,0.13039848876617444,0.36798213228997056,0.5938009652801042,0.6429749588355647
2021-07,2021-07-01,5,4,META,-0.006885207848564945,0.07804948235098763,-0.032111582844924325,0.18660011312561453,0.3377752997452146,0.3525815850877525,0.31772895062012707,0.23674775076121501
2021-07,2021-07-01,5,5,GOOG,0.07613432284486787,0.15410098792896942,0.0798773839113831,0.18225717988048284,0.21420039149323622,0.3292501676148911,0.46239515190968783,0.4055780886234168
2021-07,2021-07-01,5,6,ORLY,0.04475304743854447,0.029823795827435218,0.05050582298592188,0.1330391970611613,0.2751367772212794,0.3180464064551871,0.2674405047530781,0.26858625688360327
2021-07,2021-07-01,5,7,INTU,0.07550279125011405,0.14812588875204136,0.10906226193061386,0.24422550946758292,0.20999809392491464,0.31633226893511757,0.32511046118211606,0.38037023500085376
2021-07,2021-07-01,5,8,IDXX,0.062242675853033,0.05939433677439965,-0.023429112531937357,0.31373885897535336,0.18726430774140645,0.297571168481358,0.29928630555222346,0.36568638526953134
2021-07,2021-07-01,5,9,GOOGL,0.10135221497759961,0.18596987954535527,0.11514182368241888,0.14983249145098854,0.18323297637600477,0.2936076557173033,0.41871711226438935,0.364010782174389
2021-07,2021-07-01,5,10,CDW,0.04476700899407016,0.14162533001093802,0.058521489518685854,0.04001019508711878,0.09746121542714148,0.27872712227976715,0.3893437045937864,0.3381982226004385
2021-07,2021-07-01,6,1,MRNA,0.47424603143955624,0.6585428158271109,0.45076770640301245,0.7737457200853206,0.49371035404851393,0.4929515302827576,1.104269162681999,0.667328627538907
2021-07,2021-07-01,6,2,AMAT,0.029430681820150406,-0.030778257010584342,-0.06222394948787413,-0.023521492188749327,0.13039848876617444,0.36798213228997056,0.5938009652801042,0.6429749588355647
2021-07,2021-07-01,6,3,NVDA,-0.02285768023497392,0.1104770814110756,0.02640318215433224,0.46372669992989124,0.461058575160759,0.5278086740112278,0.5421975112445752,0.5107979335225115
2021-07,2021-07-01,6,4,GOOG,0.07613432284486787,0.15410098792896942,0.0798773839113831,0.18225717988048284,0.21420039149323622,0.3292501676148911,0.46239515190968783,0.4055780886234168
2021-07,2021-07-01,6,5,BIIB,-0.04935228865646479,-0.030608800820682514,-0.1862318253056765,0.25191067462672057,0.27697271958048275,0.2530346338246694,0.436180357318827,0.4349399908407108
2021-07,2021-07-01,6,6,GOOGL,0.10135221497759961,0.18596987954535527,0.11514182368241888,0.14983249145098854,0.18323297637600477,0.2936076557173033,0.41871711226438935,0.364010782174389
2021-07,2021-07-01,6,7,CDW,0.04476700899407016,0.14162533001093802,0.058521489518685854,0.04001019508711878,0.09746121542714148,0.27872712227976715,0.3893437045937864,0.3381982226004385
2021-07,2021-07-01,6,8,EBAY,-0.01676235321927666,0.0935121119891551,0.0039056191485395964,0.10936105396252849,0.19719181369825423,0.20119112692919372,0.36376002683393494,0.39021482273727326
2021-07,2021-07-01,6,9,ASML,0.13298753610006897,0.23974306949774782,0.0920051113375242,0.069339007071058,0.167467718786948,0.22887457681569123,0.3625515363811467,0.5165072801295896
2021-07,2021-07-01,6,10,LRCX,0.013790062101539435,-0.052584937660170694,-0.09784255451915325,-0.007761364323473963,0.06190346023009741,0.2680790626300342,0.33023379107412665,0.3632148979611285
2021-06,2021-06-01,4,1,AMAT,-0.0018811887351388723,0.027494128417903996,-0.03260154603534782,0.132528989543522,0.370560415103691,0.5968048565885338,0.6460715300551374,1.3060827119307303
2021-06,2021-06-01,4,2,KHC,-0.07662496843759592,-0.12018233162094316,-0.1675198800685258,0.20526342939820275,0.3444577468739227,0.3059663862315394,0.34892045399872873,0.42842170554170456
2021-06,2021-06-01,4,3,LRCX,-0.022651663186324167,-0.009173968926827314,-0.07404546454994276,0.0865148281646293,0.2974688909423948,0.3610641579551035,0.39480965650941213,0.8586201654488343
2021-06,2021-06-01,4,4,TCOM,-0.12023890692163053,-0.35299971992657975,-0.2111027401868142,0.010311849598300782,0.2895665520284927,0.19910435007080607,0.16739311748607433,0.3700544373140702
2021-06,2021-06-01,4,5,GOOG,0.04015114684733878,0.1193423500688735,0.20043946617196418,0.16733072416776595,0.2779394337484522,0.40594485363223964,0.3513210006869427,0.4943206770816162
2021-06,2021-06-01,4,6,GOOGL,0.02843557838701183,0.13266980221830416,0.219693619019802,0.1505173500821273,0.2578402409475027,0.37949050196171874,0.32629676650596817,0.4659548405029472
2021-06,2021-06-01,4,7,META,0.07674786056637628,0.06933422774587905,0.16078747370611524,0.24242206438333325,0.2561729952045466,0.2238045682551839,0.148595503231999,0.2592976585159299
2021-06,2021-06-01,4,8,MAR,-0.040914609319002704,-0.002135276807607167,-0.07129064036816612,-0.022159583304210306,0.23295104986982196,0.1635808894590156,0.12962964224317375,0.562755586211481
2021-06,2021-06-01,4,9,ORLY,0.07017570559747299,0.11806932971765449,0.10209240734069347,0.19152095357030907,0.23161682662131566,0.18432935650083104,0.18539997707699674,0.21789061490409756
2021-06,2021-06-01,4,10,NVDA,0.2429906784333471,0.21457879497066434,0.3803126608078362,0.17543807891002228,0.22913928520917182,0.2407152668178858,0.21545395290229052,0.2936372147815003
2021-06,2021-06-01,5,1,MRNA,0.27320478689340644,0.8770171042874506,1.1116646523787472,0.1731893953156871,0.17259340025380276,0.6527342532353908,0.30955259099139476,1.7516018772562187
2021-06,2021-06-01,5,2,AMAT,-0.0018811887351388723,0.027494128417903996,-0.03260154603534782,0.132528989543522,0.370560415103691,0.5968048565885338,0.6460715300551374,1.3060827119307303
2021-06,2021-06-01,5,3,GOOG,0.04015114684733878,0.1193423500688735,0.20043946617196418,0.16733072416776595,0.2779394337484522,0.40594485363223964,0.3513210006869427,0.4943206770816162
2021-06,2021-06-01,5,4,GOOGL,0.02843557838701183,0.13266980221830416,0.219693619019802,0.1505173500821273,0.2578402409475027,0.37949050196171874,0.32629676650596817,0.4659548405029472
2021-06,2021-06-01,5,5,LRCX,-0.022651663186324167,-0.009173968926827314,-0.07404546454994276,0.0865148281646293,0.2974688909423948,0.3610641579551035,0.39480965650941213,0.8586201654488343
2021-06,2021-06-01,5,6,ASML,0.011179036756409966,0.14565324541068625,0.25360220284016766,0.15456084071112675,0.21528881844464443,0.3474879194013407,0.49974161350707624,0.8448122389816963
2021-06,2021-06-01,5,7,KHC,-0.07662496843759592,-0.12018233162094316,-0.1675198800685258,0.20526342939820275,0.3444577468739227,0.3059663862315394,0.34892045399872873,0.42842170554170456
2021-06,2021-06-01,5,8,FOXA,0.0061628368672552725,-0.04501619441976368,-0.0021137391622002566,0.07858282432632269,0.17703539532438128,0.30246066246778214,0.2449862800986622,0.36948488943835267
2021-06,2021-06-01,5,9,CDW,0.0728015327522058,0.12082764861777595,0.22473740386447694,0.02298624854838982,0.19195124469972757,0.2950612598674345,0.24738656848054097,0.30631522293494995
2021-06,2021-06-01,5,10,NXPI,-0.026373811986078466,0.007967928315987471,0.02012238015668899,0.11336274907059973,0.21572214151375002,0.28692248040306856,0.3140041406335783,0.522335028756348
2021-06,2021-06-01,6,1,AMAT,-0.0018811887351388723,0.027494128417903996,-0.03260154603534782,0.132528989543522,0.370560415103691,0.5968048565885338,0.6460715300551374,1.3060827119307303
2021-06,2021-06-01,6,2,ASML,0.011179036756409966,0.14565324541068625,0.25360220284016766,0.15456084071112675,0.21528881844464443,0.3474879194013407,0.49974161350707624,0.8448122389816963
2021-06,2021-06-01,6,3,BIDU,-0.001783770673307039,-0.17446241916592142,-0.18154797997592098,-0.3172067917565986,-0.16565377719846508,-0.06909592027986644,0.4388992957958695,0.5055576481135504
2021-06,2021-06-01,6,4,LRCX,-0.022651663186324167,-0.009173968926827314,-0.07404546454994276,0.0865148281646293,0.2974688909423948,0.3610641579551035,0.39480965650941213,0.8586201654488343
2021-06,2021-06-01,6,5,GOOG,0.04015114684733878,0.1193423500688735,0.20043946617196418,0.16733072416776595,0.2779394337484522,0.40594485363223964,0.3513210006869427,0.4943206770816162
2021-06,2021-06-01,6,6,KHC,-0.07662496843759592,-0.12018233162094316,-0.1675198800685258,0.20526342939820275,0.3444577468739227,0.3059663862315394,0.34892045399872873,0.42842170554170456
2021-06,2021-06-01,6,7,GOOGL,0.02843557838701183,0.13266980221830416,0.219693619019802,0.1505173500821273,0.2578402409475027,0.37949050196171874,0.32629676650596817,0.4659548405029472
2021-06,2021-06-01,6,8,NTES,-0.03863736648097926,-0.11193773243990224,-0.18075747523262387,0.07285765128797195,0.0033602494485185375,0.22645602460597525,0.32152086090956744,0.4100612364526277
2021-06,2021-06-01,6,9,NXPI,-0.026373811986078466,0.007967928315987471,0.02012238015668899,0.11336274907059973,0.21572214151375002,0.28692248040306856,0.3140041406335783,0.522335028756348
2021-06,2021-06-01,6,10,MRNA,0.27320478689340644,0.8770171042874506,1.1116646523787472,0.1731893953156871,0.17259340025380276,0.6527342532353908,0.30955259099139476,1.7516018772562187
2021-05,2021-05-03,4,1,MRNA,-0.007311044936648803,0.26389632948287245,0.8632941478911467,0.1812294216358743,0.6649064591737268,0.31919730174475647,1.7718671223461104,1.6562902686706087
2021-05,2021-05-03,4,2,AMAT,0.04216531376804222,0.040204804119629234,0.07081874073746586,0.3151084544814746,0.5321991967043527,0.5794725734093165,1.2127801429054297,1.2011052785924528
2021-05,2021-05-03,4,3,CDW,-0.08336548438722835,-0.016633086677042885,0.02738930877615675,0.3003560572917181,0.41284365557812763,0.3608330771252499,0.42512113681610186,0.45916220993008605
2021-05,2021-05-03,4,4,GOOG,0.014462590413296672,0.05519442685211251,0.13553094001017651,0.2597206105232661,0.38590113318959474,0.332056020061231,0.4730170350321379,0.6073995955684957
2021-05,2021-05-03,4,5,GOOGL,0.016260544763125884,0.04515850114536524,0.15108763023911598,0.23771433165368538,0.3574181434774246,0.30507552747224564,0.4424990206075923,0.5747563873899131
2021-05,2021-05-03,4,6,ASML,0.02654208070495012,0.03801783235715228,0.17606126631026453,0.18386653726857216,0.3126475229110819,0.4609645738800783,0.7971131175789905,0.7247457559678787
2021-05,2021-05-03,4,7,LRCX,0.051519812258178366,0.027701139637159367,0.04187320217457868,0.23389866345554777,0.29437804413039714,0.3264701627580424,0.7675560115765934,0.8291622178251932
2021-05,2021-05-03,4,8,FOXA,0.019393594095031386,0.025675950518964097,-0.026495626127012062,0.1546427230291716,0.2776818198706106,0.22130086681965166,0.3434309351866347,0.31370475004051057
2021-05,2021-05-03,4,9,FOX,0.00586922067794049,-0.006148669075300428,-0.06959201568128359,0.17412139475955346,0.2666957328778803,0.2116774855732444,0.33829781230203637,0.2756763150870407
2021-05,2021-05-03,4,10,KHC,0.053837696506255694,-0.026912583726884876,-0.07281497500990997,0.2757730638514333,0.2392481219462499,0.2800077834288417,0.35544753264880513,0.41346756728289513
2021-05,2021-05-03,5,1,AMAT,0.04216531376804222,0.040204804119629234,0.07081874073746586,0.3151084544814746,0.5321991967043527,0.5794725734093165,1.2127801429054297,1.2011052785924528
2021-05,2021-05-03,5,2,BIDU,-0.015223943983700972,-0.01698055863219783,-0.18703035705297943,-0.15275537244812376,-0.05470479909320003,0.46114366510557625,0.528832508584705,0.620719710458286
2021-05,2021-05-03,5,3,ASML,0.02654208070495012,0.03801783235715228,0.17606126631026453,0.18386653726857216,0.3126475229110819,0.4609645738800783,0.7971131175789905,0.7247457559678787
2021-05,2021-05-03,5,4,CDW,-0.08336548438722835,-0.016633086677042885,0.02738930877615675,0.3003560572917181,0.41284365557812763,0.3608330771252499,0.42512113681610186,0.45916220993008605
2021-05,2021-05-03,5,5,GOOG,0.014462590413296672,0.05519442685211251,0.13553094001017651,0.2597206105232661,0.38590113318959474,0.332056020061231,0.4730170350321379,0.6073995955684957
2021-05,2021-05-03,5,6,LRCX,0.051519812258178366,0.027701139637159367,0.04187320217457868,0.23389866345554777,0.29437804413039714,0.3264701627580424,0.7675560115765934,0.8291622178251932
2021-05,2021-05-03,5,7,MRNA,-0.007311044936648803,0.26389632948287245,0.8632941478911467,0.1812294216358743,0.6649064591737268,0.31919730174475647,1.7718671223461104,1.6562902686706087
2021-05,2021-05-03,5,8,GOOGL,0.016260544763125884,0.04515850114536524,0.15108763023911598,0.23771433165368538,0.3574181434774246,0.30507552747224564,0.4424990206075923,0.5747563873899131
2021-05,2021-05-03,5,9,KHC,0.053837696506255694,-0.026912583726884876,-0.07281497500990997,0.2757730638514333,0.2392481219462499,0.2800077834288417,0.35544753264880513,0.41346756728289513
2021-05,2021-05-03,5,10,MU,-0.010232659922868814,-0.05775105469234565,-0.08680317697886641,0.05706810739089385,0.14814320573634387,0.2674421072987574,0.7103198143160885,0.7742070893009363
2021-05,2021-05-03,6,1,MRNA,-0.007311044936648803,0.26389632948287245,0.8632941478911467,0.1812294216358743,0.6649064591737268,0.31919730174475647,1.7718671223461104,1.6562902686706087
2021-05,2021-05-03,6,2,AMAT,0.04216531376804222,0.040204804119629234,0.07081874073746586,0.3151084544814746,0.5321991967043527,0.5794725734093165,1.2127801429054297,1.2011052785924528
2021-05,2021-05-03,6,3,ASML,0.02654208070495012,0.03801783235715228,0.17606126631026453,0.18386653726857216,0.3126475229110819,0.4609645738800783,0.7971131175789905,0.7247457559678787
2021-05,2021-05-03,6,4,LRCX,0.051519812258178366,0.027701139637159367,0.04187320217457868,0.23389866345554777,0.29437804413039714,0.3264701627580424,0.7675560115765934,0.8291622178251932
2021-05,2021-05-03,6,5,MU,-0.010232659922868814,-0.05775105469234565,-0.08680317697886641,0.05706810739089385,0.14814320573634387,0.2674421072987574,0.7103198143160885,0.7742070893009363
2021-05,2021-05-03,6,6,TSLA,-0.08906414031562504,-0.010191306981768067,0.036165869384366056,-0.18445840576084183,-0.06148511839962556,0.17124977014354714,0.710069772646279,0.5282487956074464
2021-05,2021-05-03,6,7,MAR,-0.024917714543493452,-0.06481282530682664,-0.026999785133137277,0.26445846495158953,0.1933155866063747,0.15849673313910362,0.602690982617782,0.5780602653928324
2021-05,2021-05-03,6,8,KLAC,0.01754474784045823,0.004685837388449299,0.11481016981895764,0.06650355299064414,0.1987871756898698,0.2159290364870845,0.5491721193926085,0.5744750121426456
2021-05,2021-05-03,6,9,BIDU,-0.015223943983700972,-0.01698055863219783,-0.18703035705297943,-0.15275537244812376,-0.05470479909320003,0.46114366510557625,0.528832508584705,0.620719710458286
2021-05,2021-05-03,6,10,BKNG,-0.04595879061751662,-0.09441713918587746,-0.11043083990939795,0.22606804610410824,0.1277031230474468,0.18890998408300552,0.5213477036749685,0.4001536307388738
2021-04,2021-04-01,4,1,AMAT,-0.061263220527339235,-0.021681089675273157,-0.023521492188749327,0.6321925700674813,0.6825510707022597,1.3571891410800672,1.3447523594728361,1.2977742218651915
2021-04,2021-04-01,4,2,BIDU,-0.06718249755057193,-0.08138365895487776,-0.08302225984405476,0.01337635542279969,0.5663767685199399,0.6389406336933405,0.7374456484816567,0.7308752573861261
2021-04,2021-04-01,4,3,ASML,0.03017402373789757,0.05751698581609199,0.069339007071058,0.2741997882534968,0.41817260017787494,0.7444752790973319,0.6742275734247185,0.6530669234945674
2021-04,2021-04-01,4,4,MU,-0.07996975078603252,-0.08938410744499126,-0.13310246802700076,0.24794071359856473,0.377609169243732,0.8589821538773414,0.9284225609068171,1.0194491745774275
2021-04,2021-04-01,4,5,LRCX,-0.034506630958056284,0.015235406151500763,-0.007761364323473963,0.340638978613395,0.37387806616869357,0.8307282766017692,0.8945362821499907,0.893895147416909
2021-04,2021-04-01,4,6,KLAC,-0.10383272398826826,-0.088109695107772,-0.09963342986002777,0.33768238115645777,0.3568103511862295,0.7286640126907826,0.7568985771826311,0.6811144127830298
2021-04,2021-04-01,4,7,NXPI,-0.07804716747187745,-0.0008170116900244606,-0.027169275963399686,0.28797477084730727,0.3150785752028198,0.5235798112728431,0.5970892811500359,0.6367666970486603
2021-04,2021-04-01,4,8,INTC,-0.11293584810721402,-0.11323948241429105,-0.126956371785102,0.3074656561636253,0.3103675812797091,0.4713038736505837,0.25218551602879913,0.2879342153866653
2021-04,2021-04-01,4,9,SWKS,-0.06052235788609983,-0.08946987675159779,0.010031680229444007,0.2486630660719904,0.3069338995170048,0.32894247716832403,0.24174464461620881,0.2895622484640721
2021-04,2021-04-01,4,10,CDW,0.05760137034990831,-0.030566080177908295,0.04001019508711878,0.3358943125335465,0.2867164465520853,0.34750311106783016,0.3796901657259777,0.5133826714587089
2021-04,2021-04-01,5,1,AMAT,-0.061263220527339235,-0.021681089675273157,-0.023521492188749327,0.6321925700674813,0.6825510707022597,1.3571891410800672,1.3447523594728361,1.2977742218651915
2021-04,2021-04-01,5,2,MRNA,0.40339494522549546,0.3931346617170861,0.7737457200853206,0.18634206631420636,-0.059995686721823094,0.9751155095551032,0.8927603221798694,1.093335497324591
2021-04,2021-04-01,5,3,MU,-0.07996975078603252,-0.08938410744499126,-0.13310246802700076,0.24794071359856473,0.377609169243732,0.8589821538773414,0.9284225609068171,1.0194491745774275
2021-04,2021-04-01,5,4,LRCX,-0.034506630958056284,0.015235406151500763,-0.007761364323473963,0.340638978613395,0.37387806616869357,0.8307282766017692,0.8945362821499907,0.893895147416909
2021-04,2021-04-01,5,5,ASML,0.03017402373789757,0.05751698581609199,0.069339007071058,0.2741997882534968,0.41817260017787494,0.7444752790973319,0.6742275734247185,0.6530669234945674
2021-04,2021-04-01,5,6,KLAC,-0.10383272398826826,-0.088109695107772,-0.09963342986002777,0.33768238115645777,0.3568103511862295,0.7286640126907826,0.7568985771826311,0.6811144127830298
2021-04,2021-04-01,5,7,TSLA,0.03498303732204189,-0.05719683713830015,0.02443520746777028,-0.09320747514014649,0.1316608368520582,0.65226840535569,0.47659308461875916,0.3930111761591717
2021-04,2021-04-01,5,8,BIDU,-0.06718249755057193,-0.08138365895487776,-0.08302225984405476,0.01337635542279969,0.5663767685199399,0.6389406336933405,0.7374456484816567,0.7308752573861261
2021-04,2021-04-01,5,9,MAR,0.004181553759490919,-0.020840355546929756,-0.06090228986066071,0.18834645203230127,0.1536725891865689,0.5960171510993901,0.5714889996583123,0.43825764064278294
2021-04,2021-04-01,5,10,PDD,-0.07295213321974137,-0.03189047850665927,-0.1534773672062283,-0.13700687295095537,0.0541233320127823,0.570945081434749,0.9337631611667818,0.5754158462590162
2021-04,2021-04-01,6,1,AMAT,-0.061263220527339235,-0.021681089675273157,-0.023521492188749327,0.6321925700674813,0.6825510707022597,1.3571891410800672,1.3447523594728361,1.2977742218651915
2021-04,2021-04-01,6,2,PDD,-0.07295213321974137,-0.03189047850665927,-0.1534773672062283,-0.13700687295095537,0.0541233320127823,0.570945081434749,0.9337631611667818,0.5754158462590162
2021-04,2021-04-01,6,3,MU,-0.07996975078603252,-0.08938410744499126,-0.13310246802700076,0.24794071359856473,0.377609169243732,0.8589821538773414,0.9284225609068171,1.0194491745774275
2021-04,2021-04-01,6,4,LRCX,-0.034506630958056284,0.015235406151500763,-0.007761364323473963,0.340638978613395,0.37387806616869357,0.8307282766017692,0.8945362821499907,0.893895147416909
2021-04,2021-04-01,6,5,MRNA,0.40339494522549546,0.3931346617170861,0.7737457200853206,0.18634206631420636,-0.059995686721823094,0.9751155095551032,0.8927603221798694,1.093335497324591
2021-04,2021-04-01,6,6,KLAC,-0.10383272398826826,-0.088109695107772,-0.09963342986002777,0.33768238115645777,0.3568103511862295,0.7286640126907826,0.7568985771826311,0.6811144127830298
2021-04,2021-04-01,6,7,BIDU,-0.06718249755057193,-0.08138365895487776,-0.08302225984405476,0.01337635542279969,0.5663767685199399,0.6389406336933405,0.7374456484816567,0.7308752573861261
2021-04,2021-04-01,6,8,ALGN,0.1003945197024132,0.08885422210884775,0.13560230407300078,0.035311258299643544,0.08988198588453722,0.1889232721628218,0.716098400337297,0.7845332837746157
2021-04,2021-04-01,6,9,ASML,0.03017402373789757,0.05751698581609199,0.069339007071058,0.2741997882534968,0.41817260017787494,0.7444752790973319,0.6742275734247185,0.6530669234945674
2021-04,2021-04-01,6,10,NXPI,-0.07804716747187745,-0.0008170116900244606,-0.027169275963399686,0.28797477084730727,0.3150785752028198,0.5235798112728431,0.5970892811500359,0.6367666970486603
2021-03,2021-03-01,4,1,MRNA,-0.15787796574547142,0.181829806135817,0.1731893953156871,0.11623289148382931,1.3454029573083597,1.2476081199506872,1.4857863969533511,1.0184661082409296
2021-03,2021-03-01,4,2,BIDU,-0.2567155865455448,-0.3066512898318271,-0.3172067917565986,1.1073720101839855,1.204997984656067,1.3375246635494245,1.3286849906374174,1.4519284868483928
2021-03,2021-03-01,4,3,AMAT,0.15762761773418976,0.0867076217004017,0.132528989543522,0.45344758964501564,1.03622400240741,1.0254806671442331,0.9848992773363479,0.8959176159515756
2021-03,2021-03-01,4,4,PDD,-0.22680635296814,-0.28321247891106605,-0.251463868350295,0.3633367734711179,1.0317614965737256,1.5010075659443434,1.0375437024175396,0.938456693353791
2021-03,2021-03-01,4,5,MU,-0.024799495557019546,-0.10278603686373788,-0.11196692222656057,0.41264197769319355,0.906256349753596,0.9774626367818611,1.0708040709340136,0.8805317563145072
2021-03,2021-03-01,4,6,TSLA,-0.07889428694147949,-0.04667121140400721,-0.13157862039844548,0.228589531916366,0.7937880331556653,0.6030658193572045,0.5123249768299609,1.418956255671954
2021-03,2021-03-01,4,7,LRCX,0.07020974798675583,0.03328041516526237,0.0865148281646293,0.28374654478076744,0.7106256787939713,0.7702476413749095,0.7696485674697355,0.5801151244117508
2021-03,2021-03-01,4,8,KLAC,0.06533960249760318,-0.04527751040230188,-0.02852714506469567,0.27359421165353903,0.6226412766765346,0.6491441537174842,0.5780079974890562,0.5870908713148326
2021-03,2021-03-01,4,9,MAR,-0.0013473060953379523,0.002828613831284965,-0.022159583304210306,0.155229036308699,0.5981703757880781,0.57360913283466,0.4401980282247038,0.7776581015249098
2021-03,2021-03-01,4,10,ASML,0.09176576470792597,0.12470873080844691,0.15456084071112675,0.2989714882269374,0.5978475745335554,0.5335043720413923,0.514122330019025,0.5979216827518115
2021-03,2021-03-01,5,1,PDD,-0.22680635296814,-0.28321247891106605,-0.251463868350295,0.3633367734711179,1.0317614965737256,1.5010075659443434,1.0375437024175396,0.938456693353791
2021-03,2021-03-01,5,2,BIDU,-0.2567155865455448,-0.3066512898318271,-0.3172067917565986,1.1073720101839855,1.204997984656067,1.3375246635494245,1.3286849906374174,1.4519284868483928
2021-03,2021-03-01,5,3,MRNA,-0.15787796574547142,0.181829806135817,0.1731893953156871,0.11623289148382931,1.3454029573083597,1.2476081199506872,1.4857863969533511,1.0184661082409296
2021-03,2021-03-01,5,4,AMAT,0.15762761773418976,0.0867076217004017,0.132528989543522,0.45344758964501564,1.03622400240741,1.0254806671442331,0.9848992773363479,0.8959176159515756
2021-03,2021-03-01,5,5,MU,-0.024799495557019546,-0.10278603686373788,-0.11196692222656057,0.41264197769319355,0.906256349753596,0.9774626367818611,1.0708040709340136,0.8805317563145072
2021-03,2021-03-01,5,6,ALGN,-0.03549751035829629,0.06133325384106425,0.05020260808086441,0.12999395811762993,0.23268035586355662,0.7792576159910156,0.8502111740919813,0.966557677333518
2021-03,2021-03-01,5,7,LRCX,0.07020974798675583,0.03328041516526237,0.0865148281646293,0.28374654478076744,0.7106256787939713,0.7702476413749095,0.7696485674697355,0.5801151244117508
2021-03,2021-03-01,5,8,KLAC,0.06533960249760318,-0.04527751040230188,-0.02852714506469567,0.27359421165353903,0.6226412766765346,0.6491441537174842,0.5780079974890562,0.5870908713148326
2021-03,2021-03-01,5,9,TSLA,-0.07889428694147949,-0.04667121140400721,-0.13157862039844548,0.228589531916366,0.7937880331556653,0.6030658193572045,0.5123249768299609,1.418956255671954
2021-03,2021-03-01,5,10,MAR,-0.0013473060953379523,0.002828613831284965,-0.022159583304210306,0.155229036308699,0.5981703757880781,0.57360913283466,0.4401980282247038,0.7776581015249098
2021-03,2021-03-01,6,1,MRNA,-0.15787796574547142,0.181829806135817,0.1731893953156871,0.11623289148382931,1.3454029573083597,1.2476081199506872,1.4857863969533511,1.0184661082409296
2021-03,2021-03-01,6,2,BIDU,-0.2567155865455448,-0.3066512898318271,-0.3172067917565986,1.1073720101839855,1.204997984656067,1.3375246635494245,1.3286849906374174,1.4519284868483928
2021-03,2021-03-01,6,3,MU,-0.024799495557019546,-0.10278603686373788,-0.11196692222656057,0.41264197769319355,0.906256349753596,0.9774626367818611,1.0708040709340136,0.8805317563145072
2021-03,2021-03-01,6,4,PDD,-0.22680635296814,-0.28321247891106605,-0.251463868350295,0.3633367734711179,1.0317614965737256,1.5010075659443434,1.0375437024175396,0.938456693353791
2021-03,2021-03-01,6,5,AMAT,0.15762761773418976,0.0867076217004017,0.132528989543522,0.45344758964501564,1.03622400240741,1.0254806671442331,0.9848992773363479,0.8959176159515756
2021-03,2021-03-01,6,6,ALGN,-0.03549751035829629,0.06133325384106425,0.05020260808086441,0.12999395811762993,0.23268035586355662,0.7792576159910156,0.8502111740919813,0.966557677333518
2021-03,2021-03-01,6,7,LRCX,0.07020974798675583,0.03328041516526237,0.0865148281646293,0.28374654478076744,0.7106256787939713,0.7702476413749095,0.7696485674697355,0.5801151244117508
2021-03,2021-03-01,6,8,KLAC,0.06533960249760318,-0.04527751040230188,-0.02852714506469567,0.27359421165353903,0.6226412766765346,0.6491441537174842,0.5780079974890562,0.5870908713148326
2021-03,2021-03-01,6,9,ASML,0.09176576470792597,0.12470873080844691,0.15456084071112675,0.2989714882269374,0.5978475745335554,0.5335043720413923,0.514122330019025,0.5979216827518115
2021-03,2021-03-01,6,10,TSLA,-0.07889428694147949,-0.04667121140400721,-0.13157862039844548,0.228589531916366,0.7937880331556653,0.6030658193572045,0.5123249768299609,1.418956255671954
2021-02,2021-02-01,4,1,PDD,0.07007350374886756,-0.17262596504425232,-0.23298466586489908,0.8987120879600377,1.3372296923364408,0.9041156474571719,0.8115173271393528,1.0358105667251958
2021-02,2021-02-01,4,2,MRNA,-0.0005080126570050636,-0.1583057743976155,0.1812294216358743,1.3465950572983325,1.2487505136740804,1.4870498497556293,1.0194920357558144,1.5569085133525862
2021-02,2021-02-01,4,3,BIDU,0.2219603427925545,-0.0917359233428311,-0.15275537244812376,0.8044758961792244,0.9129300532024329,0.9056960435521639,1.0065532415274485,1.00522262204391
2021-02,2021-02-01,4,4,TSLA,-0.14453271106997578,-0.21202419283187057,-0.18445840576084183,1.0968516930661902,0.8739066240185982,0.7678349557018147,1.827643192175663,2.750390965337882
2021-02,2021-02-01,4,5,ALGN,0.040622406876848816,0.0036829022096627195,0.10444716511052587,0.1845606511233202,0.7098013690969656,0.7779851383797296,0.8897898645442561,0.9830922986242683
2021-02,2021-02-01,4,6,MELI,-0.09674766631330789,-0.2036546117953183,-0.17147918486876212,0.5600398581371593,0.700638457501561,0.5685543421138437,0.6175658328876965,0.9411650435223866
2021-02,2021-02-01,4,7,MU,0.17816724975595855,0.1489492962802097,0.05706810739089385,0.6179845010531837,0.6784226833596552,0.757648645693515,0.5961500854008921,0.6183098903069282
2021-02,2021-02-01,4,8,AMAT,0.210176894152714,0.40093419501496697,0.3151084544814746,0.6825837712205205,0.6737062795785249,0.6401728432652347,0.5666450294268524,0.7065615761156041
2021-02,2021-02-01,4,9,LRCX,0.19415663487456936,0.2779980712658252,0.23389866345554777,0.4324969010230808,0.4824249932345357,0.4819233221072494,0.3232059164313241,0.5896555540412172
2021-02,2021-02-01,4,10,KLAC,0.11708225647857984,0.19007196707401586,0.06650355299064414,0.4525709877369706,0.47629607770885474,0.4126157571094806,0.42074664789491734,0.5274036001971274
2021-02,2021-02-01,5,1,MRNA,-0.0005080126570050636,-0.1583057743976155,0.1812294216358743,1.3465950572983325,1.2487505136740804,1.4870498497556293,1.0194920357558144,1.5569085133525862
2021-02,2021-02-01,5,2,BIDU,0.2219603427925545,-0.0917359233428311,-0.15275537244812376,0.8044758961792244,0.9129300532024329,0.9056960435521639,1.0065532415274485,1.00522262204391
2021-02,2021-02-01,5,3,PDD,0.07007350374886756,-0.17262596504425232,-0.23298466586489908,0.8987120879600377,1.3372296923364408,0.9041156474571719,0.8115173271393528,1.0358105667251958
2021-02,2021-02-01,5,4,ALGN,0.040622406876848816,0.0036829022096627195,0.10444716511052587,0.1845606511233202,0.7098013690969656,0.7779851383797296,0.8897898645442561,0.9830922986242683
2021-02,2021-02-01,5,5,TSLA,-0.14453271106997578,-0.21202419283187057,-0.18445840576084183,1.0968516930661902,0.8739066240185982,0.7678349557018147,1.827643192175663,2.750390965337882
2021-02,2021-02-01,5,6,MU,0.17816724975595855,0.1489492962802097,0.05706810739089385,0.6179845010531837,0.6784226833596552,0.757648645693515,0.5961500854008921,0.6183098903069282
2021-02,2021-02-01,5,7,PTON,-0.1565501517718917,-0.2363921148262651,-0.34709448381080765,0.2939879242505521,0.39534218198079074,0.7543922134399534,1.0196751880816848,1.4363484362843622
2021-02,2021-02-01,5,8,AMAT,0.210176894152714,0.40093419501496697,0.3151084544814746,0.6825837712205205,0.6737062795785249,0.6401728432652347,0.5666450294268524,0.7065615761156041
2021-02,2021-02-01,5,9,MELI,-0.09674766631330789,-0.2036546117953183,-0.17147918486876212,0.5600398581371593,0.700638457501561,0.5685543421138437,0.6175658328876965,0.9411650435223866
2021-02,2021-02-01,5,10,LRCX,0.19415663487456936,0.2779980712658252,0.23389866345554777,0.4324969010230808,0.4824249932345357,0.4819233221072494,0.3232059164313241,0.5896555540412172
2021-02,2021-02-01,6,1,TSLA,-0.14453271106997578,-0.21202419283187057,-0.18445840576084183,1.0968516930661902,0.8739066240185982,0.7678349557018147,1.827643192175663,2.750390965337882
2021-02,2021-02-01,6,2,PTON,-0.1565501517718917,-0.2363921148262651,-0.34709448381080765,0.2939879242505521,0.39534218198079074,0.7543922134399534,1.0196751880816848,1.4363484362843622
2021-02,2021-02-01,6,3,MRNA,-0.0005080126570050636,-0.1583057743976155,0.1812294216358743,1.3465950572983325,1.2487505136740804,1.4870498497556293,1.0194920357558144,1.5569085133525862
2021-02,2021-02-01,6,4,BIDU,0.2219603427925545,-0.0917359233428311,-0.15275537244812376,0.8044758961792244,0.9129300532024329,0.9056960435521639,1.0065532415274485,1.00522262204391
2021-02,2021-02-01,6,5,ALGN,0.040622406876848816,0.0036829022096627195,0.10444716511052587,0.1845606511233202,0.7098013690969656,0.7779851383797296,0.8897898645442561,0.9830922986242683
2021-02,2021-02-01,6,6,PDD,0.07007350374886756,-0.17262596504425232,-0.23298466586489908,0.8987120879600377,1.3372296923364408,0.9041156474571719,0.8115173271393528,1.0358105667251958
2021-02,2021-02-01,6,7,MELI,-0.09674766631330789,-0.2036546117953183,-0.17147918486876212,0.5600398581371593,0.700638457501561,0.5685543421138437,0.6175658328876965,0.9411650435223866
2021-02,2021-02-01,6,8,MU,0.17816724975595855,0.1489492962802097,0.05706810739089385,0.6179845010531837,0.6784226833596552,0.757648645693515,0.5961500854008921,0.6183098903069282
2021-02,2021-02-01,6,9,AMAT,0.210176894152714,0.40093419501496697,0.3151084544814746,0.6825837712205205,0.6737062795785249,0.6401728432652347,0.5666450294268524,0.7065615761156041
2021-02,2021-02-01,6,10,ASML,0.05259833487520127,0.14919082600531364,0.18386653726857216,0.5180031371824279,0.45687516427926744,0.4384616428246042,0.5180735422132936,0.5140261504455286
2021-01,2021-01-04,4,1,PDD,0.04305077339682528,0.11614099567670699,-0.13700687295095537,1.240763107557037,0.8255253684882291,0.736748941990542,0.9517847248176847,1.5361921131600669
2021-01,2021-01-04,4,2,MRNA,0.40946917565599783,0.40875314747510605,0.18634206631420636,0.5954591647082048,0.7645294361248458,0.4328032642614541,0.8140932469577031,0.7968800709001176
2021-01,2021-01-04,4,3,PTON,0.005686397191613457,-0.15175396092366045,-0.2320499370925192,0.3874525755516769,0.7444724501982987,1.0082554499311538,1.422572725541364,2.1834244617532703
2021-01,2021-01-04,4,4,ALGN,0.031512299372988606,0.07341481169659203,0.035311258299643544,0.6575676025736963,0.7236683842359315,0.8320575195205886,0.9225096005444664,1.101217383996207
2021-01,2021-01-04,4,5,BIDU,0.11572876376713315,0.3633763026363992,0.01337635542279969,0.7145117302019166,0.7080280668912708,0.7984238702895374,0.79723126907072,1.0242764345523674
2021-01,2021-01-04,4,6,MU,0.0861582122369069,0.27967603371100513,0.24794071359856473,0.5452837942485371,0.618225251065124,0.4695373725653409,0.4899393772239431,0.597971285170702
2021-01,2021-01-04,4,7,TSLA,0.15078726606941673,-0.015539137360401578,-0.09320747514014649,0.6283692731663943,0.5361961396566035,1.4571380615234375,2.2589785062078143,3.0628549638796247
2021-01,2021-01-04,4,8,LRCX,0.04901486845400749,0.25268806524642673,0.340638978613395,0.4131591818324454,0.41268095112059133,0.2613795630765534,0.5153794305928021,0.7825242888137545
2021-01,2021-01-04,4,9,AMAT,0.1650744024062054,0.40994612176077094,0.6321925700674813,0.4365660048163893,0.407783777480492,0.344673804686886,0.46476617509669405,0.569711606355942
2021-01,2021-01-04,4,10,MELI,0.15657929211128052,0.04468294469321643,-0.07896341463414636,0.4704036887926002,0.3562013022475288,0.3985775501262063,0.6783674554460355,0.9429437574582915
2021-01,2021-01-04,5,1,TSLA,0.15078726606941673,-0.015539137360401578,-0.09320747514014649,0.6283692731663943,0.5361961396566035,1.4571380615234375,2.2589785062078143,3.0628549638796247
2021-01,2021-01-04,5,2,PTON,0.005686397191613457,-0.15175396092366045,-0.2320499370925192,0.3874525755516769,0.7444724501982987,1.0082554499311538,1.422572725541364,2.1834244617532703
2021-01,2021-01-04,5,3,ALGN,0.031512299372988606,0.07341481169659203,0.035311258299643544,0.6575676025736963,0.7236683842359315,0.8320575195205886,0.9225096005444664,1.101217383996207
2021-01,2021-01-04,5,4,BIDU,0.11572876376713315,0.3633763026363992,0.01337635542279969,0.7145117302019166,0.7080280668912708,0.7984238702895374,0.79723126907072,1.0242764345523674
2021-01,2021-01-04,5,5,PDD,0.04305077339682528,0.11614099567670699,-0.13700687295095537,1.240763107557037,0.8255253684882291,0.736748941990542,0.9517847248176847,1.5361921131600669
2021-01,2021-01-04,5,6,MAR,-0.056263515423528365,0.18994967848727273,0.18834645203230127,0.32241653683634386,0.21030162389350804,0.49389350966905043,0.44042952743896846,0.3129537662837074
2021-01,2021-01-04,5,7,MU,0.0861582122369069,0.27967603371100513,0.24794071359856473,0.5452837942485371,0.618225251065124,0.4695373725653409,0.4899393772239431,0.597971285170702
2021-01,2021-01-04,5,8,MRNA,0.40946917565599783,0.40875314747510605,0.18634206631420636,0.5954591647082048,0.7645294361248458,0.4328032642614541,0.8140932469577031,0.7968800709001176
2021-01,2021-01-04,5,9,MELI,0.15657929211128052,0.04468294469321643,-0.07896341463414636,0.4704036887926002,0.3562013022475288,0.3985775501262063,0.6783674554460355,0.9429437574582915
2021-01,2021-01-04,5,10,SBUX,-0.04384086045333646,0.040979585971929966,0.06542833823718275,0.19421444410206212,0.2037902939127798,0.37946532949409595,0.40685740086377997,0.3297960842332883
2021-01,2021-01-04,6,1,TSLA,0.15078726606941673,-0.015539137360401578,-0.09320747514014649,0.6283692731663943,0.5361961396566035,1.4571380615234375,2.2589785062078143,3.0628549638796247
2021-01,2021-01-04,6,2,PTON,0.005686397191613457,-0.15175396092366045,-0.2320499370925192,0.3874525755516769,0.7444724501982987,1.0082554499311538,1.422572725541364,2.1834244617532703
2021-01,2021-01-04,6,3,PDD,0.04305077339682528,0.11614099567670699,-0.13700687295095537,1.240763107557037,0.8255253684882291,0.736748941990542,0.9517847248176847,1.5361921131600669
2021-01,2021-01-04,6,4,ALGN,0.031512299372988606,0.07341481169659203,0.035311258299643544,0.6575676025736963,0.7236683842359315,0.8320575195205886,0.9225096005444664,1.101217383996207
2021-01,2021-01-04,6,5,MRNA,0.40946917565599783,0.40875314747510605,0.18634206631420636,0.5954591647082048,0.7645294361248458,0.4328032642614541,0.8140932469577031,0.7968800709001176
2021-01,2021-01-04,6,6,BIDU,0.11572876376713315,0.3633763026363992,0.01337635542279969,0.7145117302019166,0.7080280668912708,0.7984238702895374,0.79723126907072,1.0242764345523674
2021-01,2021-01-04,6,7,AMD,-0.050270847629837134,-0.06403037342041351,-0.12145185637297429,0.08767384383566301,0.001301830616019961,0.18836108185543865,0.7554203088148956,0.7210516728226046
2021-01,2021-01-04,6,8,MELI,0.15657929211128052,0.04468294469321643,-0.07896341463414636,0.4704036887926002,0.3562013022475288,0.3985775501262063,0.6783674554460355,0.9429437574582915
2021-01,2021-01-04,6,9,QCOM,0.0880809624389709,-0.060673769577043735,-0.06769936997109782,0.24783238225517534,0.22891345477315528,0.36818795489565925,0.6700795937718673,0.8951491694465219
2021-01,2021-01-04,6,10,LRCX,0.04901486845400749,0.25268806524642673,0.340638978613395,0.4131591818324454,0.41268095112059133,0.2613795630765534,0.5153794305928021,0.7825242888137545
2020-12,2020-12-01,4,1,TSLA,0.24798209714725927,0.4361619056796717,0.228589531916366,0.2309440521367796,0.9688888703933869,1.6113984436615372,2.255539460996143,3.1689956843149183
2020-12,2020-12-01,4,2,MRNA,-0.20764479320990892,0.11680024014116741,0.11623289148382931,1.226942438194012,0.8082840271421716,1.2894949530359918,1.2677708879827465,1.9419986148343251
2020-12,2020-12-01,4,3,ALGN,0.05270948919701546,0.08588278577337771,0.12999395811762993,0.6373637759746131,0.7403258337853906,0.8262489511811242,0.9960087807311124,1.4603956490154113
2020-12,2020-12-01,4,4,EXPE,0.040801667343743686,0.00855654148616991,0.2774520610789848,0.27173822739184894,0.5785393330056499,0.49478916230769854,0.5314243567342185,0.8757616043249781
2020-12,2020-12-01,4,5,MAR,-0.029178244094079986,-0.08380008893098956,0.155229036308699,0.24667748382309163,0.5387927810445772,0.4837219280225493,0.35241485710065046,0.5164602445664777
2020-12,2020-12-01,4,6,ZM,-0.1140262037622749,-0.06000345802295115,0.008244951203871143,-0.11225939961271114,0.5160820804425139,0.5679774240823292,0.9902523130351693,1.9323759000989793
2020-12,2020-12-01,4,7,ULTA,0.010517663414464362,0.009587495751743003,0.20709768146976093,0.20031772981093465,0.4612891870468838,0.37313940522731004,0.16914134033552353,0.3045081219512509
2020-12,2020-12-01,4,8,PDD,0.22147361198263127,0.2740589956622974,0.3633367734711179,0.4945270618864479,0.42184728753291934,0.5978934834700613,1.0763380299664882,2.0055028036303355
2020-12,2020-12-01,4,9,QCOM,-0.014009290249592632,0.07283772042110725,-0.07383306337809459,0.24637427373351328,0.38762763316705184,0.6938086507880279,0.9220760912912234,1.0260068201935773
2020-12,2020-12-01,4,10,NXPI,0.021043738564600956,0.08084248510720804,0.18021205732854617,0.24461513396355627,0.3391494286251131,0.42578538015670886,0.6145350282989095,0.6769187687852019
2020-12,2020-12-01,5,1,TSLA,0.24798209714725927,0.4361619056796717,0.228589531916366,0.2309440521367796,0.9688888703933869,1.6113984436615372,2.255539460996143,3.1689956843149183
2020-12,2020-12-01,5,2,MRNA,-0.20764479320990892,0.11680024014116741,0.11623289148382931,1.226942438194012,0.8082840271421716,1.2894949530359918,1.2677708879827465,1.9419986148343251
2020-12,2020-12-01,5,3,ALGN,0.05270948919701546,0.08588278577337771,0.12999395811762993,0.6373637759746131,0.7403258337853906,0.8262489511811242,0.9960087807311124,1.4603956490154113
2020-12,2020-12-01,5,4,AMD,-0.003562498234317757,-0.05365425605823593,-0.06736476356247834,0.004881719969108245,0.19260975199113717,0.7616963489474249,0.727204837004739,0.8570568418177076
2020-12,2020-12-01,5,5,QCOM,-0.014009290249592632,0.07283772042110725,-0.07383306337809459,0.24637427373351328,0.38762763316705184,0.6938086507880279,0.9220760912912234,1.0260068201935773
2020-12,2020-12-01,5,6,PDD,0.22147361198263127,0.2740589956622974,0.3633367734711179,0.4945270618864479,0.42184728753291934,0.5978934834700613,1.0763380299664882,2.0055028036303355
2020-12,2020-12-01,5,7,ZM,-0.1140262037622749,-0.06000345802295115,0.008244951203871143,-0.11225939961271114,0.5160820804425139,0.5679774240823292,0.9902523130351693,1.9323759000989793
2020-12,2020-12-01,5,8,MELI,0.07777030556244346,0.24652681706596935,0.1259282565178812,0.25833982922714105,0.29765826995608946,0.5572589509878594,0.8027438197458503,1.5129805540659862
2020-12,2020-12-01,5,9,EXPE,0.040801667343743686,0.00855654148616991,0.2774520610789848,0.27173822739184894,0.5785393330056499,0.49478916230769854,0.5314243567342185,0.8757616043249781
2020-12,2020-12-01,5,10,MAR,-0.029178244094079986,-0.08380008893098956,0.155229036308699,0.24667748382309163,0.5387927810445772,0.4837219280225493,0.35241485710065046,0.5164602445664777
2020-12,2020-12-01,6,1,TSLA,0.24798209714725927,0.4361619056796717,0.228589531916366,0.2309440521367796,0.9688888703933869,1.6113984436615372,2.255539460996143,3.1689956843149183
2020-12,2020-12-01,6,2,MRNA,-0.20764479320990892,0.11680024014116741,0.11623289148382931,1.226942438194012,0.8082840271421716,1.2894949530359918,1.2677708879827465,1.9419986148343251
2020-12,2020-12-01,6,3,PDD,0.22147361198263127,0.2740589956622974,0.3633367734711179,0.4945270618864479,0.42184728753291934,0.5978934834700613,1.0763380299664882,2.0055028036303355
2020-12,2020-12-01,6,4,ALGN,0.05270948919701546,0.08588278577337771,0.12999395811762993,0.6373637759746131,0.7403258337853906,0.8262489511811242,0.9960087807311124,1.4603956490154113
2020-12,2020-12-01,6,5,ZM,-0.1140262037622749,-0.06000345802295115,0.008244951203871143,-0.11225939961271114,0.5160820804425139,0.5679774240823292,0.9902523130351693,1.9323759000989793
2020-12,2020-12-01,6,6,QCOM,-0.014009290249592632,0.07283772042110725,-0.07383306337809459,0.24637427373351328,0.38762763316705184,0.6938086507880279,0.9220760912912234,1.0260068201935773
2020-12,2020-12-01,6,7,MELI,0.07777030556244346,0.24652681706596935,0.1259282565178812,0.25833982922714105,0.29765826995608946,0.5572589509878594,0.8027438197458503,1.5129805540659862
2020-12,2020-12-01,6,8,LRCX,0.024793466463042257,0.07502358341425475,0.28374654478076744,0.37850308120747345,0.2308622218582843,0.47871691241647096,0.7393985687339848,1.0054665024069585
2020-12,2020-12-01,6,9,AMD,-0.003562498234317757,-0.05365425605823593,-0.06736476356247834,0.004881719969108245,0.19260975199113717,0.7616963489474249,0.727204837004739,0.8570568418177076
2020-12,2020-12-01,6,10,NXPI,0.021043738564600956,0.08084248510720804,0.18021205732854617,0.24461513396355627,0.3391494286251131,0.42578538015670886,0.6145350282989095,0.6769187687852019
2020-11,2020-11-02,4,1,TSLA,0.46003851290975684,0.8221019252568842,1.0968516930661902,0.3485184486466224,0.7885818905264346,1.2297627303735132,1.8554011743199808,3.1584639308278373
2020-11,2020-11-02,4,2,ZM,-0.10306843806049948,-0.20534213910302845,-0.15688743338679623,0.6902985074626866,0.74815726262523,1.218956715863027,2.2693418589909906,2.3065693430656933
2020-11,2020-11-02,4,3,ALGN,0.09087340424101398,0.14837278415716715,0.1845606511233202,0.5953508693304699,0.6741163035794746,0.8297345713729776,1.2554364598587462,1.9162850594224046
2020-11,2020-11-02,4,4,AMD,0.240026787653004,0.2356091944114833,0.17349407286919782,-0.03823871881962548,0.42069217091816524,0.39287703636936433,0.4975941328917217,0.7109481724533249
2020-11,2020-11-02,4,5,QCOM,0.2201335064461838,0.203040302011126,0.3090052496651363,0.1372752455661339,0.3882158319883302,0.5752998185334237,0.6604796192300437,0.9058974097606831
2020-11,2020-11-02,4,6,JD,0.03692902947916421,0.0487123175111448,0.10872197719248966,0.27568580711477764,0.37199996081545916,0.5041111273218815,0.9893668711434391,1.0122220357423402
2020-11,2020-11-02,4,7,CPRT,0.016313919305361857,0.06393297973938283,-0.022398596837299833,0.2155643735984185,0.3405840694555431,0.2644959984387305,0.4436664178250622,0.7502701022296461
2020-11,2020-11-02,4,8,NVDA,0.06432433058654508,0.04265438604567651,0.052474060790720145,0.14298164344383513,0.3205157586259615,0.4296958880049986,0.7809260011852668,1.0718736229433419
2020-11,2020-11-02,4,9,IDXX,0.08539612249397255,0.14086533566929726,0.1423733380645431,0.0996453953715486,0.2884856124318764,0.38072963394742576,0.5920590500201988,0.8687678008728725
2020-11,2020-11-02,4,10,CTSH,0.11420019645867963,0.12496548064318524,0.1167496656838185,0.04399844491405913,0.2590152917739925,0.34406123154620416,0.26245894393713476,0.6779331451531023
2020-11,2020-11-02,5,1,TSLA,0.46003851290975684,0.8221019252568842,1.0968516930661902,0.3485184486466224,0.7885818905264346,1.2297627303735132,1.8554011743199808,3.1584639308278373
2020-11,2020-11-02,5,2,ZM,-0.10306843806049948,-0.20534213910302845,-0.15688743338679623,0.6902985074626866,0.74815726262523,1.218956715863027,2.2693418589909906,2.3065693430656933
2020-11,2020-11-02,5,3,ALGN,0.09087340424101398,0.14837278415716715,0.1845606511233202,0.5953508693304699,0.6741163035794746,0.8297345713729776,1.2554364598587462,1.9162850594224046
2020-11,2020-11-02,5,4,QCOM,0.2201335064461838,0.203040302011126,0.3090052496651363,0.1372752455661339,0.3882158319883302,0.5752998185334237,0.6604796192300437,0.9058974097606831
2020-11,2020-11-02,5,5,JD,0.03692902947916421,0.0487123175111448,0.10872197719248966,0.27568580711477764,0.37199996081545916,0.5041111273218815,0.9893668711434391,1.0122220357423402
2020-11,2020-11-02,5,6,MELI,0.25150926300095633,0.3488395207987691,0.5600398581371593,0.0368746826887032,0.24430477426411934,0.4404558344403342,1.0079600114506433,1.717977366891163
2020-11,2020-11-02,5,7,NVDA,0.06432433058654508,0.04265438604567651,0.052474060790720145,0.14298164344383513,0.3205157586259615,0.4296958880049986,0.7809260011852668,1.0718736229433419
2020-11,2020-11-02,5,8,NXPI,0.1585465994211539,0.18292675117428003,0.25220638563086517,0.15588741039349996,0.23066726955055228,0.39358661024561425,0.44743316291553814,0.849723599340684
2020-11,2020-11-02,5,9,PDD,0.4902858458081256,0.820344834965842,0.8987120879600377,-0.04592310828671575,0.0722060388378607,0.393248171689216,1.0167290805882714,1.5520891045237635
2020-11,2020-11-02,5,10,AMD,0.240026787653004,0.2356091944114833,0.17349407286919782,-0.03823871881962548,0.42069217091816524,0.39287703636936433,0.4975941328917217,0.7109481724533249
2020-11,2020-11-02,6,1,ZM,-0.10306843806049948,-0.20534213910302845,-0.15688743338679623,0.6902985074626866,0.74815726262523,1.218956715863027,2.2693418589909906,2.3065693430656933
2020-11,2020-11-02,6,2,TSLA,0.46003851290975684,0.8221019252568842,1.0968516930661902,0.3485184486466224,0.7885818905264346,1.2297627303735132,1.8554011743199808,3.1584639308278373
2020-11,2020-11-02,6,3,ALGN,0.09087340424101398,0.14837278415716715,0.1845606511233202,0.5953508693304699,0.6741163035794746,0.8297345713729776,1.2554364598587462,1.9162850594224046
2020-11,2020-11-02,6,4,PDD,0.4902858458081256,0.820344834965842,0.8987120879600377,-0.04592310828671575,0.0722060388378607,0.393248171689216,1.0167290805882714,1.5520891045237635
2020-11,2020-11-02,6,5,MELI,0.25150926300095633,0.3488395207987691,0.5600398581371593,0.0368746826887032,0.24430477426411934,0.4404558344403342,1.0079600114506433,1.717977366891163
2020-11,2020-11-02,6,6,JD,0.03692902947916421,0.0487123175111448,0.10872197719248966,0.27568580711477764,0.37199996081545916,0.5041111273218815,0.9893668711434391,1.0122220357423402
2020-11,2020-11-02,6,7,DOCU,0.07020246738770686,0.10344317501519362,0.14179401754927334,-0.10924518894316382,0.1262851475014799,0.369107430290178,0.947063408952437,1.1887284783793768
2020-11,2020-11-02,6,8,NVDA,0.06432433058654508,0.04265438604567651,0.052474060790720145,0.14298164344383513,0.3205157586259615,0.4296958880049986,0.7809260011852668,1.0718736229433419
2020-11,2020-11-02,6,9,QCOM,0.2201335064461838,0.203040302011126,0.3090052496651363,0.1372752455661339,0.3882158319883302,0.5752998185334237,0.6604796192300437,0.9058974097606831
2020-11,2020-11-02,6,10,IDXX,0.08539612249397255,0.14086533566929726,0.1423733380645431,0.0996453953715486,0.2884856124318764,0.38072963394742576,0.5920590500201988,0.8687678008728725
2020-10,2020-10-01,4,1,TSLA,-0.106323718451248,0.3048017891351611,0.6283692731663943,1.0013755847103831,1.4950452153763178,2.1951180010859583,3.653210582719246,2.0133670347319446
2020-10,2020-10-01,4,2,ZM,-0.0620923639014177,-0.15876103899911387,-0.25468432417896536,0.863890638418348,1.3658584603204948,2.4857823235030727,2.52547438127281,3.2700909524190465
2020-10,2020-10-01,4,3,AMD,-0.119726650825289,0.09156253343366783,0.08767384383566301,0.6139215986149269,0.5823233063630044,0.7012830551961751,0.9436555406992639,0.7880320743224571
2020-10,2020-10-01,4,4,NVDA,-0.07593002720381736,-0.01648984478857607,-0.036514389850951234,0.42902139177854326,0.5471727575768108,0.927263144149449,1.242117679328949,0.9715352706717435
2020-10,2020-10-01,4,5,QCOM,0.037232402080936255,0.2655620077506107,0.24783238225517534,0.3383845599146704,0.5187529963130688,0.6008751904575333,0.8374834858002866,0.5150624141194045
2020-10,2020-10-01,4,6,DOCU,-0.0931341557628158,-0.029469935907729505,0.000674926477912674,0.24195343187598106,0.5097133043331357,1.1470247460805205,1.4135085605968976,1.5268303412939774
2020-10,2020-10-01,4,7,AAPL,-0.0686703205690311,0.052587843062262385,0.10996913274631193,0.285332145106048,0.45410075961774066,0.6233748839407987,0.9479023610767816,0.5704599509748087
2020-10,2020-10-01,4,8,JD,0.04772808025291608,0.08641966141472412,0.09876534316353824,0.30950003791467107,0.4355930280677378,0.8987434894970234,0.9205575126483203,0.8145498231919406
2020-10,2020-10-01,4,9,CTAS,-0.06305372827411981,0.06119708580865835,0.015448426011489547,0.27600092917854324,0.36259637331808126,0.6143237881447001,1.101727196407417,0.2229256506891073
2020-10,2020-10-01,4,10,NXPI,0.04824786291686345,0.214443996932824,0.2400004389056274,0.17402316101660054,0.32944378857859835,0.38081193782537115,0.7645860914933109,0.10266009235166518
2020-10,2020-10-01,5,1,ZM,-0.0620923639014177,-0.15876103899911387,-0.25468432417896536,0.863890638418348,1.3658584603204948,2.4857823235030727,2.52547438127281,3.2700909524190465
2020-10,2020-10-01,5,2,TSLA,-0.106323718451248,0.3048017891351611,0.6283692731663943,1.0013755847103831,1.4950452153763178,2.1951180010859583,3.653210582719246,2.0133670347319446
2020-10,2020-10-01,5,3,DOCU,-0.0931341557628158,-0.029469935907729505,0.000674926477912674,0.24195343187598106,0.5097133043331357,1.1470247460805205,1.4135085605968976,1.5268303412939774
2020-10,2020-10-01,5,4,NVDA,-0.07593002720381736,-0.01648984478857607,-0.036514389850951234,0.42902139177854326,0.5471727575768108,0.927263144149449,1.242117679328949,0.9715352706717435
2020-10,2020-10-01,5,5,JD,0.04772808025291608,0.08641966141472412,0.09876534316353824,0.30950003791467107,0.4355930280677378,0.8987434894970234,0.9205575126483203,0.8145498231919406
2020-10,2020-10-01,5,6,MELI,0.09012500458308192,0.3643015410646868,0.4704036887926002,0.14143310999457692,0.3213675756306833,0.8419539071288318,1.4932712812423317,0.7369920905522926
2020-10,2020-10-01,5,7,AMD,-0.119726650825289,0.09156253343366783,0.08767384383566301,0.6139215986149269,0.5823233063630044,0.7012830551961751,0.9436555406992639,0.7880320743224571
2020-10,2020-10-01,5,8,PDD,0.23095529183023378,0.834475248237208,1.240763107557037,-0.12896427193252347,0.13184303356597038,0.6383447018532391,1.0732589733045583,0.9842709580300906
2020-10,2020-10-01,5,9,PYPL,-0.04661323749948476,0.09952262221064134,0.17761753588951223,0.10995897583324643,0.2744451771913472,0.6328663711358693,1.1551763059356555,0.7449939461929231
2020-10,2020-10-01,5,10,AAPL,-0.0686703205690311,0.052587843062262385,0.10996913274631193,0.285332145106048,0.45410075961774066,0.6233748839407987,0.9479023610767816,0.5704599509748087
2020-10,2020-10-01,6,1,TSLA,-0.106323718451248,0.3048017891351611,0.6283692731663943,1.0013755847103831,1.4950452153763178,2.1951180010859583,3.653210582719246,2.0133670347319446
2020-10,2020-10-01,6,2,ZM,-0.0620923639014177,-0.15876103899911387,-0.25468432417896536,0.863890638418348,1.3658584603204948,2.4857823235030727,2.52547438127281,3.2700909524190465
2020-10,2020-10-01,6,3,MELI,0.09012500458308192,0.3643015410646868,0.4704036887926002,0.14143310999457692,0.3213675756306833,0.8419539071288318,1.4932712812423317,0.7369920905522926
2020-10,2020-10-01,6,4,DOCU,-0.0931341557628158,-0.029469935907729505,0.000674926477912674,0.24195343187598106,0.5097133043331357,1.1470247460805205,1.4135085605968976,1.5268303412939774
2020-10,2020-10-01,6,5,MRNA,-0.041696390401888106,1.0135655713951408,0.5954591647082048,0.1370352103555621,0.12624635631382697,0.461089053482326,1.3602965486761218,1.343708190971053
2020-10,2020-10-01,6,6,NVDA,-0.07593002720381736,-0.01648984478857607,-0.036514389850951234,0.42902139177854326,0.5471727575768108,0.927263144149449,1.242117679328949,0.9715352706717435
2020-10,2020-10-01,6,7,PYPL,-0.04661323749948476,0.09952262221064134,0.17761753588951223,0.10995897583324643,0.2744451771913472,0.6328663711358693,1.1551763059356555,0.7449939461929231
2020-10,2020-10-01,6,8,CTAS,-0.06305372827411981,0.06119708580865835,0.015448426011489547,0.27600092917854324,0.36259637331808126,0.6143237881447001,1.101727196407417,0.2229256506891073
2020-10,2020-10-01,6,9,PDD,0.23095529183023378,0.834475248237208,1.240763107557037,-0.12896427193252347,0.13184303356597038,0.6383447018532391,1.0732589733045583,0.9842709580300906
2020-10,2020-10-01,6,10,ALGN,0.4434055085955786,0.5745726808618907,0.6575676025736963,0.15983782354300136,0.26765109352623573,0.5625799170277983,1.0204197933676489,0.37959336142597766
2020-09,2020-09-01,4,1,TSLA,-0.05660456447360884,-0.15690987514870935,0.2309440521367796,1.6447501455040907,2.3868279204712946,3.932407352726771,2.1941717346242626,2.0451924250676083
2020-09,2020-09-01,4,2,ZM,0.055277562669085345,-0.010247115769164594,-0.11225939961271114,1.2419300324519287,2.3031900296321814,2.340802937528513,3.046414994002923,4.2211953379057485
2020-09,2020-09-01,4,3,DOCU,-0.17313986383800783,-0.25014878455338196,-0.1975073790553583,0.8258387825306457,1.5965996571636532,1.9188836842462815,2.055934408717147,2.3337467065531134
2020-09,2020-09-01,4,4,PDD,-0.1853108602459611,0.0028459077768550056,0.4945270618864479,0.389294368042862,1.0110059431354008,1.5448467054936952,1.4356172940137117,1.5526682948676709
2020-09,2020-09-01,4,5,MELI,-0.07766736945474262,0.005457863100274629,0.25833982922714105,0.43263669946224015,0.9970603295688671,1.7032235428647677,0.8832599357624713,0.7836220015369071
2020-09,2020-09-01,4,6,JD,-0.04752075581241921,-0.002060750006597556,0.034792177974823923,0.5072171250222148,0.9934749246074759,1.016377285246214,0.905080697836796,1.1043368564995868
2020-09,2020-09-01,4,7,NVDA,-0.014941099223990006,-0.0897366483572749,-0.031184567605391678,0.5706398433210225,0.9564953350821854,1.2761254962141377,1.0014389688967906,1.303452510264969
2020-09,2020-09-01,4,8,AAPL,-0.1296021546470637,-0.18937265371004375,-0.08382980935391215,0.6706162215143348,0.8650952465105641,1.237944833476615,0.8043012851646079,0.7508680141807835
2020-09,2020-09-01,4,9,AMD,-0.07940984671935625,-0.18962902255438718,0.004881719969108245,0.718814068045577,0.848035251228171,1.1113147189037296,0.9422672162531507,0.9196168143782786
2020-09,2020-09-01,4,10,LULU,-0.1281061851927645,-0.19342469310197108,-0.034870678292098556,0.26716123155416116,0.7886505980853566,1.1316621452975988,0.7088685630939944,0.5876933531457496
2020-09,2020-09-01,5,1,TSLA,-0.05660456447360884,-0.15690987514870935,0.2309440521367796,1.6447501455040907,2.3868279204712946,3.932407352726771,2.1941717346242626,2.0451924250676083
2020-09,2020-09-01,5,2,ZM,0.055277562669085345,-0.010247115769164594,-0.11225939961271114,1.2419300324519287,2.3031900296321814,2.340802937528513,3.046414994002923,4.2211953379057485
2020-09,2020-09-01,5,3,DOCU,-0.17313986383800783,-0.25014878455338196,-0.1975073790553583,0.8258387825306457,1.5965996571636532,1.9188836842462815,2.055934408717147,2.3337467065531134
2020-09,2020-09-01,5,4,MELI,-0.07766736945474262,0.005457863100274629,0.25833982922714105,0.43263669946224015,0.9970603295688671,1.7032235428647677,0.8832599357624713,0.7836220015369071
2020-09,2020-09-01,5,5,PDD,-0.1853108602459611,0.0028459077768550056,0.4945270618864479,0.389294368042862,1.0110059431354008,1.5448467054936952,1.4356172940137117,1.5526682948676709
2020-09,2020-09-01,5,6,PYPL,-0.05738754339185803,-0.10132576170170604,0.03642372001819871,0.3520351532137167,0.7322775226326932,1.2863864049609037,0.8512315787466227,0.7932365272763804
2020-09,2020-09-01,5,7,NVDA,-0.014941099223990006,-0.0897366483572749,-0.031184567605391678,0.5706398433210225,0.9564953350821854,1.2761254962141377,1.0014389688967906,1.303452510264969
2020-09,2020-09-01,5,8,AAPL,-0.1296021546470637,-0.18937265371004375,-0.08382980935391215,0.6706162215143348,0.8650952465105641,1.237944833476615,0.8043012851646079,0.7508680141807835
2020-09,2020-09-01,5,9,MRNA,0.10596966387890139,0.05985472100116174,1.226942438194012,0.018333859505522465,0.32109324622696755,1.1341422154365381,1.1191432889317285,2.106967728277493
2020-09,2020-09-01,5,10,LULU,-0.1281061851927645,-0.19342469310197108,-0.034870678292098556,0.26716123155416116,0.7886505980853566,1.1316621452975988,0.7088685630939944,0.5876933531457496
2020-09,2020-09-01,6,1,ZM,0.055277562669085345,-0.010247115769164594,-0.11225939961271114,1.2419300324519287,2.3031900296321814,2.340802937528513,3.046414994002923,4.2211953379057485
2020-09,2020-09-01,6,2,TSLA,-0.05660456447360884,-0.15690987514870935,0.2309440521367796,1.6447501455040907,2.3868279204712946,3.932407352726771,2.1941717346242626,2.0451924250676083
2020-09,2020-09-01,6,3,DOCU,-0.17313986383800783,-0.25014878455338196,-0.1975073790553583,0.8258387825306457,1.5965996571636532,1.9188836842462815,2.055934408717147,2.3337467065531134
2020-09,2020-09-01,6,4,PDD,-0.1853108602459611,0.0028459077768550056,0.4945270618864479,0.389294368042862,1.0110059431354008,1.5448467054936952,1.4356172940137117,1.5526682948676709
2020-09,2020-09-01,6,5,MRNA,0.10596966387890139,0.05985472100116174,1.226942438194012,0.018333859505522465,0.32109324622696755,1.1341422154365381,1.1191432889317285,2.106967728277493
2020-09,2020-09-01,6,6,NVDA,-0.014941099223990006,-0.0897366483572749,-0.031184567605391678,0.5706398433210225,0.9564953350821854,1.2761254962141377,1.0014389688967906,1.303452510264969
2020-09,2020-09-01,6,7,AMD,-0.07940984671935625,-0.18962902255438718,0.004881719969108245,0.718814068045577,0.848035251228171,1.1113147189037296,0.9422672162531507,0.9196168143782786
2020-09,2020-09-01,6,8,JD,-0.04752075581241921,-0.002060750006597556,0.034792177974823923,0.5072171250222148,0.9934749246074759,1.016377285246214,0.905080697836796,1.1043368564995868
2020-09,2020-09-01,6,9,MELI,-0.07766736945474262,0.005457863100274629,0.25833982922714105,0.43263669946224015,0.9970603295688671,1.7032235428647677,0.8832599357624713,0.7836220015369071
2020-09,2020-09-01,6,10,PYPL,-0.05738754339185803,-0.10132576170170604,0.03642372001819871,0.3520351532137167,0.7322775226326932,1.2863864049609037,0.8512315787466227,0.7932365272763804
2020-08,2020-08-03,4,1,TSLA,0.5994950111466224,0.5089562926629576,0.3485184486466224,1.1174357512021218,2.083727875581743,0.9969876194452596,0.9038461538461537,2.4514014763399734
2020-08,2020-08-03,4,2,MRNA,-0.18799696115691278,-0.10194927206206439,-0.13939474581486444,0.6269560371463805,1.6282441239101613,1.6097726086727553,2.826300616687579,3.0551224759865496
2020-08,2020-08-03,4,3,MELI,0.031246281660731734,-0.04884790429584196,0.0368746826887032,0.9365503324315281,1.6213171295138764,0.8261980375140323,0.7295790862533247,0.9217292817408769
2020-08,2020-08-03,4,4,DOCU,0.187908738037178,-0.017765619118558673,-0.10924518894316382,1.185857864345794,1.4571615569300818,1.5725329824297538,1.8063996835830811,1.9812910965771762
2020-08,2020-08-03,4,5,PYPL,0.06018161022471391,-0.0006596079353067275,-0.047242098973446445,0.6339441336522742,1.1565988156277167,0.7461457177645625,0.6914427773334888,0.7794129294063781
2020-08,2020-08-03,4,6,EBAY,-0.04881307208743413,-0.07132961313921027,-0.15128940521697332,0.44650642126123685,0.9727373274388926,0.5788482372292427,0.6584998316646635,0.5712344373924023
2020-08,2020-08-03,4,7,ZM,0.7077985165724117,0.8022014560984141,0.6902985074626866,0.9341801726480916,0.9562043795620438,1.3693749319586979,2.057266584576265,2.89988351628929
2020-08,2020-08-03,4,8,CTAS,0.12241371575123927,0.14457373052596179,0.0724040895316822,0.4104148514773931,0.8362532184288538,0.06845510959537804,0.059324341954771764,0.10321637674544237
2020-08,2020-08-03,4,9,ALGN,0.06288282379368693,0.10526865792741291,0.5953508693304699,0.41375574691309014,0.82798976418667,0.24819730617619729,0.13572041933144185,0.012972337742503948
2020-08,2020-08-03,4,10,AAPL,0.23393629560269713,0.07401549299537158,0.0002625047952733439,0.5115004341448495,0.8136631862210724,0.4622321197573045,0.41892901636838475,0.458187230438047
2020-08,2020-08-03,5,1,MRNA,-0.18799696115691278,-0.10194927206206439,-0.13939474581486444,0.6269560371463805,1.6282441239101613,1.6097726086727553,2.826300616687579,3.0551224759865496
2020-08,2020-08-03,5,2,DOCU,0.187908738037178,-0.017765619118558673,-0.10924518894316382,1.185857864345794,1.4571615569300818,1.5725329824297538,1.8063996835830811,1.9812910965771762
2020-08,2020-08-03,5,3,ZM,0.7077985165724117,0.8022014560984141,0.6902985074626866,0.9341801726480916,0.9562043795620438,1.3693749319586979,2.057266584576265,2.89988351628929
2020-08,2020-08-03,5,4,TSLA,0.5994950111466224,0.5089562926629576,0.3485184486466224,1.1174357512021218,2.083727875581743,0.9969876194452596,0.9038461538461537,2.4514014763399734
2020-08,2020-08-03,5,5,MELI,0.031246281660731734,-0.04884790429584196,0.0368746826887032,0.9365503324315281,1.6213171295138764,0.8261980375140323,0.7295790862533247,0.9217292817408769
2020-08,2020-08-03,5,6,PYPL,0.06018161022471391,-0.0006596079353067275,-0.047242098973446445,0.6339441336522742,1.1565988156277167,0.7461457177645625,0.6914427773334888,0.7794129294063781
2020-08,2020-08-03,5,7,AMD,0.1868160483880632,0.09257116790149511,-0.03823871881962548,0.5571370590566058,0.778973853421786,0.6365360233299366,0.617451008507601,0.5818737389550528
2020-08,2020-08-03,5,8,CDNS,0.01977280826915262,-0.02809340148480033,-0.011273101410745112,0.4737605754237715,0.713212757554931,0.635020416107799,0.5346696942606382,0.5645295747958303
2020-08,2020-08-03,5,9,NVDA,0.2556603991373816,0.2368994525222352,0.14298164344383513,0.5581405103053867,0.8126919490156728,0.5939333360132619,0.8344550101662866,0.83766665903574
2020-08,2020-08-03,5,10,AMZN,0.12443560832990674,0.03514588202597202,-0.03451599341416789,0.3612578521981884,0.6312260229175375,0.5926149008774182,0.5526843538787451,0.6395540790999259
2020-08,2020-08-03,6,1,MRNA,-0.18799696115691278,-0.10194927206206439,-0.13939474581486444,0.6269560371463805,1.6282441239101613,1.6097726086727553,2.826300616687579,3.0551224759865496
2020-08,2020-08-03,6,2,ZM,0.7077985165724117,0.8022014560984141,0.6902985074626866,0.9341801726480916,0.9562043795620438,1.3693749319586979,2.057266584576265,2.89988351628929
2020-08,2020-08-03,6,3,DOCU,0.187908738037178,-0.017765619118558673,-0.10924518894316382,1.185857864345794,1.4571615569300818,1.5725329824297538,1.8063996835830811,1.9812910965771762
2020-08,2020-08-03,6,4,TSLA,0.5994950111466224,0.5089562926629576,0.3485184486466224,1.1174357512021218,2.083727875581743,0.9969876194452596,0.9038461538461537,2.4514014763399734
2020-08,2020-08-03,6,5,REGN,-0.08137284767389785,-0.11940839262744452,-0.14972559662560725,0.22774496019839363,0.29906374410064007,0.3882304109240551,0.8913578351579132,0.7280836175294756
2020-08,2020-08-03,6,6,DXCM,-0.048414385322948617,-0.06723469287315831,-0.2967746510756265,0.29910408673025923,0.741179771903228,0.552759585512925,0.8713147761638778,1.0223812724625119
2020-08,2020-08-03,6,7,NVDA,0.2556603991373816,0.2368994525222352,0.14298164344383513,0.5581405103053867,0.8126919490156728,0.5939333360132619,0.8344550101662866,0.83766665903574
2020-08,2020-08-03,6,8,MELI,0.031246281660731734,-0.04884790429584196,0.0368746826887032,0.9365503324315281,1.6213171295138764,0.8261980375140323,0.7295790862533247,0.9217292817408769
2020-08,2020-08-03,6,9,PYPL,0.06018161022471391,-0.0006596079353067275,-0.047242098973446445,0.6339441336522742,1.1565988156277167,0.7461457177645625,0.6914427773334888,0.7794129294063781
2020-08,2020-08-03,6,10,EBAY,-0.04881307208743413,-0.07132961313921027,-0.15128940521697332,0.44650642126123685,0.9727373274388926,0.5788482372292427,0.6584998316646635,0.5712344373924023
2020-07,2020-07-01,4,1,ZM,0.03422990371647172,0.7662562953618184,0.863890638418348,0.8914598896555657,1.2909557376405632,1.9560802424974142,2.770809084397178,2.759321104534437
2020-07,2020-07-01,4,2,DOCU,0.2644165751574201,0.5020114981485417,0.24195343187598106,0.9433164711749882,1.034561261670801,1.2195214288721923,1.3578393032422915,1.5594967305555731
2020-07,2020-07-01,4,3,PYPL,0.11069159682419016,0.1775348055841286,0.10995897583324643,0.9416720373090945,0.5721247218915959,0.5228734800639938,0.6020765210561314,0.6705580912551135
2020-07,2020-07-01,4,4,MELI,0.2000531935426686,0.2375503936359633,0.14143310999457692,1.1843341142033084,0.5217642412357788,0.44125201746053144,0.6013700826608805,0.6847241631869614
2020-07,2020-07-01,4,5,TSLA,0.3263310504364707,1.1214598983019939,1.0013755847103831,1.325006169890199,0.5056479442203277,0.4354230440579927,1.6022172030159303,2.343476449980371
2020-07,2020-07-01,4,6,EBAY,0.06816467247440072,0.016024273315657256,-0.008027100382169583,0.8468475678652168,0.47809441550977816,0.5526630625432998,0.4709664884840665,0.5299734764204493
2020-07,2020-07-01,4,7,AMZN,0.08100531712118109,0.21552087136501896,0.11899820246617066,0.5089898237148784,0.47327203266557616,0.43633368799118366,0.5166938155921497,0.615794730579089
2020-07,2020-07-01,4,8,CDNS,0.15143707627956227,0.17420422082283182,0.11908929221115594,0.48789090854233774,0.4199824287322371,0.33282984009803496,0.35876254727789525,0.438500220300452
2020-07,2020-07-01,4,9,DXCM,0.10859304590233987,0.05492119501168258,0.03405713293977697,0.5706212287178782,0.4006578800510656,0.6880087630720435,0.824277429790653,0.7872900800629865
2020-07,2020-07-01,4,10,SNPS,0.02996449638477494,0.14443881829858207,0.10253937565899918,0.5631946278789444,0.390242089304476,0.3103953220730793,0.3781759685438457,0.4532436778624138
2020-07,2020-07-01,5,1,ZM,0.03422990371647172,0.7662562953618184,0.863890638418348,0.8914598896555657,1.2909557376405632,1.9560802424974142,2.770809084397178,2.759321104534437
2020-07,2020-07-01,5,2,DOCU,0.2644165751574201,0.5020114981485417,0.24195343187598106,0.9433164711749882,1.034561261670801,1.2195214288721923,1.3578393032422915,1.5594967305555731
2020-07,2020-07-01,5,3,REGN,0.05911339515517633,-0.0270696778181706,-0.06735363297049879,0.22655775108038112,0.31074766618418415,0.7857935173039714,0.631632293042885,0.6640349093807516
2020-07,2020-07-01,5,4,DXCM,0.10859304590233987,0.05492119501168258,0.03405713293977697,0.5706212287178782,0.4006578800510656,0.6880087630720435,0.824277429790653,0.7872900800629865
2020-07,2020-07-01,5,5,NVDA,0.15532542994059928,0.4506963904927799,0.42902139177854326,0.5689881846614178,0.37964013835929644,0.5878253543338041,0.59060521945771,0.8236660619125202
2020-07,2020-07-01,5,6,EBAY,0.06816467247440072,0.016024273315657256,-0.008027100382169583,0.8468475678652168,0.47809441550977816,0.5526630625432998,0.4709664884840665,0.5299734764204493
2020-07,2020-07-01,5,7,JD,0.07549990222005798,0.37483314823475444,0.30950003791467107,0.4666341787257484,0.38568138270659524,0.5306125395663424,0.5902467782978744,0.8581604798525442
2020-07,2020-07-01,5,8,PYPL,0.11069159682419016,0.1775348055841286,0.10995897583324643,0.9416720373090945,0.5721247218915959,0.5228734800639938,0.6020765210561314,0.6705580912551135
2020-07,2020-07-01,5,9,BMRN,-0.03019704015375191,-0.39605846939208567,-0.3974888596528455,0.5054432569803624,0.3330507871167008,0.49791683297220635,0.49738213906468753,0.5757575178578083
2020-07,2020-07-01,5,10,MELI,0.2000531935426686,0.2375503936359633,0.14143310999457692,1.1843341142033084,0.5217642412357788,0.44125201746053144,0.6013700826608805,0.6847241631869614
2020-07,2020-07-01,6,1,ZM,0.03422990371647172,0.7662562953618184,0.863890638418348,0.8914598896555657,1.2909557376405632,1.9560802424974142,2.770809084397178,2.759321104534437
2020-07,2020-07-01,6,2,TSLA,0.3263310504364707,1.1214598983019939,1.0013755847103831,1.325006169890199,0.5056479442203277,0.4354230440579927,1.6022172030159303,2.343476449980371
2020-07,2020-07-01,6,3,DOCU,0.2644165751574201,0.5020114981485417,0.24195343187598106,0.9433164711749882,1.034561261670801,1.2195214288721923,1.3578393032422915,1.5594967305555731
2020-07,2020-07-01,6,4,DXCM,0.10859304590233987,0.05492119501168258,0.03405713293977697,0.5706212287178782,0.4006578800510656,0.6880087630720435,0.824277429790653,0.7872900800629865
2020-07,2020-07-01,6,5,REGN,0.05911339515517633,-0.0270696778181706,-0.06735363297049879,0.22655775108038112,0.31074766618418415,0.7857935173039714,0.631632293042885,0.6640349093807516
2020-07,2020-07-01,6,6,PYPL,0.11069159682419016,0.1775348055841286,0.10995897583324643,0.9416720373090945,0.5721247218915959,0.5228734800639938,0.6020765210561314,0.6705580912551135
2020-07,2020-07-01,6,7,MELI,0.2000531935426686,0.2375503936359633,0.14143310999457692,1.1843341142033084,0.5217642412357788,0.44125201746053144,0.6013700826608805,0.6847241631869614
2020-07,2020-07-01,6,8,NVDA,0.15532542994059928,0.4506963904927799,0.42902139177854326,0.5689881846614178,0.37964013835929644,0.5878253543338041,0.59060521945771,0.8236660619125202
2020-07,2020-07-01,6,9,JD,0.07549990222005798,0.37483314823475444,0.30950003791467107,0.4666341787257484,0.38568138270659524,0.5306125395663424,0.5902467782978744,0.8581604798525442
2020-07,2020-07-01,6,10,AMZN,0.08100531712118109,0.21552087136501896,0.11899820246617066,0.5089898237148784,0.47327203266557616,0.43633368799118366,0.5166938155921497,0.615794730579089
2020-06,2020-06-01,4,1,ZM,0.26931184242016726,0.3127602645723868,1.2419300324519287,0.804880141409893,1.3288841588849634,1.970750731520368,1.9617001739829574,1.9002698631434671
2020-06,2020-06-01,4,2,REGN,0.016180847939001985,0.07625074795234243,-0.011326840219702206,0.2898763727368183,0.7573579751339368,0.6056514904331542,0.6375381535242615,0.930784518914594
2020-06,2020-06-01,4,3,DXCM,0.056799520873233034,0.17156059975299076,0.11484021344736473,0.32537709602073117,0.5972838080748206,0.7262284792514413,0.6912290787056277,1.4075016202156347
2020-06,2020-06-01,4,4,NVDA,0.0826799140152954,0.25084763714777214,0.5706398433210225,0.27428256541924334,0.4665695130937586,0.4691370910897299,0.6844000136191282,0.7410570250952158
2020-06,2020-06-01,4,5,JD,0.09629094043698161,0.17906079924470908,0.5072171250222148,0.2639723011432191,0.396173664407224,0.45057002629612364,0.6949519614855901,0.738012047784651
2020-06,2020-06-01,4,6,INCY,0.008845223841561722,0.00039312939093205657,-0.08628991429284394,0.2869972570463337,0.39498213043983976,0.18355238519522987,0.07706148708825733,0.21739647967074016
2020-06,2020-06-01,4,7,PYPL,0.14819124394630978,0.27528636619828006,0.3520351532137167,0.3692185253810467,0.32632389255113026,0.3953045971242799,0.4549475969817012,0.47199456914964855
2020-06,2020-06-01,4,8,EBAY,0.1716815074510316,0.25154879365074323,0.19045685216532826,0.2615155279913406,0.3251579483584115,0.25543202579353075,0.3057929707782743,0.2978963703945441
2020-06,2020-06-01,4,9,BMRN,0.171803678676812,0.13641867593949408,-0.2922990927279415,0.1376059073495719,0.2783001625866526,0.2778438626814308,0.3447282565601233,0.4585088061328604
2020-06,2020-06-01,4,10,CDNS,0.058791441663467614,0.21913172197880604,0.24323737977233484,0.34113515925412297,0.2588218865880003,0.2833146300683569,0.35862471464675205,0.4001221075910024
2020-06,2020-06-01,5,1,ZM,0.26931184242016726,0.3127602645723868,1.2419300324519287,0.804880141409893,1.3288841588849634,1.970750731520368,1.9617001739829574,1.9002698631434671
2020-06,2020-06-01,5,2,TSLA,0.246665160920994,0.6534907124268936,1.6447501455040907,0.20774045142001563,0.1514102495633638,1.087342523547783,1.6819362205568686,1.8664900979620263
2020-06,2020-06-01,5,3,DXCM,0.056799520873233034,0.17156059975299076,0.11484021344736473,0.32537709602073117,0.5972838080748206,0.7262284792514413,0.6912290787056277,1.4075016202156347
2020-06,2020-06-01,5,4,REGN,0.016180847939001985,0.07625074795234243,-0.011326840219702206,0.2898763727368183,0.7573579751339368,0.6056514904331542,0.6375381535242615,0.930784518914594
2020-06,2020-06-01,5,5,NVDA,0.0826799140152954,0.25084763714777214,0.5706398433210225,0.27428256541924334,0.4665695130937586,0.4691370910897299,0.6844000136191282,0.7410570250952158
2020-06,2020-06-01,5,6,JD,0.09629094043698161,0.17906079924470908,0.5072171250222148,0.2639723011432191,0.396173664407224,0.45057002629612364,0.6949519614855901,0.738012047784651
2020-06,2020-06-01,5,7,PYPL,0.14819124394630978,0.27528636619828006,0.3520351532137167,0.3692185253810467,0.32632389255113026,0.3953045971242799,0.4549475969817012,0.47199456914964855
2020-06,2020-06-01,5,8,MELI,0.15763908025846685,0.38922847523397053,0.43263669946224015,0.31454117884134813,0.2449925387269598,0.38330686132619296,0.45531037429283394,0.7226122797751913
2020-06,2020-06-01,5,9,LULU,-0.00022678844039347723,0.06446594881303835,0.26716123155416116,0.3485802126364641,0.25295291049778945,0.32246596205515266,0.368731450858959,0.5381433987053332
2020-06,2020-06-01,5,10,VRTX,-0.0012559860826905078,-0.024839608117862788,-0.038899050531161716,0.23397487163967834,0.24350362881960397,0.306174612142019,0.29824730904795294,0.4264955268527044
2020-06,2020-06-01,6,1,ZM,0.26931184242016726,0.3127602645723868,1.2419300324519287,0.804880141409893,1.3288841588849634,1.970750731520368,1.9617001739829574,1.9002698631434671
2020-06,2020-06-01,6,2,TSLA,0.246665160920994,0.6534907124268936,1.6447501455040907,0.20774045142001563,0.1514102495633638,1.087342523547783,1.6819362205568686,1.8664900979620263
2020-06,2020-06-01,6,3,JD,0.09629094043698161,0.17906079924470908,0.5072171250222148,0.2639723011432191,0.396173664407224,0.45057002629612364,0.6949519614855901,0.738012047784651
2020-06,2020-06-01,6,4,DXCM,0.056799520873233034,0.17156059975299076,0.11484021344736473,0.32537709602073117,0.5972838080748206,0.7262284792514413,0.6912290787056277,1.4075016202156347
2020-06,2020-06-01,6,5,NVDA,0.0826799140152954,0.25084763714777214,0.5706398433210225,0.27428256541924334,0.4665695130937586,0.4691370910897299,0.6844000136191282,0.7410570250952158
2020-06,2020-06-01,6,6,REGN,0.016180847939001985,0.07625074795234243,-0.011326840219702206,0.2898763727368183,0.7573579751339368,0.6056514904331542,0.6375381535242615,0.930784518914594
2020-06,2020-06-01,6,7,MELI,0.15763908025846685,0.38922847523397053,0.43263669946224015,0.31454117884134813,0.2449925387269598,0.38330686132619296,0.45531037429283394,0.7226122797751913
2020-06,2020-06-01,6,8,PYPL,0.14819124394630978,0.27528636619828006,0.3520351532137167,0.3692185253810467,0.32632389255113026,0.3953045971242799,0.4549475969817012,0.47199456914964855
2020-06,2020-06-01,6,9,AMZN,0.16497503304885308,0.25934420503923383,0.4160514672900335,0.2646382891227117,0.23293087597951234,0.30191100458420506,0.38697799072173833,0.3793596647331974
2020-06,2020-06-01,6,10,AMD,-0.01957857945456587,0.44825650982734433,0.718814068045577,0.13000425837895135,0.11682633396236386,0.0922607481623805,0.3847147353985887,0.5371167098394045
2020-05,2020-05-01,4,1,ZM,0.4733689195552575,0.8701646178452951,0.9341801726480916,0.5806524272196176,1.0162979496113582,1.0101551856251714,0.9684614115648138,0.8277272394251214
2020-05,2020-05-01,4,2,TSLA,0.28058520999750747,0.5964609668945873,1.1174357512021218,-0.10087181971623349,0.6299911222243819,1.0943051658093794,1.2384219929945979,1.866156891944097
2020-05,2020-05-01,4,3,DXCM,0.10886631643652023,0.17184939192258142,0.29910408673025923,0.4404656218685501,0.5567507585575249,0.5251875303964526,1.1711378409910047,1.2943901579430683
2020-05,2020-05-01,4,4,REGN,0.14076107499509916,0.1592195564843275,0.22774496019839363,0.5405136216989928,0.40752654138383204,0.435478637392406,0.6925406741485185,0.9007489628874665
2020-05,2020-05-01,4,5,NFLX,0.025645931941914002,0.16945598469381107,0.2007127651580638,0.15997210369370318,0.2591189380334038,0.33962384887798747,0.4478923601246625,0.5404332719483766
2020-05,2020-05-01,4,6,GILD,-0.05991227469262195,-0.040186913676266034,-0.09482783048333365,0.21601157813730087,0.23707710229005552,0.23187546973355566,0.2596909161228387,0.2883834702112249
2020-05,2020-05-01,4,7,AMZN,0.0809259666667379,0.2592517637409464,0.3612578521981884,0.1406247180660425,0.2044404933659989,0.2831387472342588,0.2760907844472851,0.3171088680935221
2020-05,2020-05-01,4,8,NVDA,0.24566770886525768,0.34865940792586736,0.5581405103053867,0.1773360605371488,0.17939726673017953,0.3522065327947965,0.39768977930818594,0.6273448759503508
2020-05,2020-05-01,4,9,VRTX,0.12451950377387133,0.12310712292741743,0.0965868799792351,0.10580885849149224,0.1615402025118422,0.15449069997545917,0.2685378262141347,0.5210645131360072
2020-05,2020-05-01,4,10,INCY,0.04573480790000661,0.05498456635479476,0.04614591698811288,0.3339731257881473,0.1317901787853668,0.02995661897413493,0.1641541148615453,0.315576044567383
2020-05,2020-05-01,5,1,TSLA,0.28058520999750747,0.5964609668945873,1.1174357512021218,-0.10087181971623349,0.6299911222243819,1.0943051658093794,1.2384219929945979,1.866156891944097
2020-05,2020-05-01,5,2,ZM,0.4733689195552575,0.8701646178452951,0.9341801726480916,0.5806524272196176,1.0162979496113582,1.0101551856251714,0.9684614115648138,0.8277272394251214
2020-05,2020-05-01,5,3,DXCM,0.10886631643652023,0.17184939192258142,0.29910408673025923,0.4404656218685501,0.5567507585575249,0.5251875303964526,1.1711378409910047,1.2943901579430683
2020-05,2020-05-01,5,4,REGN,0.14076107499509916,0.1592195564843275,0.22774496019839363,0.5405136216989928,0.40752654138383204,0.435478637392406,0.6925406741485185,0.9007489628874665
2020-05,2020-05-01,5,5,NVDA,0.24566770886525768,0.34865940792586736,0.5581405103053867,0.1773360605371488,0.17939726673017953,0.3522065327947965,0.39768977930818594,0.6273448759503508
2020-05,2020-05-01,5,6,NFLX,0.025645931941914002,0.16945598469381107,0.2007127651580638,0.15997210369370318,0.2591189380334038,0.33962384887798747,0.4478923601246625,0.5404332719483766
2020-05,2020-05-01,5,7,AMD,0.07518043142940334,0.054129925924668365,0.5571370590566058,0.038733873232415617,0.01588600037136989,0.2878905669420282,0.4296360544768081,0.7343532917647171
2020-05,2020-05-01,5,8,AMZN,0.0809259666667379,0.2592517637409464,0.3612578521981884,0.1406247180660425,0.2044404933659989,0.2831387472342588,0.2760907844472851,0.3171088680935221
2020-05,2020-05-01,5,9,JD,0.3226196090215563,0.44997589501463464,0.5594489333096808,0.05561240350888297,0.09674014841593204,0.2815112901127157,0.31406795720380454,0.4678964290033263
2020-05,2020-05-01,5,10,GILD,-0.05991227469262195,-0.040186913676266034,-0.09482783048333365,0.21601157813730087,0.23707710229005552,0.23187546973355566,0.2596909161228387,0.2883834702112249
2020-05,2020-05-01,6,1,TSLA,0.28058520999750747,0.5964609668945873,1.1174357512021218,-0.10087181971623349,0.6299911222243819,1.0943051658093794,1.2384219929945979,1.866156891944097
2020-05,2020-05-01,6,2,DXCM,0.10886631643652023,0.17184939192258142,0.29910408673025923,0.4404656218685501,0.5567507585575249,0.5251875303964526,1.1711378409910047,1.2943901579430683
2020-05,2020-05-01,6,3,ZM,0.4733689195552575,0.8701646178452951,0.9341801726480916,0.5806524272196176,1.0162979496113582,1.0101551856251714,0.9684614115648138,0.8277272394251214
2020-05,2020-05-01,6,4,REGN,0.14076107499509916,0.1592195564843275,0.22774496019839363,0.5405136216989928,0.40752654138383204,0.435478637392406,0.6925406741485185,0.9007489628874665
2020-05,2020-05-01,6,5,NFLX,0.025645931941914002,0.16945598469381107,0.2007127651580638,0.15997210369370318,0.2591189380334038,0.33962384887798747,0.4478923601246625,0.5404332719483766
2020-05,2020-05-01,6,6,AMD,0.07518043142940334,0.054129925924668365,0.5571370590566058,0.038733873232415617,0.01588600037136989,0.2878905669420282,0.4296360544768081,0.7343532917647171
2020-05,2020-05-01,6,7,NVDA,0.24566770886525768,0.34865940792586736,0.5581405103053867,0.1773360605371488,0.17939726673017953,0.3522065327947965,0.39768977930818594,0.6273448759503508
2020-05,2020-05-01,6,8,JD,0.3226196090215563,0.44997589501463464,0.5594489333096808,0.05561240350888297,0.09674014841593204,0.2815112901127157,0.31406795720380454,0.4678964290033263
2020-05,2020-05-01,6,9,AMZN,0.0809259666667379,0.2592517637409464,0.3612578521981884,0.1406247180660425,0.2044404933659989,0.2831387472342588,0.2760907844472851,0.3171088680935221
2020-05,2020-05-01,6,10,VRTX,0.12451950377387133,0.12310712292741743,0.0965868799792351,0.10580885849149224,0.1615402025118422,0.15449069997545917,0.2685378262141347,0.5210645131360072
2020-04,2020-04-01,4,1,TSLA,0.45635015080435526,0.864980463697697,1.325006169890199,0.11923023547882572,0.43805057091021404,0.5370081101432216,0.9680410582311492,1.1401715609282754
2020-04,2020-04-01,4,2,REGN,0.058089249978042545,0.20702703024571,0.22655775108038112,0.33025313451870053,0.35667065648970064,0.599619950948034,0.7963975750882177,0.7418979820802223
2020-04,2020-04-01,4,3,JD,0.01148866251390035,0.33781473934387174,0.4666341787257484,0.08428318483585584,0.26695566406816207,0.2991425469247373,0.45122380843606713,0.3891340622845718
2020-04,2020-04-01,4,4,NFLX,0.14060094891744557,0.16985272322626477,0.3338826058589466,0.10390837323819935,0.17448950936735264,0.26941184951570474,0.35054531859754756,0.25852949879502574
2020-04,2020-04-01,4,5,NVDA,0.1633687315275536,0.44917086236740866,0.5689881846614178,0.01377769125836803,0.16231981842875465,0.20141597537434142,0.39882122653715846,0.4825778926731419
2020-04,2020-04-01,4,6,AMD,0.14246452685390487,0.2283555028755706,0.20430604706406785,-0.11079427282622445,0.12729151467712918,0.2513614391281891,0.51808065020692,0.4129449963238785
2020-04,2020-04-01,4,7,GILD,0.10260664750039683,0.036546975157442096,0.058296289338421126,0.12195686929196592,0.11723929156985458,0.1424662811334858,0.168488756286735,0.18408536325973746
2020-04,2020-04-01,4,8,TMUS,0.012569032925893175,0.17115000317176077,0.24668145690613907,0.08321663170722937,0.09647095324486399,0.03225394349405808,0.08861904183866298,0.10372102033071107
2020-04,2020-04-01,4,9,AMZN,0.19832258104766765,0.29529799429753045,0.5089898237148784,0.005105396839791165,0.07077907695976027,0.0648975531543654,0.09912713732057221,0.06584952380221654
2020-04,2020-04-01,4,10,NTES,0.006061059602931795,0.22948227876738936,0.32633650919677115,-0.013078915044846595,0.05913772722090194,0.14777108038055586,0.264797935100632,0.28594042150260224
2020-04,2020-04-01,5,1,REGN,0.058089249978042545,0.20702703024571,0.22655775108038112,0.33025313451870053,0.35667065648970064,0.599619950948034,0.7963975750882177,0.7418979820802223
2020-04,2020-04-01,5,2,TSLA,0.45635015080435526,0.864980463697697,1.325006169890199,0.11923023547882572,0.43805057091021404,0.5370081101432216,0.9680410582311492,1.1401715609282754
2020-04,2020-04-01,5,3,JD,0.01148866251390035,0.33781473934387174,0.4666341787257484,0.08428318483585584,0.26695566406816207,0.2991425469247373,0.45122380843606713,0.3891340622845718
2020-04,2020-04-01,5,4,NFLX,0.14060094891744557,0.16985272322626477,0.3338826058589466,0.10390837323819935,0.17448950936735264,0.26941184951570474,0.35054531859754756,0.25852949879502574
2020-04,2020-04-01,5,5,AMD,0.14246452685390487,0.2283555028755706,0.20430604706406785,-0.11079427282622445,0.12729151467712918,0.2513614391281891,0.51808065020692,0.4129449963238785
2020-04,2020-04-01,5,6,NVDA,0.1633687315275536,0.44917086236740866,0.5689881846614178,0.01377769125836803,0.16231981842875465,0.20141597537434142,0.39882122653715846,0.4825778926731419
2020-04,2020-04-01,5,7,NTES,0.006061059602931795,0.22948227876738936,0.32633650919677115,-0.013078915044846595,0.05913772722090194,0.14777108038055586,0.264797935100632,0.28594042150260224
2020-04,2020-04-01,5,8,GILD,0.10260664750039683,0.036546975157442096,0.058296289338421126,0.12195686929196592,0.11723929156985458,0.1424662811334858,0.168488756286735,0.18408536325973746
2020-04,2020-04-01,5,9,BMRN,0.054193164339666255,0.28472310197924333,0.5054432569803624,-0.005354647462332163,0.04670668293302738,0.13527094195308154,0.29076580575227573,0.14022642370272198
2020-04,2020-04-01,5,10,VRTX,0.1304771985382478,0.27124365832790676,0.2696469939853383,0.027477780192082024,0.021241915775269016,0.12212597286739157,0.3455065835054476,0.26177951638603547
2020-04,2020-04-01,6,1,TSLA,0.45635015080435526,0.864980463697697,1.325006169890199,0.11923023547882572,0.43805057091021404,0.5370081101432216,0.9680410582311492,1.1401715609282754
2020-04,2020-04-01,6,2,REGN,0.058089249978042545,0.20702703024571,0.22655775108038112,0.33025313451870053,0.35667065648970064,0.599619950948034,0.7963975750882177,0.7418979820802223
2020-04,2020-04-01,6,3,AMD,0.14246452685390487,0.2283555028755706,0.20430604706406785,-0.11079427282622445,0.12729151467712918,0.2513614391281891,0.51808065020692,0.4129449963238785
2020-04,2020-04-01,6,4,JD,0.01148866251390035,0.33781473934387174,0.4666341787257484,0.08428318483585584,0.26695566406816207,0.2991425469247373,0.45122380843606713,0.3891340622845718
2020-04,2020-04-01,6,5,NVDA,0.1633687315275536,0.44917086236740866,0.5689881846614178,0.01377769125836803,0.16231981842875465,0.20141597537434142,0.39882122653715846,0.4825778926731419
2020-04,2020-04-01,6,6,NFLX,0.14060094891744557,0.16985272322626477,0.3338826058589466,0.10390837323819935,0.17448950936735264,0.26941184951570474,0.35054531859754756,0.25852949879502574
2020-04,2020-04-01,6,7,VRTX,0.1304771985382478,0.27124365832790676,0.2696469939853383,0.027477780192082024,0.021241915775269016,0.12212597286739157,0.3455065835054476,0.26177951638603547
2020-04,2020-04-01,6,8,BIIB,-0.0006137439305896608,0.027892465986276038,-0.09718007661080985,-0.0032966328605791295,0.003009591029613068,-0.019819595425872194,0.2908010253207922,0.3487398165969926
2020-04,2020-04-01,6,9,BMRN,0.054193164339666255,0.28472310197924333,0.5054432569803624,-0.005354647462332163,0.04670668293302738,0.13527094195308154,0.29076580575227573,0.14022642370272198
2020-04,2020-04-01,6,10,NTES,0.006061059602931795,0.22948227876738936,0.32633650919677115,-0.013078915044846595,0.05913772722090194,0.14777108038055586,0.264797935100632,0.28594042150260224
2020-03,2020-03-02,4,1,TSLA,-0.35241120487373445,-0.05688396055865241,0.20774045142001563,1.2206229967734785,1.3734322176521583,2.0390288915474897,2.3048310548841244,2.17990175747677
2020-03,2020-03-02,4,2,REGN,0.06863917742939263,0.13071562574341833,0.2898763727368183,0.2695310869597414,0.49687563841325155,0.681014146804392,0.6300150872910641,0.5019552271451373
2020-03,2020-03-02,4,3,JD,-0.05519631084111731,-0.044341780114482865,0.2639723011432191,0.3409723931074793,0.3750396636165836,0.5360056539660931,0.4702885670580488,0.5134568371580073
2020-03,2020-03-02,4,4,NVDA,-0.12068162663887871,0.022971500625999397,0.27428256541924334,0.3218418420917146,0.3663037322671068,0.5908017720479113,0.6860535814873414,0.6800478001770636
2020-03,2020-03-02,4,5,AMD,-0.08006741066928891,0.05099035040719846,0.13000425837895135,0.22540665234751622,0.3602751480286248,0.6502085781213449,0.5359223194297902,0.5894172174939512
2020-03,2020-03-02,4,6,NFLX,-0.04453480164224699,0.08980451190444838,0.11775356424674066,0.2292331645213841,0.32857989144718314,0.4134950398181487,0.31719030788162406,0.19264471462662347
2020-03,2020-03-02,4,7,MELI,-0.3033280800126992,-0.05698395392539968,0.31454117884134813,0.107086181640625,0.31042854153380106,0.16656067782589634,0.1051806976791092,0.024997961272855473
2020-03,2020-03-02,4,8,ADBE,-0.16395583303086525,-0.04563118268321409,0.08160318084850027,0.19002476888289643,0.2968108461635972,0.32111037390664743,0.27555313580662033,0.2072108156815602
2020-03,2020-03-02,4,9,CSGP,-0.23547750517724342,-0.11786625146388596,-0.06925475150852956,0.1710441495622601,0.2876742588736845,0.1819476120020731,0.1535507109078018,0.16428306550870087
2020-03,2020-03-02,4,10,BMRN,-0.11451276497092866,-0.06652540972232157,0.1376059073495719,0.1820686301577945,0.28208617475531383,0.4576899075342389,0.2876825081112404,0.16543211760344323
2020-03,2020-03-02,5,1,TSLA,-0.35241120487373445,-0.05688396055865241,0.20774045142001563,1.2206229967734785,1.3734322176521583,2.0390288915474897,2.3048310548841244,2.17990175747677
2020-03,2020-03-02,5,2,REGN,0.06863917742939263,0.13071562574341833,0.2898763727368183,0.2695310869597414,0.49687563841325155,0.681014146804392,0.6300150872910641,0.5019552271451373
2020-03,2020-03-02,5,3,AMD,-0.08006741066928891,0.05099035040719846,0.13000425837895135,0.22540665234751622,0.3602751480286248,0.6502085781213449,0.5359223194297902,0.5894172174939512
2020-03,2020-03-02,5,4,NVDA,-0.12068162663887871,0.022971500625999397,0.27428256541924334,0.3218418420917146,0.3663037322671068,0.5908017720479113,0.6860535814873414,0.6800478001770636
2020-03,2020-03-02,5,5,JD,-0.05519631084111731,-0.044341780114482865,0.2639723011432191,0.3409723931074793,0.3750396636165836,0.5360056539660931,0.4702885670580488,0.5134568371580073
2020-03,2020-03-02,5,6,BMRN,-0.11451276497092866,-0.06652540972232157,0.1376059073495719,0.1820686301577945,0.28208617475531383,0.4576899075342389,0.2876825081112404,0.16543211760344323
2020-03,2020-03-02,5,7,BIIB,-0.10558426328378767,-0.10613320551362115,-0.08063680276984075,0.1214131749426679,0.09588904168076784,0.44317790075997765,0.5079562682436702,0.34900854909041157
2020-03,2020-03-02,5,8,NFLX,-0.04453480164224699,0.08980451190444838,0.11775356424674066,0.2292331645213841,0.32857989144718314,0.4134950398181487,0.31719030788162406,0.19264471462662347
2020-03,2020-03-02,5,9,VRTX,-0.029316792610197706,0.09733523295814472,0.23397487163967834,0.05208569387063022,0.15601667395156005,0.3861438760474256,0.2998880652102762,0.2956104745646131
2020-03,2020-03-02,5,10,SWKS,-0.20926463775660453,-0.05217226764784055,0.14670973309168334,0.06419508910147198,0.0696325429885547,0.35828566232903425,0.41761964696240117,0.27797089197454294
2020-03,2020-03-02,6,1,TSLA,-0.35241120487373445,-0.05688396055865241,0.20774045142001563,1.2206229967734785,1.3734322176521583,2.0390288915474897,2.3048310548841244,2.17990175747677
2020-03,2020-03-02,6,2,NVDA,-0.12068162663887871,0.022971500625999397,0.27428256541924334,0.3218418420917146,0.3663037322671068,0.5908017720479113,0.6860535814873414,0.6800478001770636
2020-03,2020-03-02,6,3,REGN,0.06863917742939263,0.13071562574341833,0.2898763727368183,0.2695310869597414,0.49687563841325155,0.681014146804392,0.6300150872910641,0.5019552271451373
2020-03,2020-03-02,6,4,AMD,-0.08006741066928891,0.05099035040719846,0.13000425837895135,0.22540665234751622,0.3602751480286248,0.6502085781213449,0.5359223194297902,0.5894172174939512
2020-03,2020-03-02,6,5,BIIB,-0.10558426328378767,-0.10613320551362115,-0.08063680276984075,0.1214131749426679,0.09588904168076784,0.44317790075997765,0.5079562682436702,0.34900854909041157
2020-03,2020-03-02,6,6,JD,-0.05519631084111731,-0.044341780114482865,0.2639723011432191,0.3409723931074793,0.3750396636165836,0.5360056539660931,0.4702885670580488,0.5134568371580073
2020-03,2020-03-02,6,7,AAPL,-0.193768649622318,-0.03259563363302587,0.08002140882428033,0.1338553000894751,0.17433484131620713,0.3376304078817711,0.46046866208160453,0.44681588828059726
2020-03,2020-03-02,6,8,LRCX,-0.2519238659208709,-0.21276630516541073,-0.09234672665855215,0.14712176698890045,0.08396532277509405,0.3091899238515581,0.4235907092507598,0.47326692775560053
2020-03,2020-03-02,6,9,SWKS,-0.20926463775660453,-0.05217226764784055,0.14670973309168334,0.06419508910147198,0.0696325429885547,0.35828566232903425,0.41761964696240117,0.27797089197454294
2020-03,2020-03-02,6,10,ADSK,-0.27045013947043217,-0.08347748143226164,0.14913793000051578,0.08654555899138217,0.2700832068622607,0.3096561185793525,0.3519660650570364,0.24343520110242678
2020-02,2020-02-03,4,1,TSLA,-0.04664098299466646,-0.38261538285475516,-0.10087181971623349,1.489547143643243,2.1877066638480094,2.4665126106062054,2.3354714234154876,2.4335519643352588
2020-02,2020-02-03,4,2,AMD,-0.011661836067318854,-0.09079551371904782,0.038733873232415617,0.3763256319233641,0.6696801138944442,0.5540453414428776,0.6081714493038755,0.5391025411385135
2020-02,2020-02-03,4,3,SWKS,-0.09002685844688307,-0.2804520582822354,-0.13750222074033858,0.17545507020452877,0.4926656626488446,0.5578697680492495,0.4044050682565614,0.41915043805083707
2020-02,2020-02-03,4,4,JD,0.10459197811885068,0.04362257594199792,0.05561240350888297,0.24483944375398448,0.3905638320694229,0.33106938687169274,0.3701501252394248,0.25681302790204663
2020-02,2020-02-03,4,5,ALGN,-0.09011146417974891,-0.3787052632448632,-0.19666433058803368,-0.015639605270859613,0.3879319804543535,0.4221797485486096,0.2504076928123453,-0.06868370474961283
2020-02,2020-02-03,4,6,NVDA,0.15089820177462143,0.012005934688699815,0.1773360605371488,0.1871629742407641,0.3822263077611754,0.46498932649954594,0.4597709837295103,0.44878962817596135
2020-02,2020-02-03,4,7,AAPL,-0.029614383929760124,-0.21764469436861167,-0.061244717953943706,0.21017338042570977,0.3784524272925216,0.5050394790434432,0.49097004770098707,0.5418647875768468
2020-02,2020-02-03,4,8,VRTX,0.007722002610364376,-0.021821174348896855,0.10580885849149224,0.1471583144528541,0.375522090871105,0.2899272436674958,0.28568243147268135,0.2676528769749198
2020-02,2020-02-03,4,9,ADSK,-0.04230649858565605,-0.3013148396130918,-0.12225234006776953,0.32618964730007294,0.36751070843147815,0.4116897139433666,0.29836445508515297,0.17703350705465537
2020-02,2020-02-03,4,10,LRCX,-0.0262933811693018,-0.27159331685787114,-0.2334653407730144,0.11323606290856159,0.34454249209452237,0.4620324867056125,0.51305013159386,0.6270783456846647
2020-02,2020-02-03,5,1,TSLA,-0.04664098299466646,-0.38261538285475516,-0.10087181971623349,1.489547143643243,2.1877066638480094,2.4665126106062054,2.3354714234154876,2.4335519643352588
2020-02,2020-02-03,5,2,SWKS,-0.09002685844688307,-0.2804520582822354,-0.13750222074033858,0.17545507020452877,0.4926656626488446,0.5578697680492495,0.4044050682565614,0.41915043805083707
2020-02,2020-02-03,5,3,AMD,-0.011661836067318854,-0.09079551371904782,0.038733873232415617,0.3763256319233641,0.6696801138944442,0.5540453414428776,0.6081714493038755,0.5391025411385135
2020-02,2020-02-03,5,4,AAPL,-0.029614383929760124,-0.21764469436861167,-0.061244717953943706,0.21017338042570977,0.3784524272925216,0.5050394790434432,0.49097004770098707,0.5418647875768468
2020-02,2020-02-03,5,5,NVDA,0.15089820177462143,0.012005934688699815,0.1773360605371488,0.1871629742407641,0.3822263077611754,0.46498932649954594,0.4597709837295103,0.44878962817596135
2020-02,2020-02-03,5,6,LRCX,-0.0262933811693018,-0.27159331685787114,-0.2334653407730144,0.11323606290856159,0.34454249209452237,0.4620324867056125,0.51305013159386,0.6270783456846647
2020-02,2020-02-03,5,7,ALGN,-0.09011146417974891,-0.3787052632448632,-0.19666433058803368,-0.015639605270859613,0.3879319804543535,0.4221797485486096,0.2504076928123453,-0.06868370474961283
2020-02,2020-02-03,5,8,ADSK,-0.04230649858565605,-0.3013148396130918,-0.12225234006776953,0.32618964730007294,0.36751070843147815,0.4116897139433666,0.29836445508515297,0.17703350705465537
2020-02,2020-02-03,5,9,INTC,-0.09241686753490796,-0.19069416922448368,-0.10349240200465004,0.1462492650381788,0.276094584145661,0.37876882573263404,0.3174118946393536,0.3571673783455498
2020-02,2020-02-03,5,10,LULU,-0.0709096138610279,-0.2551852756553531,-0.11235131397642428,0.22761468992018208,0.2785821370888426,0.3722290538607058,0.32849824303824415,0.3691025245643613
2020-02,2020-02-03,6,1,TSLA,-0.04664098299466646,-0.38261538285475516,-0.10087181971623349,1.489547143643243,2.1877066638480094,2.4665126106062054,2.3354714234154876,2.4335519643352588
2020-02,2020-02-03,6,2,AMD,-0.011661836067318854,-0.09079551371904782,0.038733873232415617,0.3763256319233641,0.6696801138944442,0.5540453414428776,0.6081714493038755,0.5391025411385135
2020-02,2020-02-03,6,3,LRCX,-0.0262933811693018,-0.27159331685787114,-0.2334653407730144,0.11323606290856159,0.34454249209452237,0.4620324867056125,0.51305013159386,0.6270783456846647
2020-02,2020-02-03,6,4,NTES,-0.05899872044685994,-0.015475067756692384,-0.009507803461793363,0.16581210164508553,0.2846784207066275,0.30615323125692573,0.506804426706519,0.2901697961703815
2020-02,2020-02-03,6,5,AAPL,-0.029614383929760124,-0.21764469436861167,-0.061244717953943706,0.21017338042570977,0.3784524272925216,0.5050394790434432,0.49097004770098707,0.5418647875768468
2020-02,2020-02-03,6,6,NVDA,0.15089820177462143,0.012005934688699815,0.1773360605371488,0.1871629742407641,0.3822263077611754,0.46498932649954594,0.4597709837295103,0.44878962817596135
2020-02,2020-02-03,6,7,SWKS,-0.09002685844688307,-0.2804520582822354,-0.13750222074033858,0.17545507020452877,0.4926656626488446,0.5578697680492495,0.4044050682565614,0.41915043805083707
2020-02,2020-02-03,6,8,CHTR,-0.06563289862106769,-0.20302601539708076,-0.0421200519851368,0.11662603997093002,0.31176030519383446,0.2919792888643187,0.3841770670541955,0.33768291058550415
2020-02,2020-02-03,6,9,JD,0.10459197811885068,0.04362257594199792,0.05561240350888297,0.24483944375398448,0.3905638320694229,0.33106938687169274,0.3701501252394248,0.25681302790204663
2020-02,2020-02-03,6,10,LULU,-0.0709096138610279,-0.2551852756553531,-0.11235131397642428,0.22761468992018208,0.2785821370888426,0.3722290538607058,0.32849824303824415,0.3691025245643613
2020-01,2020-01-02,4,1,TSLA,0.8128573411078648,0.7283038926894965,0.11923023547882572,0.7583880383549395,0.9121816879908304,0.8398973530797134,0.8940000884112387,1.4040902223811234
2020-01,2020-01-02,4,2,SWKS,-0.054573643846395736,-0.1396874085837887,-0.3197204113839478,0.5788280630568012,0.6477960000896579,0.4854727278497686,0.5010692570752349,0.8373076354166935
2020-01,2020-01-02,4,3,ALGN,-0.10807948813775436,-0.18845175139361248,-0.44585448037603925,0.5561162256000625,0.5945140061632093,0.4019272751129046,0.04416961249818874,0.0012705962948480476
2020-01,2020-01-02,4,4,AMD,-0.021995886963757094,-0.03340121060314938,-0.11079427282622445,0.7072322003952238,0.5889967339894897,0.6443401698089586,0.5737178613291551,0.7802755116006286
2020-01,2020-01-02,4,5,AAPL,0.027667496835141137,-0.002766242968270327,-0.19599888142609934,0.341340882666501,0.4645198799012735,0.4508292344485516,0.5003537548139401,0.744929260814424
2020-01,2020-01-02,4,6,NVDA,0.00175073733160791,0.1529131222213489,0.01377769125836803,0.37981062179504943,0.4624289974588687,0.4572197746696387,0.44625761098528716,0.7964169790942757
2020-01,2020-01-02,4,7,LRCX,0.03541574631874633,0.00819116543209053,-0.2457962505508301,0.29855325928239584,0.41202458230293804,0.4612972006397098,0.5714251511718642,0.7538516003940712
2020-01,2020-01-02,4,8,ASML,-0.048442979430221245,-0.05065571333280394,-0.17772353149466458,0.23943574093362052,0.3823521264028722,0.3734877767751461,0.4148256010227067,0.6266184932232626
2020-01,2020-01-02,4,9,BIIB,-0.07310352080596938,0.11436251200001335,-0.0032966328605791295,0.29507039694813475,0.3532008228967165,0.2105652645020022,0.24947973744438312,0.31727625315121966
2020-01,2020-01-02,4,10,BIDU,-0.05592530501570592,-0.1262480424216853,-0.29330053941176715,0.3550980511833639,0.3476989519401692,0.2656350368961322,0.1712566623051346,0.28242719230066804
2020-01,2020-01-02,5,1,TSLA,0.8128573411078648,0.7283038926894965,0.11923023547882572,0.7583880383549395,0.9121816879908304,0.8398973530797134,0.8940000884112387,1.4040902223811234
2020-01,2020-01-02,5,2,AMD,-0.021995886963757094,-0.03340121060314938,-0.11079427282622445,0.7072322003952238,0.5889967339894897,0.6443401698089586,0.5737178613291551,0.7802755116006286
2020-01,2020-01-02,5,3,NTES,0.0024338161821721993,-0.056708496305238776,-0.013078915044846595,0.2815593408444663,0.30298201254970314,0.5031460455367236,0.2870373837587288,0.3819901838341013
2020-01,2020-01-02,5,4,SWKS,-0.054573643846395736,-0.1396874085837887,-0.3197204113839478,0.5788280630568012,0.6477960000896579,0.4854727278497686,0.5010692570752349,0.8373076354166935
2020-01,2020-01-02,5,5,LRCX,0.03541574631874633,0.00819116543209053,-0.2457962505508301,0.29855325928239584,0.41202458230293804,0.4612972006397098,0.5714251511718642,0.7538516003940712
2020-01,2020-01-02,5,6,NVDA,0.00175073733160791,0.1529131222213489,0.01377769125836803,0.37981062179504943,0.4624289974588687,0.4572197746696387,0.44625761098528716,0.7964169790942757
2020-01,2020-01-02,5,7,AAPL,0.027667496835141137,-0.002766242968270327,-0.19599888142609934,0.341340882666501,0.4645198799012735,0.4508292344485516,0.5003537548139401,0.744929260814424
2020-01,2020-01-02,5,8,ALGN,-0.10807948813775436,-0.18845175139361248,-0.44585448037603925,0.5561162256000625,0.5945140061632093,0.4019272751129046,0.04416961249818874,0.0012705962948480476
2020-01,2020-01-02,5,9,ASML,-0.048442979430221245,-0.05065571333280394,-0.17772353149466458,0.23943574093362052,0.3823521264028722,0.3734877767751461,0.4148256010227067,0.6266184932232626
2020-01,2020-01-02,5,10,KLAC,-0.06923388138471132,-0.12623161152297058,-0.27556602613985715,0.15896766549429842,0.22359083222686782,0.3488057705898173,0.5155781017296215,0.812499176797713
2020-01,2020-01-02,6,1,TSLA,0.8128573411078648,0.7283038926894965,0.11923023547882572,0.7583880383549395,0.9121816879908304,0.8398973530797134,0.8940000884112387,1.4040902223811234
2020-01,2020-01-02,6,2,AMD,-0.021995886963757094,-0.03340121060314938,-0.11079427282622445,0.7072322003952238,0.5889967339894897,0.6443401698089586,0.5737178613291551,0.7802755116006286
2020-01,2020-01-02,6,3,LRCX,0.03541574631874633,0.00819116543209053,-0.2457962505508301,0.29855325928239584,0.41202458230293804,0.4612972006397098,0.5714251511718642,0.7538516003940712
2020-01,2020-01-02,6,4,KLAC,-0.06923388138471132,-0.12623161152297058,-0.27556602613985715,0.15896766549429842,0.22359083222686782,0.3488057705898173,0.5155781017296215,0.812499176797713
2020-01,2020-01-02,6,5,SWKS,-0.054573643846395736,-0.1396874085837887,-0.3197204113839478,0.5788280630568012,0.6477960000896579,0.4854727278497686,0.5010692570752349,0.8373076354166935
2020-01,2020-01-02,6,6,AAPL,0.027667496835141137,-0.002766242968270327,-0.19599888142609934,0.341340882666501,0.4645198799012735,0.4508292344485516,0.5003537548139401,0.744929260814424
2020-01,2020-01-02,6,7,NVDA,0.00175073733160791,0.1529131222213489,0.01377769125836803,0.37981062179504943,0.4624289974588687,0.4572197746696387,0.44625761098528716,0.7964169790942757
2020-01,2020-01-02,6,8,ASML,-0.048442979430221245,-0.05065571333280394,-0.17772353149466458,0.23943574093362052,0.3823521264028722,0.3734877767751461,0.4148256010227067,0.6266184932232626
2020-01,2020-01-02,6,9,MU,-0.029066866038389705,-0.014443243964007535,-0.27983396738758126,0.3094563245931101,0.23116253360359118,0.2704131639969036,0.380952473838833,0.6944020269908437
2020-01,2020-01-02,6,10,AMAT,-0.03987145024539818,-0.02974957054981353,-0.30166475293293704,0.2478024737917548,0.3109655563218132,0.2935183073317038,0.3725222129164274,0.6167309809230819
2019-12,2019-12-02,4,1,TSLA,0.28485679293232424,1.3292620693396717,1.2206229967734785,0.4882449923674479,0.43198632190025266,0.4740943106108473,0.8710958572234839,0.4310072112423613
2019-12,2019-12-02,4,2,NTES,0.07317367453855761,0.07578558199393082,0.0123156091811083,0.21413900048373646,0.40065497430604147,0.19928154621583327,0.2877600491163077,0.1071267962929392
2019-12,2019-12-02,4,3,ALGN,0.03404533229776319,-0.07771375792821311,-0.16082232159414023,0.5420155735532626,0.355769646962834,0.009790944249927769,-0.03169564716286277,-0.14626252734060297
2019-12,2019-12-02,4,4,AMD,0.26775107292670985,0.23986576362843204,0.22540665234751622,0.253398058911642,0.2970528717541221,0.24134610881937202,0.40427844994105433,0.4446102317695422
2019-12,2019-12-02,4,5,LRCX,0.13780184385693084,0.1780979453199698,0.14712176698890045,0.24101098088964634,0.28431607711777973,0.3811061738527628,0.5414385289171701,0.30314892658337955
2019-12,2019-12-02,4,6,AAPL,0.13700051978224237,0.16845847806487124,0.1338553000894751,0.2880555940130596,0.2760145744932583,0.3195717404784362,0.5346776280705761,0.268211803339627
2019-12,2019-12-02,4,7,AMGN,0.028353924607786185,-0.07109835719838653,-0.08469099691578108,0.14359329647930208,0.272561737387357,0.2701713567920607,0.3732677331380354,0.35536686251760163
2019-12,2019-12-02,4,8,NVDA,0.14652337336996069,0.14853063464128047,0.3218418420917146,0.27553352284513055,0.2709900282158684,0.26142880692813253,0.5668385144335013,0.16280218059310547
2019-12,2019-12-02,4,9,VRTX,-0.006069099047229298,0.04402373982640828,0.05208569387063022,0.23553439875033333,0.2314685791402158,0.21419928361561458,0.32495195688201695,0.27920037936566233
2019-12,2019-12-02,4,10,CHTR,0.04273596555049197,0.13122701716408613,0.05698130902914289,0.14210434268377714,0.22360679691353114,0.18250615507662626,0.245412403478511,0.2675991152995101
2019-12,2019-12-02,5,1,TSLA,0.28485679293232424,1.3292620693396717,1.2206229967734785,0.4882449923674479,0.43198632190025266,0.4740943106108473,0.8710958572234839,0.4310072112423613
2019-12,2019-12-02,5,2,LRCX,0.13780184385693084,0.1780979453199698,0.14712176698890045,0.24101098088964634,0.28431607711777973,0.3811061738527628,0.5414385289171701,0.30314892658337955
2019-12,2019-12-02,5,3,KLAC,0.13355252491447622,0.05507228386120744,-0.009537637051410308,0.07943020312992077,0.1898926083655288,0.3370162109108865,0.5989547347481419,0.3009758477961222
2019-12,2019-12-02,5,4,AAPL,0.13700051978224237,0.16845847806487124,0.1338553000894751,0.2880555940130596,0.2760145744932583,0.3195717404784362,0.5346776280705761,0.268211803339627
2019-12,2019-12-02,5,5,AMGN,0.028353924607786185,-0.07109835719838653,-0.08469099691578108,0.14359329647930208,0.272561737387357,0.2701713567920607,0.3732677331380354,0.35536686251760163
2019-12,2019-12-02,5,6,NVDA,0.14652337336996069,0.14853063464128047,0.3218418420917146,0.27553352284513055,0.2709900282158684,0.26142880692813253,0.5668385144335013,0.16280218059310547
2019-12,2019-12-02,5,7,JBHT,0.02799167305018857,-0.0339396260674667,-0.1533146792634833,0.07424674987936553,0.13187534310382776,0.2588792021348123,0.346700875143517,0.25461633548057105
2019-12,2019-12-02,5,8,LULU,0.0349842567833718,0.09240454241426477,0.014942558131636474,0.25615465753009037,0.21612295761989553,0.2532925957434973,0.3762739091925571,0.2838276377870752
2019-12,2019-12-02,5,9,AMAT,0.09700156102153668,0.05326251786214242,0.06436623568867095,0.19504438544374691,0.1791398966900004,0.2511579396827146,0.4737727259180644,0.32423258764901486
2019-12,2019-12-02,5,10,BIIB,0.006327081956481573,-0.06723897081693464,0.1214131749426679,0.34469284108487863,0.2029540754765784,0.2416238813877183,0.3089941399472196,0.274030564916939
2019-12,2019-12-02,6,1,TSLA,0.28485679293232424,1.3292620693396717,1.2206229967734785,0.4882449923674479,0.43198632190025266,0.4740943106108473,0.8710958572234839,0.4310072112423613
2019-12,2019-12-02,6,2,KLAC,0.13355252491447622,0.05507228386120744,-0.009537637051410308,0.07943020312992077,0.1898926083655288,0.3370162109108865,0.5989547347481419,0.3009758477961222
2019-12,2019-12-02,6,3,NVDA,0.14652337336996069,0.14853063464128047,0.3218418420917146,0.27553352284513055,0.2709900282158684,0.26142880692813253,0.5668385144335013,0.16280218059310547
2019-12,2019-12-02,6,4,LRCX,0.13780184385693084,0.1780979453199698,0.14712176698890045,0.24101098088964634,0.28431607711777973,0.3811061738527628,0.5414385289171701,0.30314892658337955
2019-12,2019-12-02,6,5,AAPL,0.13700051978224237,0.16845847806487124,0.1338553000894751,0.2880555940130596,0.2760145744932583,0.3195717404784362,0.5346776280705761,0.268211803339627
2019-12,2019-12-02,6,6,SWKS,0.23698653224363198,0.16947966979017992,0.06419508910147198,0.33210504491176973,0.20088027567724231,0.21348876317401166,0.48530932837579566,0.12947802578605794
2019-12,2019-12-02,6,7,AMAT,0.09700156102153668,0.05326251786214242,0.06436623568867095,0.19504438544374691,0.1791398966900004,0.2511579396827146,0.4737727259180644,0.32423258764901486
2019-12,2019-12-02,6,8,ASML,0.14021628563381938,0.08498081156285697,0.08245781633135807,0.21235957056555743,0.20458530024560795,0.24083967125258043,0.42658766912723367,0.2924238348262491
2019-12,2019-12-02,6,9,MU,0.1940075756591937,0.15930151740868537,0.17676223294907478,0.03111785779406362,0.06399087400725034,0.156569273085583,0.41908817124161857,0.1071597727328959
2019-12,2019-12-02,6,10,AMD,0.26775107292670985,0.23986576362843204,0.22540665234751622,0.253398058911642,0.2970528717541221,0.24134610881937202,0.40427844994105433,0.4446102317695422
2019-11,2019-11-01,4,1,LRCX,-0.055056443030966906,0.0751585214600925,0.11323606290856159,0.3591458110337358,0.461575311738988,0.6312493138335509,0.3790759426555732,0.5228821337386107
2019-11,2019-11-01,4,2,KLAC,-0.06136779463996411,0.0639889063519119,-0.009675175385105095,0.26768781378976403,0.42443036076952056,0.703494431170538,0.38603367790592724,0.429148819947198
2019-11,2019-11-01,4,3,TSLA,0.06881367125383675,0.3732725058894282,1.489547143643243,0.33979042410673355,0.3791873646990047,0.7506286713459434,0.33887435175078884,0.08344277271677703
2019-11,2019-11-01,4,4,JBHT,-0.044467102065292474,-0.017720137597604824,-0.07689753131635924,0.18454879528508905,0.3174629621395124,0.4093715434123528,0.31300171683497613,0.16526525962082328
2019-11,2019-11-01,4,5,AAPL,0.03570079993764441,0.17759234786798594,0.21017338042570977,0.2320301138804588,0.2740858562220696,0.48177700370896037,0.2244963057052587,0.34794480125152827
2019-11,2019-11-01,4,6,BIIB,-0.022760686098774574,-0.01657761286862569,-0.08846925180734022,0.23097183910282904,0.2705422957566519,0.33948166158154214,0.30370375689338225,0.28693709466073636
2019-11,2019-11-01,4,7,ASML,-0.01425237840964444,0.12396549166212689,0.06951725446925994,0.22200173133787593,0.25878028419756394,0.44721390940375705,0.31111027459657237,0.42231763535879674
2019-11,2019-11-01,4,8,NVDA,0.03363631620635843,0.18508819609461336,0.1871629742407641,0.2296298110738244,0.22037972848885157,0.5158508750777024,0.12496258341697031,0.11379156016715353
2019-11,2019-11-01,4,9,AMAT,0.025893720713349166,0.12540701306473645,0.08053540333750364,0.1493782181160952,0.2195785142468063,0.43657446786328435,0.2908087464734821,0.3614218755379863
2019-11,2019-11-01,4,10,SWKS,0.005109452150990235,0.2433068557415503,0.17545507020452877,0.194775626781035,0.2073200193044431,0.47775879054480175,0.1237363486821379,0.18564502531348714
2019-11,2019-11-01,5,1,TSLA,0.06881367125383675,0.3732725058894282,1.489547143643243,0.33979042410673355,0.3791873646990047,0.7506286713459434,0.33887435175078884,0.08344277271677703
2019-11,2019-11-01,5,2,KLAC,-0.06136779463996411,0.0639889063519119,-0.009675175385105095,0.26768781378976403,0.42443036076952056,0.703494431170538,0.38603367790592724,0.429148819947198
2019-11,2019-11-01,5,3,LRCX,-0.055056443030966906,0.0751585214600925,0.11323606290856159,0.3591458110337358,0.461575311738988,0.6312493138335509,0.3790759426555732,0.5228821337386107
2019-11,2019-11-01,5,4,NVDA,0.03363631620635843,0.18508819609461336,0.1871629742407641,0.2296298110738244,0.22037972848885157,0.5158508750777024,0.12496258341697031,0.11379156016715353
2019-11,2019-11-01,5,5,AAPL,0.03570079993764441,0.17759234786798594,0.21017338042570977,0.2320301138804588,0.2740858562220696,0.48177700370896037,0.2244963057052587,0.34794480125152827
2019-11,2019-11-01,5,6,WDC,-0.09901551622623228,0.2287023247401454,0.2590360275074366,-0.021655708514339955,0.09381453702868692,0.48141022064279726,0.08131309527054298,0.11398668310558357
2019-11,2019-11-01,5,7,MU,-0.04113274440469683,0.1448947672323324,0.11161626440513661,0.10963312992337215,0.20618288541675,0.479963115812722,0.15465385461048697,0.14508859314374756
2019-11,2019-11-01,5,8,SWKS,0.005109452150990235,0.2433068557415503,0.17545507020452877,0.194775626781035,0.2073200193044431,0.47775879054480175,0.1237363486821379,0.18564502531348714
2019-11,2019-11-01,5,9,ASML,-0.01425237840964444,0.12396549166212689,0.06951725446925994,0.22200173133787593,0.25878028419756394,0.44721390940375705,0.31111027459657237,0.42231763535879674
2019-11,2019-11-01,5,10,AMAT,0.025893720713349166,0.12540701306473645,0.08053540333750364,0.1493782181160952,0.2195785142468063,0.43657446786328435,0.2908087464734821,0.3614218755379863
2019-11,2019-11-01,6,1,KLAC,-0.06136779463996411,0.0639889063519119,-0.009675175385105095,0.26768781378976403,0.42443036076952056,0.703494431170538,0.38603367790592724,0.429148819947198
2019-11,2019-11-01,6,2,LRCX,-0.055056443030966906,0.0751585214600925,0.11323606290856159,0.3591458110337358,0.461575311738988,0.6312493138335509,0.3790759426555732,0.5228821337386107
2019-11,2019-11-01,6,3,TSLA,0.06881367125383675,0.3732725058894282,1.489547143643243,0.33979042410673355,0.3791873646990047,0.7506286713459434,0.33887435175078884,0.08344277271677703
2019-11,2019-11-01,6,4,JBHT,-0.044467102065292474,-0.017720137597604824,-0.07689753131635924,0.18454879528508905,0.3174629621395124,0.4093715434123528,0.31300171683497613,0.16526525962082328
2019-11,2019-11-01,6,5,ASML,-0.01425237840964444,0.12396549166212689,0.06951725446925994,0.22200173133787593,0.25878028419756394,0.44721390940375705,0.31111027459657237,0.42231763535879674
2019-11,2019-11-01,6,6,BIIB,-0.022760686098774574,-0.01657761286862569,-0.08846925180734022,0.23097183910282904,0.2705422957566519,0.33948166158154214,0.30370375689338225,0.28693709466073636
2019-11,2019-11-01,6,7,AMD,0.11006019546469781,0.40728000381360374,0.3763256319233641,0.16845273531418248,0.11826918386143448,0.2650471169747599,0.30138008521672455,0.323596304316744
2019-11,2019-11-01,6,8,AMAT,0.025893720713349166,0.12540701306473645,0.08053540333750364,0.1493782181160952,0.2195785142468063,0.43657446786328435,0.2908087464734821,0.3614218755379863
2019-11,2019-11-01,6,9,CHTR,-0.012907203392083066,0.02927716035889172,0.11662603997093002,0.23960665209834353,0.19796857918549815,0.2616973882884095,0.284174213058322,0.37623479090276124
2019-11,2019-11-01,6,10,AMGN,0.07837291580628158,0.1089490201601313,0.0017023730452208063,0.1800757592617055,0.1778591043733464,0.27346274466775333,0.2568628557443102,0.15442328598828903
2019-10,2019-10-01,4,1,WDC,-0.07308584541942476,-0.16486472893262205,0.1389015765676993,0.18006023710322272,0.5982172818507978,0.16657307467683746,0.2018229278305259,0.15993274909088795
2019-10,2019-10-01,4,2,KLAC,0.08926668180031982,0.022420787763442807,0.15896766549429842,0.3076966224793072,0.5638910650925573,0.27244659279866745,0.31202839839471386,0.3843272483642921
2019-10,2019-10-01,4,3,TSLA,0.28043635244563747,0.3685478786642933,0.7583880383549395,0.0771229370868396,0.36721256624918297,0.04563912856233321,-0.153848787058101,-0.16995140657341368
2019-10,2019-10-01,4,4,LRCX,0.20777841905482686,0.14128243533210338,0.29855325928239584,0.21013531015297948,0.3506196899180567,0.14182860108959305,0.26089530141660844,0.32570163717417544
2019-10,2019-10-01,4,5,ASML,0.10273469259339585,0.08701810046911174,0.23943574093362052,0.1415078283582265,0.3123863057216598,0.18896257041947395,0.2898094572628438,0.3411622187411778
2019-10,2019-10-01,4,6,NVDA,0.16431049295920097,0.20347360886275778,0.37981062179504943,0.04815660072524608,0.301930098753151,-0.03379503129120165,-0.04338957099291352,0.11454763494483244
2019-10,2019-10-01,4,7,AAPL,0.13905366750639914,0.17971879460828544,0.341340882666501,0.11854769671325593,0.30088427435806997,0.07501195126820437,0.18339007169208332,0.29343008369090917
2019-10,2019-10-01,4,8,AMAT,0.10875661810006676,0.1374664523082274,0.2478024737917548,0.09995150814670284,0.29566258673157386,0.16419485160356873,0.2278816228135614,0.309718882735611
2019-10,2019-10-01,4,9,MU,0.14373509432538412,0.09669013102381618,0.3094563245931101,0.05459987317098092,0.2939736860008282,0.009546581493630857,0.001183402367452846,0.017316017723301602
2019-10,2019-10-01,4,10,JBHT,0.10598655402798607,0.05680653704718264,0.08638832010950948,0.19121065020305394,0.2743116435542938,0.187176925481638,0.05359803460263146,0.01655193297268376
2019-10,2019-10-01,5,1,KLAC,0.08926668180031982,0.022420787763442807,0.15896766549429842,0.3076966224793072,0.5638910650925573,0.27244659279866745,0.31202839839471386,0.3843272483642921
2019-10,2019-10-01,5,2,TTWO,-0.04889758324922444,-0.017736557157453148,-0.006752923328653182,0.05993450010786816,0.160075575293809,0.24088843892194256,0.28446024167854667,0.39164406801183693
2019-10,2019-10-01,5,3,CTAS,0.024772150557360817,-0.015295075895776389,0.04204275931403778,0.09846345260544642,0.1745826602917302,0.2144314274101542,0.2800761774551077,0.2593712370089609
2019-10,2019-10-01,5,4,ASML,0.10273469259339585,0.08701810046911174,0.23943574093362052,0.1415078283582265,0.3123863057216598,0.18896257041947395,0.2898094572628438,0.3411622187411778
2019-10,2019-10-01,5,5,JBHT,0.10598655402798607,0.05680653704718264,0.08638832010950948,0.19121065020305394,0.2743116435542938,0.187176925481638,0.05359803460263146,0.01655193297268376
2019-10,2019-10-01,5,6,COST,0.045092571072610665,0.049681126464018455,0.028856481111127374,0.07971221889109104,0.18039644767993868,0.18103662918193475,0.1684614204505348,0.3002486673807203
2019-10,2019-10-01,5,7,XEL,-0.028483462303103613,-0.057736502148946545,-0.03335677444656293,0.0999250900487707,0.13574469895728636,0.17739516547338363,0.1843874564637653,0.20703459591416262
2019-10,2019-10-01,5,8,WDC,-0.07308584541942476,-0.16486472893262205,0.1389015765676993,0.18006023710322272,0.5982172818507978,0.16657307467683746,0.2018229278305259,0.15993274909088795
2019-10,2019-10-01,5,9,AMAT,0.10875661810006676,0.1374664523082274,0.2478024737917548,0.09995150814670284,0.29566258673157386,0.16419485160356873,0.2278816228135614,0.309718882735611
2019-10,2019-10-01,5,10,HAS,-0.1707511041263865,-0.13592673425946444,-0.09430979309447474,0.10640592739553423,0.21297731125257435,0.1533323934571722,0.38347521265490814,0.34669547725416594
2019-10,2019-10-01,6,1,HAS,-0.1707511041263865,-0.13592673425946444,-0.09430979309447474,0.10640592739553423,0.21297731125257435,0.1533323934571722,0.38347521265490814,0.34669547725416594
2019-10,2019-10-01,6,2,QCOM,0.1074595964771019,0.09248700765565321,0.18428086178896952,-0.018715354553431318,0.15158281359762138,-0.11121324601062033,0.3278758257607781,0.4327885161241707
2019-10,2019-10-01,6,3,KLAC,0.08926668180031982,0.022420787763442807,0.15896766549429842,0.3076966224793072,0.5638910650925573,0.27244659279866745,0.31202839839471386,0.3843272483642921
2019-10,2019-10-01,6,4,ASML,0.10273469259339585,0.08701810046911174,0.23943574093362052,0.1415078283582265,0.3123863057216598,0.18896257041947395,0.2898094572628438,0.3411622187411778
2019-10,2019-10-01,6,5,TTWO,-0.04889758324922444,-0.017736557157453148,-0.006752923328653182,0.05993450010786816,0.160075575293809,0.24088843892194256,0.28446024167854667,0.39164406801183693
2019-10,2019-10-01,6,6,CTAS,0.024772150557360817,-0.015295075895776389,0.04204275931403778,0.09846345260544642,0.1745826602917302,0.2144314274101542,0.2800761774551077,0.2593712370089609
2019-10,2019-10-01,6,7,LRCX,0.20777841905482686,0.14128243533210338,0.29855325928239584,0.21013531015297948,0.3506196899180567,0.14182860108959305,0.26089530141660844,0.32570163717417544
2019-10,2019-10-01,6,8,AMAT,0.10875661810006676,0.1374664523082274,0.2478024737917548,0.09995150814670284,0.29566258673157386,0.16419485160356873,0.2278816228135614,0.309718882735611
2019-10,2019-10-01,6,9,WDC,-0.07308584541942476,-0.16486472893262205,0.1389015765676993,0.18006023710322272,0.5982172818507978,0.16657307467683746,0.2018229278305259,0.15993274909088795
2019-10,2019-10-01,6,10,TXN,-0.07512354318003278,-0.06924700182938248,0.01521703757749493,0.10381751551518259,0.22997374300793805,0.11969979795832764,0.19854512636783417,0.21965070745660897
2019-09,2019-09-03,4,1,TTWO,-0.06645905936973762,-0.11210695523076508,-0.08301686162204891,0.24266170320351033,0.3292276588150278,0.37590135126946644,0.4907156263251775,0.25450221525056027
2019-09,2019-09-03,4,2,SBUX,-0.10602455691786283,-0.14012618587808123,-0.12170347525827352,0.2744264195676769,0.25886779994248443,0.3194622699866707,0.3773806237311286,0.4402689426373343
2019-09,2019-09-03,4,3,IDXX,-0.059773407398486245,-0.032193763588392876,-0.12157433288931652,0.1648682390901115,0.22225066032759155,0.2707888804961329,0.32487378444834447,0.3929300797100459
2019-09,2019-09-03,4,4,COST,-0.027803145821497788,0.016035709922114894,0.020496689038865146,0.21415374119613184,0.21481223078005152,0.20187739286389106,0.3374335267515538,0.39953001952200595
2019-09,2019-09-03,4,5,KLAC,0.05575924907707219,0.15000337402217978,0.07943020312992077,0.4812951593459267,0.20524314033812163,0.24273445820310657,0.31121489068123154,0.42927524798202743
2019-09,2019-09-03,4,6,CTAS,0.009464219302844912,0.03447081892568393,-0.0059756125454626385,0.16357037508760763,0.20304554058276914,0.26807483908558183,0.24756401755250557,0.3781343822483234
2019-09,2019-09-03,4,7,MELI,-0.052616191607949614,-0.15662650602409633,-0.0017211703958691649,0.021502505492165813,0.1986053820306728,0.12138352169716171,0.28642277290744045,0.5932649431396082
2019-09,2019-09-03,4,8,AMGN,-0.05999432502107016,0.060480358619037,0.14359329647930208,0.20083576684632143,0.18518258780483543,0.08858525912878279,0.09205890806742456,0.12456365760466537
2019-09,2019-09-03,4,9,XEL,-0.0024634897653204035,-0.030876783350559434,-0.06005775863213769,0.13854950400772004,0.18030282941362286,0.18731238838077946,0.21001545660739462,0.2745307697543955
2019-09,2019-09-03,4,10,JBHT,0.016502748819961388,0.12423837232736479,0.07424674987936553,0.2536234112830662,0.16790331050241525,0.03649305014249404,4.8385656388427734e-05,-0.003223258743449975
2019-09,2019-09-03,5,1,TTWO,-0.06645905936973762,-0.11210695523076508,-0.08301686162204891,0.24266170320351033,0.3292276588150278,0.37590135126946644,0.4907156263251775,0.25450221525056027
2019-09,2019-09-03,5,2,SBUX,-0.10602455691786283,-0.14012618587808123,-0.12170347525827352,0.2744264195676769,0.25886779994248443,0.3194622699866707,0.3773806237311286,0.4402689426373343
2019-09,2019-09-03,5,3,QCOM,0.012635854101374688,0.12145329436135399,0.10629151409203752,0.13721315410024637,-0.12230368854744955,0.31130635003947305,0.41490992079837463,0.5458197454111713
2019-09,2019-09-03,5,4,HAS,0.07048183347819759,-0.11230412153544322,-0.0750252662305777,0.13311340119746085,0.07739557775565187,0.29238551219476183,0.2580273995668829,0.21977945765236062
2019-09,2019-09-03,5,5,IDXX,-0.059773407398486245,-0.032193763588392876,-0.12157433288931652,0.1648682390901115,0.22225066032759155,0.2707888804961329,0.32487378444834447,0.3929300797100459
2019-09,2019-09-03,5,6,CTAS,0.009464219302844912,0.03447081892568393,-0.0059756125454626385,0.16357037508760763,0.20304554058276914,0.26807483908558183,0.24756401755250557,0.3781343822483234
2019-09,2019-09-03,5,7,KLAC,0.05575924907707219,0.15000337402217978,0.07943020312992077,0.4812951593459267,0.20524314033812163,0.24273445820310657,0.31121489068123154,0.42927524798202743
2019-09,2019-09-03,5,8,VRSK,-0.031145211217704527,-0.09982261309332274,-0.09517807785712973,0.15536974038995233,0.1582605436739679,0.2069237750507129,0.2811355060724863,0.36678176476968316
2019-09,2019-09-03,5,9,COST,-0.027803145821497788,0.016035709922114894,0.020496689038865146,0.21415374119613184,0.21481223078005152,0.20187739286389106,0.3374335267515538,0.39953001952200595
2019-09,2019-09-03,5,10,CHTR,-0.015079749136480247,0.1570384735949324,0.14210434268377714,0.09045413534806723,0.10988030421181882,0.18944600573806625,0.18821055315820145,0.20783100986820013
2019-09,2019-09-03,6,1,TTWO,-0.06645905936973762,-0.11210695523076508,-0.08301686162204891,0.24266170320351033,0.3292276588150278,0.37590135126946644,0.4907156263251775,0.25450221525056027
2019-09,2019-09-03,6,2,QCOM,0.012635854101374688,0.12145329436135399,0.10629151409203752,0.13721315410024637,-0.12230368854744955,0.31130635003947305,0.41490992079837463,0.5458197454111713
2019-09,2019-09-03,6,3,SBUX,-0.10602455691786283,-0.14012618587808123,-0.12170347525827352,0.2744264195676769,0.25886779994248443,0.3194622699866707,0.3773806237311286,0.4402689426373343
2019-09,2019-09-03,6,4,SNPS,-0.023551365539416835,-0.022761528482067694,-0.02714151406143328,0.22802221828153835,0.15971361911448967,0.18457093335003227,0.3496462930267086,0.46924784183272883
2019-09,2019-09-03,6,5,COST,-0.027803145821497788,0.016035709922114894,0.020496689038865146,0.21415374119613184,0.21481223078005152,0.20187739286389106,0.3374335267515538,0.39953001952200595
2019-09,2019-09-03,6,6,IDXX,-0.059773407398486245,-0.032193763588392876,-0.12157433288931652,0.1648682390901115,0.22225066032759155,0.2707888804961329,0.32487378444834447,0.3929300797100459
2019-09,2019-09-03,6,7,KLAC,0.05575924907707219,0.15000337402217978,0.07943020312992077,0.4812951593459267,0.20524314033812163,0.24273445820310657,0.31121489068123154,0.42927524798202743
2019-09,2019-09-03,6,8,AMD,-0.06925564453292454,0.1291262077791553,0.253398058911642,0.12037707411197496,0.15255502551514621,0.1722306108898899,0.3048986157224165,0.2607098869839526
2019-09,2019-09-03,6,9,MELI,-0.052616191607949614,-0.15662650602409633,-0.0017211703958691649,0.021502505492165813,0.1986053820306728,0.12138352169716171,0.28642277290744045,0.5932649431396082
2019-09,2019-09-03,6,10,VRSK,-0.031145211217704527,-0.09982261309332274,-0.09517807785712973,0.15536974038995233,0.1582605436739679,0.2069237750507129,0.2811355060724863,0.36678176476968316
2019-08,2019-08-01,4,1,HAS,-0.04737426710232784,0.019768541170811726,-0.1543580631874587,0.13097467405006813,0.35665610067409914,0.32058935227400154,0.28043933260344245,0.4634676022636528
2019-08,2019-08-01,4,2,SBUX,0.018418928204817275,-0.08955848741486327,-0.12428823183056725,0.23610015984434818,0.29559872999661074,0.35246958357211455,0.4142205164785364,0.49755227533864965
2019-08,2019-08-01,4,3,TTWO,0.07829652176461344,0.006633949206477308,-0.04258801812634194,0.23271069876008688,0.27599535331694103,0.3824728135871638,0.16341116745660034,0.17392554529704407
2019-08,2019-08-01,4,4,CTAS,0.003474351321165692,0.012971452646849402,0.03806493398212574,0.1988802095428246,0.2636843556749062,0.24324454921042427,0.3733628372602482,0.5465402582426633
2019-08,2019-08-01,4,5,QCOM,0.055056593264820375,0.06838813444600822,0.18319669225449986,-0.16810499355625774,0.2428777360479788,0.3410749052048536,0.46515339108749476,0.2663109569027029
2019-08,2019-08-01,4,6,MELI,-0.07255169817445994,-0.12135049572978007,-0.2178146852073758,0.2923689435534049,0.20910623211006985,0.3870560443911688,0.7179016231993847,1.1021106395040672
2019-08,2019-08-01,4,7,IDXX,0.06626910021709231,0.0025345628933985953,0.031941884883094795,0.14628723656977538,0.19180878470303653,0.24253228774856228,0.3063588539013702,0.47045915773594893
2019-08,2019-08-01,4,8,MNST,-0.09171131072783534,-0.11093603871875701,-0.11361486272439603,0.09527098012769164,0.1910660761713725,-0.01977137506229676,0.09508193699726397,0.3014766462050449
2019-08,2019-08-01,4,9,AMAT,-0.013308701289652003,0.03663707557898177,0.1493782181160952,0.12304959858139708,0.18448553668386403,0.26343048458314855,0.24566493462766759,0.4625772352313422
2019-08,2019-08-01,4,10,MSFT,-0.011350240368853348,-0.0038646292432497065,0.04446328472493799,0.08360221687231073,0.16426687467343037,0.23141424455184811,0.3539876239682982,0.3762147419212303
2019-08,2019-08-01,5,1,MELI,-0.07255169817445994,-0.12135049572978007,-0.2178146852073758,0.2923689435534049,0.20910623211006985,0.3870560443911688,0.7179016231993847,1.1021106395040672
2019-08,2019-08-01,5,2,TTWO,0.07829652176461344,0.006633949206477308,-0.04258801812634194,0.23271069876008688,0.27599535331694103,0.3824728135871638,0.16341116745660034,0.17392554529704407
2019-08,2019-08-01,5,3,SBUX,0.018418928204817275,-0.08955848741486327,-0.12428823183056725,0.23610015984434818,0.29559872999661074,0.35246958357211455,0.4142205164785364,0.49755227533864965
2019-08,2019-08-01,5,4,QCOM,0.055056593264820375,0.06838813444600822,0.18319669225449986,-0.16810499355625774,0.2428777360479788,0.3410749052048536,0.46515339108749476,0.2663109569027029
2019-08,2019-08-01,5,5,HAS,-0.04737426710232784,0.019768541170811726,-0.1543580631874587,0.13097467405006813,0.35665610067409914,0.32058935227400154,0.28043933260344245,0.4634676022636528
2019-08,2019-08-01,5,6,SNPS,0.05093570617551446,0.026184735200949882,0.02701480316657867,0.10350577328353538,0.12715832794456383,0.28423297933061864,0.3980377992670019,0.5766805408782127
2019-08,2019-08-01,5,7,AMAT,-0.013308701289652003,0.03663707557898177,0.1493782181160952,0.12304959858139708,0.18448553668386403,0.26343048458314855,0.24566493462766759,0.4625772352313422
2019-08,2019-08-01,5,8,AMD,0.03482916901944666,-0.03683859206246576,0.16845273531418248,0.11376356602631388,0.13277693167524252,0.26097973925384643,0.21827826729946098,0.5857674312977175
2019-08,2019-08-01,5,9,CDNS,-0.06708654798000191,-0.1061062418244364,-0.10350489408313512,0.06565509104013678,0.12716045487201577,0.25627797871170577,0.5004108557444185,0.6895674690943778
2019-08,2019-08-01,5,10,COST,0.06601612005064905,0.03637751841681358,0.08311044532407963,0.13958148280378047,0.12744767199841878,0.2546091016785086,0.3128600901978018,0.3481889560807909
2019-08,2019-08-01,6,1,MELI,-0.07255169817445994,-0.12135049572978007,-0.2178146852073758,0.2923689435534049,0.20910623211006985,0.3870560443911688,0.7179016231993847,1.1021106395040672
2019-08,2019-08-01,6,2,CDNS,-0.06708654798000191,-0.1061062418244364,-0.10350489408313512,0.06565509104013678,0.12716045487201577,0.25627797871170577,0.5004108557444185,0.6895674690943778
2019-08,2019-08-01,6,3,QCOM,0.055056593264820375,0.06838813444600822,0.18319669225449986,-0.16810499355625774,0.2428777360479788,0.3410749052048536,0.46515339108749476,0.2663109569027029
2019-08,2019-08-01,6,4,SBUX,0.018418928204817275,-0.08955848741486327,-0.12428823183056725,0.23610015984434818,0.29559872999661074,0.35246958357211455,0.4142205164785364,0.49755227533864965
2019-08,2019-08-01,6,5,SNPS,0.05093570617551446,0.026184735200949882,0.02701480316657867,0.10350577328353538,0.12715832794456383,0.28423297933061864,0.3980377992670019,0.5766805408782127
2019-08,2019-08-01,6,6,CTAS,0.003474351321165692,0.012971452646849402,0.03806493398212574,0.1988802095428246,0.2636843556749062,0.24324454921042427,0.3733628372602482,0.5465402582426633
2019-08,2019-08-01,6,7,MSFT,-0.011350240368853348,-0.0038646292432497065,0.04446328472493799,0.08360221687231073,0.16426687467343037,0.23141424455184811,0.3539876239682982,0.3762147419212303
2019-08,2019-08-01,6,8,COST,0.06601612005064905,0.03637751841681358,0.08311044532407963,0.13958148280378047,0.12744767199841878,0.2546091016785086,0.3128600901978018,0.3481889560807909
2019-08,2019-08-01,6,9,IDXX,0.06626910021709231,0.0025345628933985953,0.031941884883094795,0.14628723656977538,0.19180878470303653,0.24253228774856228,0.3063588539013702,0.47045915773594893
2019-08,2019-08-01,6,10,INTU,0.02244931677473283,-0.04914400419618603,-0.0753997223710019,0.1418607050277434,0.04965393785999961,0.11395493274174151,0.30074858531260173,0.437704831090163
2019-07,2019-07-01,4,1,QCOM,-0.08152794493979032,-0.0309600025792367,-0.018715354553431318,0.3532014710741558,0.46011508767889575,0.595207369691229,0.3787147359858334,0.35267819570138625
2019-07,2019-07-01,4,2,MELI,0.011528983346925425,-0.06185916214757892,-0.11122056022726434,0.19532534610071672,0.37124696101312615,0.6983217005954969,1.0781516635822421,0.6760303677603035
2019-07,2019-07-01,4,3,AMD,-0.04294872178912246,-0.00961542106003821,-0.0782051434099944,0.18361153416237896,0.3175675828061544,0.2729498356419564,0.6569304773952853,0.31590054692882275
2019-07,2019-07-01,4,4,TTWO,0.052949288014185525,0.13539155486022247,0.05993450010786816,0.21182982679385276,0.3129528927214005,0.10490712202364527,0.11489276706859664,0.12081964150989455
2019-07,2019-07-01,4,5,IDXX,-0.04233300868829426,0.021130721133542307,-0.03990574146788284,0.24449186984155036,0.29745757034674414,0.3641055458245095,0.5354597903827485,0.3576274609104444
2019-07,2019-07-01,4,6,SNPS,0.008293476812165634,0.059651617085757946,0.034695374507337284,0.11788715673159245,0.2736698281445469,0.38653857375638023,0.5637119322273783,0.41474693775079374
2019-07,2019-07-01,4,7,CDNS,-0.004226279005351552,-0.07102930051608414,-0.10988408624762858,0.13194436758797878,0.26160989412016966,0.5067789238761022,0.6967383587977394,0.5869752604261236
2019-07,2019-07-01,4,8,HAS,0.08495789262654907,0.033558807626480336,0.10640592739553423,0.2504228135433,0.21718028068077166,0.18017421810136525,0.34887041442758515,0.2004304872070637
2019-07,2019-07-01,4,9,NTES,-0.1437709013170636,-0.012237029089736562,0.004274513664465074,0.029029006863487528,0.2144099320091135,0.056841405948519164,0.14907453395711867,0.12163672149790994
2019-07,2019-07-01,4,10,MSFT,0.01754120700438655,0.0059918697196736925,0.013608787499585828,0.1441962906848755,0.21018611931903752,0.3306464786368708,0.35249042736339753,0.22012516642894875
2019-07,2019-07-01,5,1,MELI,0.011528983346925425,-0.06185916214757892,-0.11122056022726434,0.19532534610071672,0.37124696101312615,0.6983217005954969,1.0781516635822421,0.6760303677603035
2019-07,2019-07-01,5,2,QCOM,-0.08152794493979032,-0.0309600025792367,-0.018715354553431318,0.3532014710741558,0.46011508767889575,0.595207369691229,0.3787147359858334,0.35267819570138625
2019-07,2019-07-01,5,3,CDNS,-0.004226279005351552,-0.07102930051608414,-0.10988408624762858,0.13194436758797878,0.26160989412016966,0.5067789238761022,0.6967383587977394,0.5869752604261236
2019-07,2019-07-01,5,4,SNPS,0.008293476812165634,0.059651617085757946,0.034695374507337284,0.11788715673159245,0.2736698281445469,0.38653857375638023,0.5637119322273783,0.41474693775079374
2019-07,2019-07-01,5,5,IDXX,-0.04233300868829426,0.021130721133542307,-0.03990574146788284,0.24449186984155036,0.29745757034674414,0.3641055458245095,0.5354597903827485,0.3576274609104444
2019-07,2019-07-01,5,6,MSFT,0.01754120700438655,0.0059918697196736925,0.013608787499585828,0.1441962906848755,0.21018611931903752,0.3306464786368708,0.35249042736339753,0.22012516642894875
2019-07,2019-07-01,5,7,ILMN,-0.18617643397066863,-0.2657080610906871,-0.20139214561609886,0.1698965357348421,0.15408806352243354,0.31043632088550743,0.258556377695365,0.058301264852021806
2019-07,2019-07-01,5,8,PYPL,-0.03677302982081332,-0.07198130123088253,-0.1086672808023752,0.08981521071007537,0.1642713528209765,0.2779690898143803,0.3414576283659516,0.307456139812464
2019-07,2019-07-01,5,9,AMD,-0.04294872178912246,-0.00961542106003821,-0.0782051434099944,0.18361153416237896,0.3175675828061544,0.2729498356419564,0.6569304773952853,0.31590054692882275
2019-07,2019-07-01,5,10,CTAS,0.08439724509038249,0.08816482209153076,0.09846345260544642,0.16533342499369819,0.146484422419205,0.2664757711974648,0.42617501588521844,0.26139312660147374
2019-07,2019-07-01,6,1,MELI,0.011528983346925425,-0.06185916214757892,-0.11122056022726434,0.19532534610071672,0.37124696101312615,0.6983217005954969,1.0781516635822421,0.6760303677603035
2019-07,2019-07-01,6,2,CDNS,-0.004226279005351552,-0.07102930051608414,-0.10988408624762858,0.13194436758797878,0.26160989412016966,0.5067789238761022,0.6967383587977394,0.5869752604261236
2019-07,2019-07-01,6,3,AMD,-0.04294872178912246,-0.00961542106003821,-0.0782051434099944,0.18361153416237896,0.3175675828061544,0.2729498356419564,0.6569304773952853,0.31590054692882275
2019-07,2019-07-01,6,4,SNPS,0.008293476812165634,0.059651617085757946,0.034695374507337284,0.11788715673159245,0.2736698281445469,0.38653857375638023,0.5637119322273783,0.41474693775079374
2019-07,2019-07-01,6,5,IDXX,-0.04233300868829426,0.021130721133542307,-0.03990574146788284,0.24449186984155036,0.29745757034674414,0.3641055458245095,0.5354597903827485,0.3576274609104444
2019-07,2019-07-01,6,6,JD,-0.08271874391689249,-0.055786993301803034,-0.09618458432672583,-0.0022393853260893604,0.08562467385047445,0.26634176392315645,0.46638435975350734,0.4170829286433473
2019-07,2019-07-01,6,7,LULU,0.030564046086546615,-0.0022784310589752943,0.07079747546107695,0.08717975050331783,0.18873028896746646,0.2315220569499965,0.45885690453409933,0.28636784425890927
2019-07,2019-07-01,6,8,VRSN,0.007146632808467945,-0.04325802516438848,-0.12939562659542103,0.13621201258030835,0.17058157292446596,0.23909218129041787,0.4299539973363393,0.3266152242089544
2019-07,2019-07-01,6,9,CTAS,0.08439724509038249,0.08816482209153076,0.09846345260544642,0.16533342499369819,0.146484422419205,0.2664757711974648,0.42617501588521844,0.26139312660147374
2019-07,2019-07-01,6,10,META,-0.0013990553024341157,-0.05497398162614486,-0.08906725442740193,0.14404281019622278,0.1893023999343859,0.1646851406231047,0.4224646349593897,0.3679210766092118
2019-06,2019-06-03,4,1,MELI,0.08885837208683411,0.10141180212578371,0.021502505492165813,0.25934372749055035,0.5597269067607071,0.908560118428803,0.5392547008185593,0.6647739783176467
2019-06,2019-06-03,4,2,QCOM,0.17354614580110184,0.07786934024192638,0.13721315410024637,0.24419060375522972,0.35930519255575355,0.17482788462883714,0.15264167543919038,0.0699610011922005
2019-06,2019-06-03,4,3,CDNS,0.1888168163229471,0.18379254477091256,0.10437598941777027,0.0612315344111416,0.2674609773241796,0.42724962795009214,0.33491992932493564,0.3617302779273339
2019-06,2019-06-03,4,4,SNPS,0.15889241188422965,0.16850365922998622,0.22802221828153835,0.09904061419618926,0.19643425009749027,0.3493158779812504,0.22077504627938094,0.2581540318396456
2019-06,2019-06-03,4,5,IDXX,0.14076309230713213,0.09247115840920883,0.1648682390901115,0.13735935103116437,0.19578337958469483,0.34599357284373866,0.19010465018176181,0.19764946484853008
2019-06,2019-06-03,4,6,CTAS,0.06929607672038318,0.15954171978153764,0.16357037508760763,0.07218613008996044,0.18440140085601686,0.33375128454544756,0.1796481386804183,0.24989388801392654
2019-06,2019-06-03,4,7,PAYX,-0.010896582752997541,0.0006885355334564913,-0.03366995195940847,0.09855506388554991,0.18337656876771602,0.3175967710979448,0.2073789894746969,0.3192187447533763
2019-06,2019-06-03,4,8,VRSK,0.054576911879004264,0.09236540343863675,0.15536974038995233,0.10885326254094774,0.18298213722334156,0.29316899807380303,0.1268165459072259,0.21500178297769446
2019-06,2019-06-03,4,9,MSFT,0.13217615299126972,0.15203588925631983,0.13896000499971484,0.0689026757202591,0.17529986400193276,0.1945936361493268,0.07768138659811274,0.1453849378648564
2019-06,2019-06-03,4,10,PYPL,0.09012514822878481,0.050037943644549276,0.011656521554768151,0.06801623163419634,0.1723141071378831,0.23055378599927479,0.19936334093089636,0.24082783300408006
2019-06,2019-06-03,5,1,MELI,0.08885837208683411,0.10141180212578371,0.021502505492165813,0.25934372749055035,0.5597269067607071,0.908560118428803,0.5392547008185593,0.6647739783176467
2019-06,2019-06-03,5,2,AMD,0.13125456306190464,0.08266862556028376,0.12037707411197496,0.16469592771406516,0.1252549843392745,0.4646840167526596,0.16322231078312455,0.3639960860676479
2019-06,2019-06-03,5,3,CDNS,0.1888168163229471,0.18379254477091256,0.10437598941777027,0.0612315344111416,0.2674609773241796,0.42724962795009214,0.33491992932493564,0.3617302779273339
2019-06,2019-06-03,5,4,ALGN,-0.0410843369600693,-0.28578991644612206,-0.37205280579243694,0.07583064650795368,0.1611475710008965,0.4017416097796369,0.2020365336976797,0.22675908667672817
2019-06,2019-06-03,5,5,SNPS,0.15889241188422965,0.16850365922998622,0.22802221828153835,0.09904061419618926,0.19643425009749027,0.3493158779812504,0.22077504627938094,0.2581540318396456
2019-06,2019-06-03,5,6,IDXX,0.14076309230713213,0.09247115840920883,0.1648682390901115,0.13735935103116437,0.19578337958469483,0.34599357284373866,0.19010465018176181,0.19764946484853008
2019-06,2019-06-03,5,7,CTAS,0.06929607672038318,0.15954171978153764,0.16357037508760763,0.07218613008996044,0.18440140085601686,0.33375128454544756,0.1796481386804183,0.24989388801392654
2019-06,2019-06-03,5,8,ULTA,0.029582572893947834,0.045099828756327565,-0.28188142988789644,0.04852527403392459,0.1346788259362559,0.33322581149349806,0.07866493731395119,0.21121081266982
2019-06,2019-06-03,5,9,LULU,0.0981265778372391,0.1316897691711183,0.0956245721356086,0.08250752960434804,0.12147550364865944,0.32849612601793043,0.1714203719505738,0.13664422000724996
2019-06,2019-06-03,5,10,PAYX,-0.010896582752997541,0.0006885355334564913,-0.03366995195940847,0.09855506388554991,0.18337656876771602,0.3175967710979448,0.2073789894746969,0.3192187447533763
2019-06,2019-06-03,6,1,MELI,0.08885837208683411,0.10141180212578371,0.021502505492165813,0.25934372749055035,0.5597269067607071,0.908560118428803,0.5392547008185593,0.6647739783176467
2019-06,2019-06-03,6,2,CDNS,0.1888168163229471,0.18379254477091256,0.10437598941777027,0.0612315344111416,0.2674609773241796,0.42724962795009214,0.33491992932493564,0.3617302779273339
2019-06,2019-06-03,6,3,SNPS,0.15889241188422965,0.16850365922998622,0.22802221828153835,0.09904061419618926,0.19643425009749027,0.3493158779812504,0.22077504627938094,0.2581540318396456
2019-06,2019-06-03,6,4,PAYX,-0.010896582752997541,0.0006885355334564913,-0.03366995195940847,0.09855506388554991,0.18337656876771602,0.3175967710979448,0.2073789894746969,0.3192187447533763
2019-06,2019-06-03,6,5,ALGN,-0.0410843369600693,-0.28578991644612206,-0.37205280579243694,0.07583064650795368,0.1611475710008965,0.4017416097796369,0.2020365336976797,0.22675908667672817
2019-06,2019-06-03,6,6,PYPL,0.09012514822878481,0.050037943644549276,0.011656521554768151,0.06801623163419634,0.1723141071378831,0.23055378599927479,0.19936334093089636,0.24082783300408006
2019-06,2019-06-03,6,7,IDXX,0.14076309230713213,0.09247115840920883,0.1648682390901115,0.13735935103116437,0.19578337958469483,0.34599357284373866,0.19010465018176181,0.19764946484853008
2019-06,2019-06-03,6,8,VRSN,0.1159878057606556,0.12396336082715487,0.0677123771759105,0.04891968073665409,0.11030978554990067,0.28133478695287795,0.1887363081935609,0.3446733207745405
2019-06,2019-06-03,6,9,EBAY,0.1198764534380099,0.15384597306747128,0.11953225082656527,-0.042605606663122075,0.04612061308480575,0.2441039195449013,0.18849013080363664,0.2158670544477288
2019-06,2019-06-03,6,10,CTAS,0.06929607672038318,0.15954171978153764,0.16357037508760763,0.07218613008996044,0.18440140085601686,0.33375128454544756,0.1796481386804183,0.24989388801392654
2019-05,2019-05-01,4,1,MELI,0.17337488218218078,0.27763906406047023,0.2923689435534049,0.32926563406573783,0.6265561393979759,0.3118183490990827,0.41879121804754127,0.4578785082962584
2019-05,2019-05-01,4,2,ALGN,-0.11831701452343846,-0.1545403753907174,-0.37029312127475245,0.31696719810610907,0.5898476355670816,0.3633432350381163,0.39138341885280736,-0.17925008848866353
2019-05,2019-05-01,4,3,CDNS,-0.09979574060726815,0.07017796169162405,0.06565509104013678,0.4079704290437318,0.5854730890885802,0.4829078127506954,0.5126903296880005,0.5210829744038563
2019-05,2019-05-01,4,4,TCOM,-0.2200275757053124,-0.11208086525840577,-0.14354615188964714,0.29853868299010244,0.5781080943459627,0.45036642391632875,0.24827985173903966,0.1716899836282859
2019-05,2019-05-01,4,5,QCOM,-0.22820422162019705,-0.09426203893682084,-0.16810499355625774,0.7612239281863957,0.5222004544973049,0.49345423715439396,0.3863265790832944,0.21656820053354697
2019-05,2019-05-01,4,6,LRCX,-0.15458910482871102,-0.05644551356389349,0.014663718535599113,0.1877796724370302,0.4838227057952289,0.2832208565801211,0.3606230182194634,0.37529432421866016
2019-05,2019-05-01,4,7,SNPS,-0.05562488866255044,0.09442915050129486,0.10350577328353538,0.2669057408798794,0.4287922900364378,0.292680240747224,0.332260895840228,0.22703579204798352
2019-05,2019-05-01,4,8,LULU,-0.0671714189944348,0.02436385736840907,0.0556725615144098,0.20223107062150425,0.4241589002192083,0.2557723849839728,0.21849206076209282,0.08679781509696882
2019-05,2019-05-01,4,9,AMD,0.02872064427833454,0.1637449229558483,0.11376356602631388,0.09383921728202571,0.4237917989680873,0.13074654159307308,0.32591495432126294,-0.1467218522965491
2019-05,2019-05-01,4,10,META,-0.14961403472929258,-0.00015546189180482006,-0.0015542996944548637,0.1648662329313757,0.4226858083866052,0.36813376927322494,0.2720263379171166,0.188315506327553
2019-05,2019-05-01,5,1,QCOM,-0.22820422162019705,-0.09426203893682084,-0.16810499355625774,0.7612239281863957,0.5222004544973049,0.49345423715439396,0.3863265790832944,0.21656820053354697
2019-05,2019-05-01,5,2,CDNS,-0.09979574060726815,0.07017796169162405,0.06565509104013678,0.4079704290437318,0.5854730890885802,0.4829078127506954,0.5126903296880005,0.5210829744038563
2019-05,2019-05-01,5,3,TCOM,-0.2200275757053124,-0.11208086525840577,-0.14354615188964714,0.29853868299010244,0.5781080943459627,0.45036642391632875,0.24827985173903966,0.1716899836282859
2019-05,2019-05-01,5,4,JD,-0.1470198158023711,0.032781373819030346,-0.05264900416404239,0.22614698136979738,0.41984005223786625,0.37210349118056074,0.18664038967276508,0.1847783227714186
2019-05,2019-05-01,5,5,META,-0.14961403472929258,-0.00015546189180482006,-0.0015542996944548637,0.1648662329313757,0.4226858083866052,0.36813376927322494,0.2720263379171166,0.188315506327553
2019-05,2019-05-01,5,6,ALGN,-0.11831701452343846,-0.1545403753907174,-0.37029312127475245,0.31696719810610907,0.5898476355670816,0.3633432350381163,0.39138341885280736,-0.17925008848866353
2019-05,2019-05-01,5,7,AVGO,-0.20608350317968638,-0.049138925935047095,-0.09665784537625466,0.20590904957966405,0.26917547629713723,0.3431616618748581,0.41438616382498683,0.30311024349559457
2019-05,2019-05-01,5,8,MELI,0.17337488218218078,0.27763906406047023,0.2923689435534049,0.32926563406573783,0.6265561393979759,0.3118183490990827,0.41879121804754127,0.4578785082962584
2019-05,2019-05-01,5,9,NFLX,-0.11134875693799884,-0.011113788668735025,-0.1565692477662003,0.11463880648748836,0.4152656153565004,0.3048914785670327,0.19355345266571766,-0.006868915054056957
2019-05,2019-05-01,5,10,SNPS,-0.05562488866255044,0.09442915050129486,0.10350577328353538,0.2669057408798794,0.4287922900364378,0.292680240747224,0.332260895840228,0.22703579204798352
2019-05,2019-05-01,6,1,CDNS,-0.09979574060726815,0.07017796169162405,0.06565509104013678,0.4079704290437318,0.5854730890885802,0.4829078127506954,0.5126903296880005,0.5210829744038563
2019-05,2019-05-01,6,2,WDAY,-0.04622720017669191,0.06108961622604436,0.013321443643202535,0.08126408317524536,0.259421470875,0.19892722894484938,0.4589890025837804,0.37917323239888634
2019-05,2019-05-01,6,3,MCHP,-0.19056090394836467,-0.07231675937395543,-0.07028700609833993,0.2136302874918472,0.3925707477438287,0.27777643807768415,0.4189748059445084,0.2941061607618065
2019-05,2019-05-01,6,4,MELI,0.17337488218218078,0.27763906406047023,0.2923689435534049,0.32926563406573783,0.6265561393979759,0.3118183490990827,0.41879121804754127,0.4578785082962584
2019-05,2019-05-01,6,5,AVGO,-0.20608350317968638,-0.049138925935047095,-0.09665784537625466,0.20590904957966405,0.26917547629713723,0.3431616618748581,0.41438616382498683,0.30311024349559457
2019-05,2019-05-01,6,6,ALGN,-0.11831701452343846,-0.1545403753907174,-0.37029312127475245,0.31696719810610907,0.5898476355670816,0.3633432350381163,0.39138341885280736,-0.17925008848866353
2019-05,2019-05-01,6,7,QCOM,-0.22820422162019705,-0.09426203893682084,-0.16810499355625774,0.7612239281863957,0.5222004544973049,0.49345423715439396,0.3863265790832944,0.21656820053354697
2019-05,2019-05-01,6,8,VRSN,-0.02628052416908866,0.0866590612589544,0.09442501455776675,0.14027685910506404,0.31591779640585593,0.2208201003468353,0.38096582655603184,0.21578185732782718
2019-05,2019-05-01,6,9,LRCX,-0.15458910482871102,-0.05644551356389349,0.014663718535599113,0.1877796724370302,0.4838227057952289,0.2832208565801211,0.3606230182194634,0.37529432421866016
2019-05,2019-05-01,6,10,FAST,-0.10899365001941552,-0.05702305577804323,-0.1385261781295728,0.15107343266058693,0.3655099725452051,0.17530326247908112,0.35496750644781616,0.22087933717968733
2019-04,2019-04-01,4,1,TCOM,-0.03651244542155163,-0.2485062762776875,-0.1445009642044096,0.6379122769638963,0.5053296921421087,0.29558482183529144,0.21609249445980816,0.1749870456341518
2019-04,2019-04-01,4,2,JD,-0.033909169968489694,-0.17594366584808208,-0.0022393853260893604,0.46967552956853575,0.4202634457629699,0.22829070806319662,0.2263632838050802,0.062181478568183346
2019-04,2019-04-01,4,3,MELI,-0.06442642548682875,0.09777853276715409,0.19532534610071672,0.7385657138128978,0.402154127516579,0.5164934717035097,0.5582724309575227,0.5137464632660702
2019-04,2019-04-01,4,4,CDNS,0.05771601369805923,-0.047839539241106066,0.13194436758797878,0.49895914267700325,0.4019905093107663,0.4301478942341328,0.4380825804893902,0.38936543524355005
2019-04,2019-04-01,4,5,AVGO,0.042872461926934724,-0.17204634839659216,-0.008373170739393254,0.21699970287072157,0.28794431813174337,0.35624078251294455,0.24953941260258605,0.43149734831043585
2019-04,2019-04-01,4,6,SNPS,0.021434010798737413,-0.035383142328084705,0.11788715673159245,0.3988101775847035,0.2655543354546992,0.3043044207999608,0.20128738525993506,0.15468473823616224
2019-04,2019-04-01,4,7,NFLX,0.03229238611523355,-0.08265208787525846,0.02081970669160449,0.3709929806636356,0.26407159068338726,0.15621646417188906,-0.03793624916353777,0.00924088365005682
2019-04,2019-04-01,4,8,INCY,-0.08190801089117195,-0.07434554527670778,-0.006166361816348109,0.35226549860270806,0.25805031223900277,0.2560280076710926,0.24891016171722358,0.16400326667049647
2019-04,2019-04-01,4,9,EBAY,0.0031850827231678647,-0.05099008859168974,0.0627738538654583,0.3109493426666934,0.25234743759413747,0.2811953171736725,0.1633615139353437,0.08680706984241637
2019-04,2019-04-01,4,10,INTU,-0.08075132698913856,-0.10254026534995764,-0.00403715430218865,0.36969412416182523,0.2474915556195234,0.2543060390840042,0.172236490160947,0.20930332591076461
2019-04,2019-04-01,5,1,MELI,-0.06442642548682875,0.09777853276715409,0.19532534610071672,0.7385657138128978,0.402154127516579,0.5164934717035097,0.5582724309575227,0.5137464632660702
2019-04,2019-04-01,5,2,CDNS,0.05771601369805923,-0.047839539241106066,0.13194436758797878,0.49895914267700325,0.4019905093107663,0.4301478942341328,0.4380825804893902,0.38936543524355005
2019-04,2019-04-01,5,3,WDAY,0.04373537056177046,-0.004513593344682265,0.1074967637909372,0.2066482619987675,0.14868889448438427,0.3978533675624192,0.3213820967440941,0.23013591803394262
2019-04,2019-04-01,5,4,AVGO,0.042872461926934724,-0.17204634839659216,-0.008373170739393254,0.21699970287072157,0.28794431813174337,0.35624078251294455,0.24953941260258605,0.43149734831043585
2019-04,2019-04-01,5,5,VRSN,0.04560119460462997,0.018122247138594894,0.13621201258030835,0.25852744162504515,0.16757718587769999,0.3207385700034633,0.1627586728107624,0.16779714791697709
2019-04,2019-04-01,5,6,KLAC,0.031106850236432004,-0.16104872795787561,0.0033125235937321307,0.3531538985273175,0.2161665553548784,0.30660322453125755,0.2308727927347367,0.049350718691627105
2019-04,2019-04-01,5,7,SNPS,0.021434010798737413,-0.035383142328084705,0.11788715673159245,0.3988101775847035,0.2655543354546992,0.3043044207999608,0.20128738525993506,0.15468473823616224
2019-04,2019-04-01,5,8,AMD,0.017071276372205846,0.04628221870660343,0.18361153416237896,0.3998938245966537,0.11176725551264788,0.3036598172850504,-0.16104390368095833,-0.060584422236151014
2019-04,2019-04-01,5,9,TCOM,-0.03651244542155163,-0.2485062762776875,-0.1445009642044096,0.6379122769638963,0.5053296921421087,0.29558482183529144,0.21609249445980816,0.1749870456341518
2019-04,2019-04-01,5,10,ULTA,-0.04995032183040038,-0.0622606224633967,-0.03451987897189479,0.42174450964810584,0.15028222462786256,0.291628400901339,0.2459358158022087,0.28494366755515443
2019-04,2019-04-01,6,1,MELI,-0.06442642548682875,0.09777853276715409,0.19532534610071672,0.7385657138128978,0.402154127516579,0.5164934717035097,0.5582724309575227,0.5137464632660702
2019-04,2019-04-01,6,2,CDNS,0.05771601369805923,-0.047839539241106066,0.13194436758797878,0.49895914267700325,0.4019905093107663,0.4301478942341328,0.4380825804893902,0.38936543524355005
2019-04,2019-04-01,6,3,SBUX,0.04813410117166783,0.035338133082858825,0.14848905161630577,0.15587661570382005,0.10142215238068197,0.27486195007020786,0.3448209215104878,0.39632282196042024
2019-04,2019-04-01,6,4,WDAY,0.04373537056177046,-0.004513593344682265,0.1074967637909372,0.2066482619987675,0.14868889448438427,0.3978533675624192,0.3213820967440941,0.23013591803394262
2019-04,2019-04-01,6,5,DLTR,0.05717316077308454,-0.029213254373661623,0.061415301216907636,0.1372807531952689,0.1967232423210894,0.2216725483695967,0.26149354999749463,0.29682416688360225
2019-04,2019-04-01,6,6,WTW,-0.004201796193389673,0.011073099528089436,0.10508772654191922,0.18091795831423796,0.1013133301288367,0.24015156069306487,0.25196241461342095,0.20674592389498048
2019-04,2019-04-01,6,7,AVGO,0.042872461926934724,-0.17204634839659216,-0.008373170739393254,0.21699970287072157,0.28794431813174337,0.35624078251294455,0.24953941260258605,0.43149734831043585
2019-04,2019-04-01,6,8,INCY,-0.08190801089117195,-0.07434554527670778,-0.006166361816348109,0.35226549860270806,0.25805031223900277,0.2560280076710926,0.24891016171722358,0.16400326667049647
2019-04,2019-04-01,6,9,ULTA,-0.04995032183040038,-0.0622606224633967,-0.03451987897189479,0.42174450964810584,0.15028222462786256,0.291628400901339,0.2459358158022087,0.28494366755515443
2019-04,2019-04-01,6,10,LRCX,0.10427720956840258,-0.06643201574152369,0.041945715357410984,0.343704907552306,0.16204594775768033,0.23213900135750465,0.24542489177711313,0.09567568774261326
2019-03,2019-03-01,4,1,WDAY,0.019086394321671696,0.06365651541178852,0.014486652754605034,0.12717518444447418,0.37167307438430086,0.2966340283873947,0.2070967926647187,0.49659759060117503
2019-03,2019-03-01,4,2,MELI,0.1471746713029094,0.07326630782183541,0.25934372749055035,0.22226733434070267,0.321937721987136,0.35835672625835335,0.3195431359609997,0.3047899564780243
2019-03,2019-03-01,4,3,INCY,-0.025178646555592654,-0.10502432459046407,-0.0976522716247954,0.29054447545064743,0.2884699368074748,0.28116824411401975,0.1940682901104278,0.3442598428384187
2019-03,2019-03-01,4,4,CDNS,0.11455114778166231,0.17887859709421638,0.0612315344111416,0.2578969678522216,0.2831603978701345,0.290279574294698,0.2465694714942981,0.3216639502450416
2019-03,2019-03-01,4,5,VRSN,0.03024924922779615,0.07722984573310665,0.04891968073665409,0.1332958376362181,0.2819602353444064,0.1286188014039189,0.13350934134849157,0.21910031422991327
2019-03,2019-03-01,4,6,MCHP,-0.013312180298120202,0.11642636941901596,-0.0963208487292625,0.14452369907980045,0.2709972146957953,0.15915047889387846,0.038913437070697166,-0.04013257389120872
2019-03,2019-03-01,4,7,EBAY,0.008834978252361125,0.01204820111212035,-0.042605606663122075,0.24137987340964417,0.2699751146546585,0.1531732533210477,0.07728924281068128,0.1329605205191282
2019-03,2019-03-01,4,8,ADI,-0.0014755592290003339,0.057727752779728414,-0.10916906612618216,0.16560389402590414,0.2452589933602365,0.18608989642803997,0.11693853605315696,0.14650597446278057
2019-03,2019-03-01,4,9,KLAC,0.05510463802310772,0.08792561998185722,-0.11481862179296864,0.15265018418793397,0.23836364417786005,0.16658836325556914,-0.005453411087512072,0.013704206278813524
2019-03,2019-03-01,4,10,REGN,-0.06715657582470069,-0.22471963342522372,-0.30852881764160733,0.1488724337381564,0.2378418390933026,0.11500899716535384,0.0882332013269127,0.1847290155728214
2019-03,2019-03-01,5,1,MELI,0.1471746713029094,0.07326630782183541,0.25934372749055035,0.22226733434070267,0.321937721987136,0.35835672625835335,0.3195431359609997,0.3047899564780243
2019-03,2019-03-01,5,2,WDAY,0.019086394321671696,0.06365651541178852,0.014486652754605034,0.12717518444447418,0.37167307438430086,0.2966340283873947,0.2070967926647187,0.49659759060117503
2019-03,2019-03-01,5,3,CDNS,0.11455114778166231,0.17887859709421638,0.0612315344111416,0.2578969678522216,0.2831603978701345,0.290279574294698,0.2465694714942981,0.3216639502450416
2019-03,2019-03-01,5,4,SBUX,0.04389542244739064,0.09414239032411409,0.08078473781042339,0.055107751884208245,0.22125446922769454,0.28827169138991326,0.3376079556769884,0.38842007410377133
2019-03,2019-03-01,5,5,INCY,-0.025178646555592654,-0.10502432459046407,-0.0976522716247954,0.29054447545064743,0.2884699368074748,0.28116824411401975,0.1940682901104278,0.3442598428384187
2019-03,2019-03-01,5,6,WTW,0.024338189764891327,0.020034129458393668,0.035680788490580984,0.07514621746321204,0.21068566327465277,0.22221589229312477,0.17807374161453038,0.09324312132158852
2019-03,2019-03-01,5,7,ADI,-0.0014755592290003339,0.057727752779728414,-0.10916906612618216,0.16560389402590414,0.2452589933602365,0.18608989642803997,0.11693853605315696,0.14650597446278057
2019-03,2019-03-01,5,8,LRCX,0.05139707926959303,0.16103383284419492,-0.018449348051036485,0.10523984769384676,0.17190643349843926,0.1845428490654657,0.04211406836300191,-0.0380488222551395
2019-03,2019-03-01,5,9,XEL,0.019121394208289955,0.025173732073939803,0.06276929755633165,0.0454160626971114,0.1418269139185564,0.17454012466032043,0.15011497456623224,0.20242669664043111
2019-03,2019-03-01,5,10,DLTR,0.07638024661408016,0.13792030750671924,0.04493567666695841,0.11180342270825472,0.1349823189458892,0.17197761104007325,0.20480115736326687,0.0719768746760967
2019-03,2019-03-01,6,1,SBUX,0.04389542244739064,0.09414239032411409,0.08078473781042339,0.055107751884208245,0.22125446922769454,0.28827169138991326,0.3376079556769884,0.38842007410377133
2019-03,2019-03-01,6,2,MELI,0.1471746713029094,0.07326630782183541,0.25934372749055035,0.22226733434070267,0.321937721987136,0.35835672625835335,0.3195431359609997,0.3047899564780243
2019-03,2019-03-01,6,3,AVGO,0.13115168991334336,0.17964694767274092,-0.06345882781888168,0.13861326435397148,0.1989910766228402,0.10466122602735295,0.2655219994588893,0.28087436683902456
2019-03,2019-03-01,6,4,CDNS,0.11455114778166231,0.17887859709421638,0.0612315344111416,0.2578969678522216,0.2831603978701345,0.290279574294698,0.2465694714942981,0.3216639502450416
2019-03,2019-03-01,6,5,WDAY,0.019086394321671696,0.06365651541178852,0.014486652754605034,0.12717518444447418,0.37167307438430086,0.2966340283873947,0.2070967926647187,0.49659759060117503
2019-03,2019-03-01,6,6,DLTR,0.07638024661408016,0.13792030750671924,0.04493567666695841,0.11180342270825472,0.1349823189458892,0.17197761104007325,0.20480115736326687,0.0719768746760967
2019-03,2019-03-01,6,7,INCY,-0.025178646555592654,-0.10502432459046407,-0.0976522716247954,0.29054447545064743,0.2884699368074748,0.28116824411401975,0.1940682901104278,0.3442598428384187
2019-03,2019-03-01,6,8,WTW,0.024338189764891327,0.020034129458393668,0.035680788490580984,0.07514621746321204,0.21068566327465277,0.22221589229312477,0.17807374161453038,0.09324312132158852
2019-03,2019-03-01,6,9,XEL,0.019121394208289955,0.025173732073939803,0.06276929755633165,0.0454160626971114,0.1418269139185564,0.17454012466032043,0.15011497456623224,0.20242669664043111
2019-03,2019-03-01,6,10,ULTA,0.11814145715875823,0.06228993152176554,0.04852527403392459,0.02874481333585055,0.15515652570777405,0.11429176319799561,0.14917809310124985,0.3247898646763392
2019-02,2019-02-01,4,1,WDAY,0.016553809907929207,0.035956156773029546,0.08126408317524536,0.3493364158544008,0.27551932396459455,0.1874401344027694,0.47222663081330074,0.49734423273717465
2019-02,2019-02-01,4,2,SBUX,0.045657908803632186,0.09155750444602262,0.14409864379972048,0.1679292615162904,0.23202022434264635,0.2792022557428795,0.32779569916159623,0.40547107398859183
2019-02,2019-02-01,4,3,INCY,0.06331403902474042,0.03654123065853665,-0.048359799751391375,0.2117492006305539,0.20488228039299927,0.1229686116113109,0.26421714893500203,0.20839397916047986
2019-02,2019-02-01,4,4,WTW,0.03882993363711429,0.06411317369542391,0.059641987012854614,0.16543201545593078,0.17653126148757203,0.134039079418804,0.05237930283156622,0.10094096856812795
2019-02,2019-02-01,4,5,DLTR,-0.003412988134472883,0.07270657360420518,0.13403659899922316,0.13886926623827622,0.17599125524045278,0.20892721159187122,0.07564804870318942,0.15066052417019082
2019-02,2019-02-01,4,6,LRCX,0.023036227572555523,0.07561730165676761,0.1877796724370302,0.14551801970798306,0.15786989467238177,0.018648255336679576,-0.05970956666181482,0.012231925622675277
2019-02,2019-02-01,4,7,XEL,0.05331775953332607,0.07345866363995546,0.07983369860054079,0.08402892060269096,0.11508622543372105,0.09189744894816188,0.14156121052508208,0.14551210136705928
2019-02,2019-02-01,4,8,MELI,0.2385235839215396,0.42080288528609366,0.32926563406573783,0.06734965659796477,0.09675483284491504,0.06541623679294628,0.053504328392896205,0.23320929525967182
2019-02,2019-02-01,4,9,ADI,0.08410222348934626,0.08250256644829679,0.1466850086348932,0.1486545884503243,0.0940756975946706,0.03028894494665102,0.057562607677879685,0.054598032398824436
2019-02,2019-02-01,4,10,REGN,0.021899416087186818,-0.04672784953448983,-0.20774144609337597,0.21131475329827576,0.09111423258727358,0.06491224497780368,0.1593401433862276,0.22500982796908864
2019-02,2019-02-01,5,1,SBUX,0.045657908803632186,0.09155750444602262,0.14409864379972048,0.1679292615162904,0.23202022434264635,0.2792022557428795,0.32779569916159623,0.40547107398859183
2019-02,2019-02-01,5,2,NTES,-0.12974904264815568,0.02702780864244514,0.14481051282900714,0.13440329163769849,0.06976754877937474,0.2686781885012546,-0.029855607935135753,0.0013793944382205492
2019-02,2019-02-01,5,3,AVGO,0.022262679489599924,0.15633415744000345,0.20590904957966405,0.17287963326752576,0.0806040836577282,0.23796165589332197,0.2529796817766501,0.12227197541014578
2019-02,2019-02-01,5,4,DLTR,-0.003412988134472883,0.07270657360420518,0.13403659899922316,0.13886926623827622,0.17599125524045278,0.20892721159187122,0.07564804870318942,0.15066052417019082
2019-02,2019-02-01,5,5,WDAY,0.016553809907929207,0.035956156773029546,0.08126408317524536,0.3493364158544008,0.27551932396459455,0.1874401344027694,0.47222663081330074,0.49734423273717465
2019-02,2019-02-01,5,6,WTW,0.03882993363711429,0.06411317369542391,0.059641987012854614,0.16543201545593078,0.17653126148757203,0.134039079418804,0.05237930283156622,0.10094096856812795
2019-02,2019-02-01,5,7,INCY,0.06331403902474042,0.03654123065853665,-0.048359799751391375,0.2117492006305539,0.20488228039299927,0.1229686116113109,0.26421714893500203,0.20839397916047986
2019-02,2019-02-01,5,8,XEL,0.05331775953332607,0.07345866363995546,0.07983369860054079,0.08402892060269096,0.11508622543372105,0.09189744894816188,0.14156121052508208,0.14551210136705928
2019-02,2019-02-01,5,9,CHTR,0.01651260936695831,0.015456779073149907,0.08825339569021451,0.050434488606773575,0.06020092692435397,0.08933200052729817,0.1311084513536045,0.16004902166923496
2019-02,2019-02-01,5,10,MDLZ,0.03642734086350252,0.09615293487662546,0.13916952968067475,0.08252149154840982,0.07089480643283341,0.08268143176246112,0.07737299591566282,0.12931665494941513
2019-02,2019-02-01,6,1,WDAY,0.016553809907929207,0.035956156773029546,0.08126408317524536,0.3493364158544008,0.27551932396459455,0.1874401344027694,0.47222663081330074,0.49734423273717465
2019-02,2019-02-01,6,2,SBUX,0.045657908803632186,0.09155750444602262,0.14409864379972048,0.1679292615162904,0.23202022434264635,0.2792022557428795,0.32779569916159623,0.40547107398859183
2019-02,2019-02-01,6,3,AMD,-0.033863725661169575,0.07547941102382105,0.09383921728202571,0.21216622459002643,-0.21992361014109696,-0.1265145867650257,0.326298746537512,0.6167546487848958
2019-02,2019-02-01,6,4,INCY,0.06331403902474042,0.03654123065853665,-0.048359799751391375,0.2117492006305539,0.20488228039299927,0.1229686116113109,0.26421714893500203,0.20839397916047986
2019-02,2019-02-01,6,5,AVGO,0.022262679489599924,0.15633415744000345,0.20590904957966405,0.17287963326752576,0.0806040836577282,0.23796165589332197,0.2529796817766501,0.12227197541014578
2019-02,2019-02-01,6,6,ULTA,0.08216640460260738,0.21001512053061377,0.1495744758404589,0.06744814918919073,0.029686154050573288,0.0619236452117089,0.22420161912421221,0.25294570294862617
2019-02,2019-02-01,6,7,LULU,0.035997878054995214,0.13276765537608126,0.20223107062150425,0.013525677831784932,-0.09601586445845312,-0.07101531340665457,0.21211108600678585,0.16448829461330594
2019-02,2019-02-01,6,8,TMUS,0.038919970277413896,0.004882930440482491,0.05672839972821908,0.010888493015232426,-0.008825516211486195,0.05868936929018842,0.17301205092889171,0.16224332762317806
2019-02,2019-02-01,6,9,ADSK,0.07177833516148091,0.09894679865359901,0.167035571698392,0.10234424339230541,-0.04135043521402737,-0.029428928455262904,0.17211831236449626,0.13017448235220885
2019-02,2019-02-01,6,10,REGN,0.021899416087186818,-0.04672784953448983,-0.20774144609337597,0.21131475329827576,0.09111423258727358,0.06491224497780368,0.1593401433862276,0.22500982796908864
2019-01,2019-01-02,4,1,SBUX,0.05892416203069417,0.10727242485065402,0.15587661570382005,0.16346407846621114,0.20802065115764212,0.25391009740989223,0.3272632020156441,0.1441844522821596
2019-01,2019-01-02,4,2,AVGO,0.052463680191740636,0.07589434177829402,0.21699970287072157,0.026737648049632412,0.1762511896541521,0.19052059026719004,0.06632846010010263,0.020387128849956415
2019-01,2019-01-02,4,3,NTES,0.08727243982820654,-0.05380011833722764,0.11665903127408783,-0.016099820438378654,0.16684479623314186,-0.10772649381405186,-0.07899864122699307,-0.007015813371515023
2019-01,2019-01-02,4,4,DLTR,0.0601974306674562,0.056578989416389724,0.1372807531952689,0.10921911450030364,0.14028498525107813,0.014573340388125855,0.08532664849582083,0.12204722339971408
2019-01,2019-01-02,4,5,TSLA,0.006739253174506299,-0.04943253735419062,-0.06752224276441343,-0.0018667092950185316,0.07326536056020028,0.030847008878643667,-0.07446199455323765,0.06270995410912028
2019-01,2019-01-02,4,6,WTW,0.10976725738031945,0.1528594463370394,0.18091795831423796,0.06016036575529671,0.02187109222863537,-0.05171170276209203,-0.007953279170468952,-0.001285985011755475
2019-01,2019-01-02,4,7,WDAY,0.16476769225199517,0.1840490352164319,0.2066482619987675,0.09508473874173928,0.019465205209237002,0.2639658883110467,0.28553036171716495,0.2648666112530216
2019-01,2019-01-02,4,8,XEL,0.08129383121510081,0.1389459956926966,0.16072423105828992,0.03125181448658232,0.00980641656037684,0.055736357288061145,0.05939021226061514,0.10454736655132879
2019-01,2019-01-02,4,9,PEP,0.02662909071017938,0.07176150860023633,0.12545106935378936,-0.005079023751371592,0.0005298543185396909,-0.022455686213544657,0.013957671727674592,0.10781903311670948
2019-01,2019-01-02,4,10,ORLY,0.016415050682833776,0.08776190855176225,0.14770627144771287,-0.013389997771781292,-0.007650227838224111,0.12702346246719798,0.2427146410865717,0.2520185605299361
2019-01,2019-01-02,5,1,WDAY,0.16476769225199517,0.1840490352164319,0.2066482619987675,0.09508473874173928,0.019465205209237002,0.2639658883110467,0.28553036171716495,0.2648666112530216
2019-01,2019-01-02,5,2,SBUX,0.05892416203069417,0.10727242485065402,0.15587661570382005,0.16346407846621114,0.20802065115764212,0.25391009740989223,0.3272632020156441,0.1441844522821596
2019-01,2019-01-02,5,3,AVGO,0.052463680191740636,0.07589434177829402,0.21699970287072157,0.026737648049632412,0.1762511896541521,0.19052059026719004,0.06632846010010263,0.020387128849956415
2019-01,2019-01-02,5,4,ORLY,0.016415050682833776,0.08776190855176225,0.14770627144771287,-0.013389997771781292,-0.007650227838224111,0.12702346246719798,0.2427146410865717,0.2520185605299361
2019-01,2019-01-02,5,5,TMUS,0.06696300784658193,0.10848917639907096,0.07217291399646486,-0.07103200720241443,-0.007754381825375578,0.09939336443945246,0.08930049034117626,0.1475292749513819
2019-01,2019-01-02,5,6,XEL,0.08129383121510081,0.1389459956926966,0.16072423105828992,0.03125181448658232,0.00980641656037684,0.055736357288061145,0.05939021226061514,0.10454736655132879
2019-01,2019-01-02,5,7,UAL,0.039320474537824834,0.032549273625995356,-0.039320474537824834,-0.03915078508480807,-0.046659146140312746,0.051987051195032,0.1869712701436137,0.21559567227690657
2019-01,2019-01-02,5,8,ULTA,0.17498077959938607,0.2715247257362363,0.42174450964810584,-0.12365702322241523,-0.09622041172981965,0.041890761431525814,0.06635421166278355,0.011503191492672427
2019-01,2019-01-02,5,9,CSCO,0.1107462800068999,0.20624127684518334,0.2900051950056137,-0.11519618652190511,-0.09406292000672767,0.032975828545134256,0.01792526521792337,-0.0018918829883893817
2019-01,2019-01-02,5,10,TSLA,0.006739253174506299,-0.04943253735419062,-0.06752224276441343,-0.0018667092950185316,0.07326536056020028,0.030847008878643667,-0.07446199455323765,0.06270995410912028
2019-01,2019-01-02,6,1,SBUX,0.05892416203069417,0.10727242485065402,0.15587661570382005,0.16346407846621114,0.20802065115764212,0.25391009740989223,0.3272632020156441,0.1441844522821596
2019-01,2019-01-02,6,2,WDAY,0.16476769225199517,0.1840490352164319,0.2066482619987675,0.09508473874173928,0.019465205209237002,0.2639658883110467,0.28553036171716495,0.2648666112530216
2019-01,2019-01-02,6,3,ORLY,0.016415050682833776,0.08776190855176225,0.14770627144771287,-0.013389997771781292,-0.007650227838224111,0.12702346246719798,0.2427146410865717,0.2520185605299361
2019-01,2019-01-02,6,4,AMD,0.3016463265103333,0.2575677324015182,0.3998938245966537,-0.4007001948445861,-0.32893797996821683,0.018939415050838626,0.24208444018687958,0.3076389182312995
2019-01,2019-01-02,6,5,UAL,0.039320474537824834,0.032549273625995356,-0.039320474537824834,-0.03915078508480807,-0.046659146140312746,0.051987051195032,0.1869712701436137,0.21559567227690657
2019-01,2019-01-02,6,6,TMUS,0.06696300784658193,0.10848917639907096,0.07217291399646486,-0.07103200720241443,-0.007754381825375578,0.09939336443945246,0.08930049034117626,0.1475292749513819
2019-01,2019-01-02,6,7,FAST,0.18629266717499537,0.21920681612872572,0.2889541316016935,-0.10591693819411463,-0.12242340444314703,-0.06929920546476198,0.08692810957886588,-0.02717585233866171
2019-01,2019-01-02,6,8,DLTR,0.0601974306674562,0.056578989416389724,0.1372807531952689,0.10921911450030364,0.14028498525107813,0.014573340388125855,0.08532664849582083,0.12204722339971408
2019-01,2019-01-02,6,9,ULTA,0.17498077959938607,0.2715247257362363,0.42174450964810584,-0.12365702322241523,-0.09622041172981965,0.041890761431525814,0.06635421166278355,0.011503191492672427
2019-01,2019-01-02,6,10,AVGO,0.052463680191740636,0.07589434177829402,0.21699970287072157,0.026737648049632412,0.1762511896541521,0.19052059026719004,0.06632846010010263,0.020387128849956415
2018-12,2018-12-03,4,1,WDAY,-0.048033357640092866,0.10881998912242952,0.12717518444447418,0.07090433618766534,0.32774178428952006,0.3503943358039938,0.32868795498699543,0.33577455327928196
2018-12,2018-12-03,4,2,SBUX,-0.04711096546406068,0.009037222404206569,0.055107751884208245,0.2677453589818597,0.31590358579428024,0.3928832780220066,0.2007530896180183,0.1816999293628787
2018-12,2018-12-03,4,3,ULTA,-0.19093605298144067,-0.04936541278637674,0.02874481333585055,0.11706817687359927,0.2877730682116597,0.31800980082273056,0.25021414589058355,0.2229271255514278
2018-12,2018-12-03,4,4,TSLA,-0.13492697962583466,-0.12909703352709823,-0.177689734019583,0.24066447026169713,0.19163005272407752,0.06989581647852616,0.2284627182679586,0.19528532197573134
2018-12,2018-12-03,4,5,CSCO,-0.11879383564470458,-0.021203531023206712,0.06294724885577807,0.02806484638707718,0.17222946267162786,0.155149959672211,0.1326612969643064,0.10310018972436197
2018-12,2018-12-03,4,6,ADSK,-0.12876636271074515,0.007093656407582971,0.07938116241620774,-0.03626533106476526,0.16386227329201408,0.12221388265284983,0.1085979593770181,0.1649614915520634
2018-12,2018-12-03,4,7,XEL,-0.08211972591264172,-0.007501721835313502,0.0454160626971114,0.1001504717643269,0.15018961306012613,0.15417036640640203,0.20336758260718946,0.1540979810090113
2018-12,2018-12-03,4,8,HSIC,-0.15497787536819674,-0.14557525656760784,-0.152773805365651,0.16061116887846394,0.14998091565623373,0.2326152498578482,0.30015824464978214,0.176011484675489
2018-12,2018-12-03,4,9,ORLY,-0.014985221544658311,0.0011838459670263646,0.07146155536427368,0.007446582393349166,0.14416908976182907,0.26162030079928766,0.2710657625800279,0.33846023547601933
2018-12,2018-12-03,4,10,TMUS,-0.03746321977808431,0.02699113818853971,0.06696160276200502,0.03086514568914378,0.14218322564877384,0.13169752338194773,0.19219265022456145,0.14083800383721679
2018-12,2018-12-03,5,1,SBUX,-0.04711096546406068,0.009037222404206569,0.055107751884208245,0.2677453589818597,0.31590358579428024,0.3928832780220066,0.2007530896180183,0.1816999293628787
2018-12,2018-12-03,5,2,WDAY,-0.048033357640092866,0.10881998912242952,0.12717518444447418,0.07090433618766534,0.32774178428952006,0.3503943358039938,0.32868795498699543,0.33577455327928196
2018-12,2018-12-03,5,3,ULTA,-0.19093605298144067,-0.04936541278637674,0.02874481333585055,0.11706817687359927,0.2877730682116597,0.31800980082273056,0.25021414589058355,0.2229271255514278
2018-12,2018-12-03,5,4,FAST,-0.13929353420363033,0.02104976896433919,0.049379189785,0.01960032883553886,0.08132195065376457,0.26283251349016457,0.13026239062957612,0.22803776424491562
2018-12,2018-12-03,5,5,ORLY,-0.014985221544658311,0.0011838459670263646,0.07146155536427368,0.007446582393349166,0.14416908976182907,0.26162030079928766,0.2710657625800279,0.33846023547601933
2018-12,2018-12-03,5,6,ILMN,-0.15911493230843177,-0.1924054240675419,-0.08299782460105964,-0.007818445277948283,0.08359376433122678,0.2551963362675693,0.2675062524458873,0.44141731676553064
2018-12,2018-12-03,5,7,MELI,-0.1934994942230427,-0.01312550668543977,0.22226733434070267,0.07958635470919129,0.06751601701098786,0.24961107376254166,0.2455673336621762,0.08852300438039551
2018-12,2018-12-03,5,8,HSIC,-0.15497787536819674,-0.14557525656760784,-0.152773805365651,0.16061116887846394,0.14998091565623373,0.2326152498578482,0.30015824464978214,0.176011484675489
2018-12,2018-12-03,5,9,CMCSA,-0.11721123517466825,-0.05505407961959563,0.0042778536230339,0.08192808415435615,0.11187969288672273,0.18663072694325233,0.26646811989377706,0.23486586055448777
2018-12,2018-12-03,5,10,CSCO,-0.11879383564470458,-0.021203531023206712,0.06294724885577807,0.02806484638707718,0.17222946267162786,0.155149959672211,0.1326612969643064,0.10310018972436197
2018-12,2018-12-03,6,1,WDAY,-0.048033357640092866,0.10881998912242952,0.12717518444447418,0.07090433618766534,0.32774178428952006,0.3503943358039938,0.32868795498699543,0.33577455327928196
2018-12,2018-12-03,6,2,HSIC,-0.15497787536819674,-0.14557525656760784,-0.152773805365651,0.16061116887846394,0.14998091565623373,0.2326152498578482,0.30015824464978214,0.176011484675489
2018-12,2018-12-03,6,3,ORLY,-0.014985221544658311,0.0011838459670263646,0.07146155536427368,0.007446582393349166,0.14416908976182907,0.26162030079928766,0.2710657625800279,0.33846023547601933
2018-12,2018-12-03,6,4,ILMN,-0.15911493230843177,-0.1924054240675419,-0.08299782460105964,-0.007818445277948283,0.08359376433122678,0.2551963362675693,0.2675062524458873,0.44141731676553064
2018-12,2018-12-03,6,5,CMCSA,-0.11721123517466825,-0.05505407961959563,0.0042778536230339,0.08192808415435615,0.11187969288672273,0.18663072694325233,0.26646811989377706,0.23486586055448777
2018-12,2018-12-03,6,6,ULTA,-0.19093605298144067,-0.04936541278637674,0.02874481333585055,0.11706817687359927,0.2877730682116597,0.31800980082273056,0.25021414589058355,0.2229271255514278
2018-12,2018-12-03,6,7,CHTR,-0.11848797222610918,0.04361799653368159,0.0608508528387699,0.0438033879690205,0.08383379273883507,0.1115647924070613,0.2475656558546624,0.16929140781610452
2018-12,2018-12-03,6,8,REGN,-0.02658050135759149,0.1242519720161348,0.1488724337381564,-0.052781519192638404,0.031210237778964034,0.0896221296123354,0.24677376271063256,0.2702010809254105
2018-12,2018-12-03,6,9,MELI,-0.1934994942230427,-0.01312550668543977,0.22226733434070267,0.07958635470919129,0.06751601701098786,0.24961107376254166,0.2455673336621762,0.08852300438039551
2018-12,2018-12-03,6,10,TSLA,-0.13492697962583466,-0.12909703352709823,-0.177689734019583,0.24066447026169713,0.19163005272407752,0.06989581647852616,0.2284627182679586,0.19528532197573134
2018-11,2018-11-01,4,1,SBUX,0.15746895712478848,0.10293947705996032,0.1679292615162904,0.13688024002220445,0.2033871573385424,0.037395501820411514,0.020934446741691648,0.05524359862163353
2018-11,2018-11-01,4,2,AAPL,-0.16540000280487765,-0.2868735867067982,-0.24803802077077308,0.10669675922016708,0.19136317297443672,0.1722004393151264,0.3238278294971553,0.34304821860263157
2018-11,2018-11-01,4,3,ULTA,0.12287956229107566,-0.09151862930631016,0.06744814918919073,0.14684879078584556,0.17377664095472478,0.11340003672317245,0.0890991043208762,0.34372079774476716
2018-11,2018-11-01,4,4,ORLY,0.08025320422782811,0.0640653706381471,0.08153205762702043,0.059167503770274354,0.1678931345555248,0.17663688254328647,0.23902454557657093,0.3580566372994114
2018-11,2018-11-01,4,5,ROST,-0.13889484195571045,-0.14640131944164003,-0.06540203978599779,0.14133334710281886,0.16643535280982302,0.22543266313142052,0.24596521306330632,0.3053278143960796
2018-11,2018-11-01,4,6,MELI,0.08154548914636273,-0.12773301598267184,0.06734965659796477,-0.012971689379840945,0.15539391204786868,0.15165505858220718,0.00645143020247807,-0.015985075217213596
2018-11,2018-11-01,4,7,HSIC,0.06780061221293687,-0.09768485798468385,-0.08764473587301014,0.07696221794908364,0.15434963771311705,0.2176039513175605,0.1013399610609822,0.28603978395040075
2018-11,2018-11-01,4,8,CMCSA,0.03162043779834045,-0.08929706794743508,-0.025174475921411532,0.07779921000757772,0.15025903274631824,0.22764931121047094,0.19701570006688596,0.15140459997489808
2018-11,2018-11-01,4,9,TMUS,-0.015679439261481853,-0.05255525676051609,0.010888493015232426,0.16037729090187236,0.14972455978452315,0.21118332561303044,0.15901064078278138,0.15531698207114353
2018-11,2018-11-01,4,10,QCOM,-0.07173146347973747,-0.0892614865621505,-0.21286183040287698,-0.0009305990466761394,0.14435957224411022,0.09691390918041809,0.2782727439071948,0.20724466377691853
2018-11,2018-11-01,5,1,CHTR,0.006531596902058512,-0.11273029099637388,0.050434488606773575,0.07680056550107328,0.10435161283389216,0.23946993784841686,0.16170362799836036,0.06815411783941117
2018-11,2018-11-01,5,2,CMCSA,0.03162043779834045,-0.08929706794743508,-0.025174475921411532,0.07779921000757772,0.15025903274631824,0.22764931121047094,0.19701570006688596,0.15140459997489808
2018-11,2018-11-01,5,3,ROST,-0.13889484195571045,-0.14640131944164003,-0.06540203978599779,0.14133334710281886,0.16643535280982302,0.22543266313142052,0.24596521306330632,0.3053278143960796
2018-11,2018-11-01,5,4,HSIC,0.06780061221293687,-0.09768485798468385,-0.08764473587301014,0.07696221794908364,0.15434963771311705,0.2176039513175605,0.1013399610609822,0.28603978395040075
2018-11,2018-11-01,5,5,TMUS,-0.015679439261481853,-0.05255525676051609,0.010888493015232426,0.16037729090187236,0.14972455978452315,0.21118332561303044,0.15901064078278138,0.15531698207114353
2018-11,2018-11-01,5,6,TSLA,0.04127450313949654,-0.09922152053050737,-0.09315094630321563,0.14439568925509194,0.027486808956461273,0.17976836517563788,0.1479060693139842,0.3635930766148552
2018-11,2018-11-01,5,7,ORLY,0.08025320422782811,0.0640653706381471,0.08153205762702043,0.059167503770274354,0.1678931345555248,0.17663688254328647,0.23902454557657093,0.3580566372994114
2018-11,2018-11-01,5,8,AAPL,-0.16540000280487765,-0.2868735867067982,-0.24803802077077308,0.10669675922016708,0.19136317297443672,0.1722004393151264,0.3238278294971553,0.34304821860263157
2018-11,2018-11-01,5,9,COST,0.013204108966527572,-0.10606846114625934,-0.08201289903378817,0.06005598649881172,0.10663937448920202,0.167604831544085,0.17446539659878635,0.26315255402762405
2018-11,2018-11-01,5,10,REGN,0.07744063025836656,0.04880171812305978,0.21131475329827576,-0.04290760082837852,0.011305958780343905,0.15716237878616157,0.17890586752870163,0.0742678134258048
2018-11,2018-11-01,6,1,AAPL,-0.16540000280487765,-0.2868735867067982,-0.24803802077077308,0.10669675922016708,0.19136317297443672,0.1722004393151264,0.3238278294971553,0.34304821860263157
2018-11,2018-11-01,6,2,ILMN,0.11993983191456503,-0.05825931863003753,-0.09554266637508857,-0.03245358951221833,0.12077122404136653,0.13176281111374877,0.28704888931523387,0.3601531586864226
2018-11,2018-11-01,6,3,QCOM,-0.07173146347973747,-0.0892614865621505,-0.21286183040287698,-0.0009305990466761394,0.14435957224411022,0.09691390918041809,0.2782727439071948,0.20724466377691853
2018-11,2018-11-01,6,4,ROST,-0.13889484195571045,-0.14640131944164003,-0.06540203978599779,0.14133334710281886,0.16643535280982302,0.22543266313142052,0.24596521306330632,0.3053278143960796
2018-11,2018-11-01,6,5,ORLY,0.08025320422782811,0.0640653706381471,0.08153205762702043,0.059167503770274354,0.1678931345555248,0.17663688254328647,0.23902454557657093,0.3580566372994114
2018-11,2018-11-01,6,6,TTWO,-0.1974245896722231,-0.1931580235708097,-0.1858661549391435,0.1485210808590085,0.07541503886204848,0.12496734254178232,0.2359539778550066,0.34393250753673144
2018-11,2018-11-01,6,7,ADP,0.04612866909484015,-0.07117460813887311,0.010759624311237115,0.06759625020687166,0.049784599910261296,0.07206643680124447,0.1977721695737764,0.25591655148898496
2018-11,2018-11-01,6,8,CMCSA,0.03162043779834045,-0.08929706794743508,-0.025174475921411532,0.07779921000757772,0.15025903274631824,0.22764931121047094,0.19701570006688596,0.15140459997489808
2018-11,2018-11-01,6,9,REGN,0.07744063025836656,0.04880171812305978,0.21131475329827576,-0.04290760082837852,0.011305958780343905,0.15716237878616157,0.17890586752870163,0.0742678134258048
2018-11,2018-11-01,6,10,COST,0.013204108966527572,-0.10606846114625934,-0.08201289903378817,0.06005598649881172,0.10663937448920202,0.167604831544085,0.17446539659878635,0.26315255402762405
2018-10,2018-10-01,4,1,ILMN,-0.14677796074014937,-0.04444265276552062,-0.19648609538755946,0.313575098240088,0.32645754450450615,0.5084571542850882,0.5941373946063588,0.6324041053625997
2018-10,2018-10-01,4,2,REGN,-0.0992314511019613,-0.029475366958383042,-0.055272398284521684,0.1227145530530922,0.2846389676924046,0.30877778644794396,0.19261248046461832,0.2251538363447052
2018-10,2018-10-01,4,3,ORLY,-0.0727919266496534,0.0016194922226229203,-0.013389997771781292,0.25958042010515925,0.26901060976708413,0.3362961143117702,0.4646730074213541,0.4214421245007234
2018-10,2018-10-01,4,4,VRTX,-0.08550401553772713,-0.03612263487583789,-0.14349848328104498,0.1294735371431095,0.2599145246909882,0.2563615732684581,0.22557744428604165,0.15521923179731756
2018-10,2018-10-01,4,5,QCOM,-0.12245193961584422,-0.18539974626100475,-0.2007831840154657,0.3040420506919643,0.2499758801816876,0.45664129591673586,0.37570204787238026,0.13957092090085577
2018-10,2018-10-01,4,6,HSIC,-0.025776698290112976,0.04027623799792601,-0.12094356316301313,0.1848922476880661,0.24982018925282246,0.13048000302188334,0.32006674618974484,0.3697981893305482
2018-10,2018-10-01,4,7,TMUS,-0.019501665478371843,-0.03487532956048778,-0.07103200720241443,0.17259205783909692,0.23527321053936356,0.1820628347607005,0.17829571085891427,0.13489490171509644
2018-10,2018-10-01,4,8,CHTR,0.009297522523783464,0.015889847095155174,-0.10448088089224183,0.09417846392055185,0.22805209582708508,0.1510021594955271,0.05831441572199125,-0.0525028936446994
2018-10,2018-10-01,4,9,ROST,-0.0016227869025099428,-0.14029223212786845,-0.1477865282004498,0.16833130555026243,0.22742451155258747,0.24799043559665002,0.3074495263631545,0.2746175036243683
2018-10,2018-10-01,4,10,HAS,-0.07064246130798024,-0.14380983555265447,-0.23803149268005475,0.14346945503696706,0.22132884628303584,0.2171363174356844,0.2792613596278357,0.13493798263922785
2018-10,2018-10-01,5,1,ALGN,-0.41011952536559404,-0.3979873223279756,-0.4837556171107027,0.15058184559242593,0.1754180351201815,0.5577305431616593,0.6132514115747241,0.5944613485960579
2018-10,2018-10-01,5,2,ILMN,-0.14677796074014937,-0.04444265276552062,-0.19648609538755946,0.313575098240088,0.32645754450450615,0.5084571542850882,0.5941373946063588,0.6324041053625997
2018-10,2018-10-01,5,3,QCOM,-0.12245193961584422,-0.18539974626100475,-0.2007831840154657,0.3040420506919643,0.2499758801816876,0.45664129591673586,0.37570204787238026,0.13957092090085577
2018-10,2018-10-01,5,4,AAPL,-0.022177213642881166,-0.18390910524902193,-0.30268874352878317,0.21838352470069067,0.19878617646267172,0.3538525057583073,0.3735088170793821,0.3082086119911702
2018-10,2018-10-01,5,5,ORLY,-0.0727919266496534,0.0016194922226229203,-0.013389997771781292,0.25958042010515925,0.26901060976708413,0.3362961143117702,0.4646730074213541,0.4214421245007234
2018-10,2018-10-01,5,6,TTWO,-0.0618586694816009,-0.2470708367137493,-0.2430681947146247,0.14632518990267118,0.19914484731223459,0.3174496609930211,0.43254802215578736,0.27775713680758574
2018-10,2018-10-01,5,7,REGN,-0.0992314511019613,-0.029475366958383042,-0.055272398284521684,0.1227145530530922,0.2846389676924046,0.30877778644794396,0.19261248046461832,0.2251538363447052
2018-10,2018-10-01,5,8,ISRG,-0.09766158542146097,-0.04490725773725657,-0.18914637995626893,0.17750464305171287,0.199248837753081,0.2841917139406145,0.43366006758034414,0.39456001738064717
2018-10,2018-10-01,5,9,BIIB,-0.10559907886356457,-0.057777386142062404,-0.13577829432912814,0.1920073389944128,0.18671110405755686,0.2838571660358149,0.32099358615197904,0.24866297126743309
2018-10,2018-10-01,5,10,ADP,-0.06521157109208997,-0.022091024981311436,-0.13174477121236328,0.1230183937307594,0.14685462897065715,0.28132969186739265,0.34353027128955893,0.3451024157286815
2018-10,2018-10-01,6,1,ALGN,-0.41011952536559404,-0.3979873223279756,-0.4837556171107027,0.15058184559242593,0.1754180351201815,0.5577305431616593,0.6132514115747241,0.5944613485960579
2018-10,2018-10-01,6,2,ILMN,-0.14677796074014937,-0.04444265276552062,-0.19648609538755946,0.313575098240088,0.32645754450450615,0.5084571542850882,0.5941373946063588,0.6324041053625997
2018-10,2018-10-01,6,3,ORLY,-0.0727919266496534,0.0016194922226229203,-0.013389997771781292,0.25958042010515925,0.26901060976708413,0.3362961143117702,0.4646730074213541,0.4214421245007234
2018-10,2018-10-01,6,4,AMZN,-0.16904652896738326,-0.11574772830287727,-0.2321090481611514,0.16955500497755005,0.22102413674218346,0.26677036180822244,0.4609144173691655,0.3421005256310259
2018-10,2018-10-01,6,5,ISRG,-0.09766158542146097,-0.04490725773725657,-0.18914637995626893,0.17750464305171287,0.199248837753081,0.2841917139406145,0.43366006758034414,0.39456001738064717
2018-10,2018-10-01,6,6,TTWO,-0.0618586694816009,-0.2470708367137493,-0.2430681947146247,0.14632518990267118,0.19914484731223459,0.3174496609930211,0.43254802215578736,0.27775713680758574
2018-10,2018-10-01,6,7,ULTA,-0.035375952609314476,0.08315662810949864,-0.12365702322241523,0.21682291057308656,0.1542320966753079,0.12903996874937596,0.3929994813829707,0.4097951372124
2018-10,2018-10-01,6,8,CSX,-0.07250432870714107,-0.02209949483646323,-0.17182565221915513,0.171043620371242,0.1499278541776703,0.2616537881251213,0.3794287122101552,0.38499481197795316
2018-10,2018-10-01,6,9,QCOM,-0.12245193961584422,-0.18539974626100475,-0.2007831840154657,0.3040420506919643,0.2499758801816876,0.45664129591673586,0.37570204787238026,0.13957092090085577
2018-10,2018-10-01,6,10,AAPL,-0.022177213642881166,-0.18390910524902193,-0.30268874352878317,0.21838352470069067,0.19878617646267172,0.3538525057583073,0.3735088170793821,0.3082086119911702
2018-09,2018-09-04,4,1,ALGN,0.01606415969976771,-0.4006435912172921,-0.38831649453256734,0.15683446158311543,0.5331025391368456,0.5877456124930305,0.5692526238374533,0.5077277283301558
2018-09,2018-09-04,4,2,ILMN,0.03832758713390483,-0.1140760186858496,-0.007818445277948283,0.27749427150050643,0.4527757645820447,0.5352933066207513,0.5721474856201443,0.5328931971011659
2018-09,2018-09-04,4,3,QCOM,0.03743927616754239,-0.08959717543283063,-0.15490170239512047,0.20486654871915766,0.4040737895501598,0.32605549016269353,0.09844590144167586,0.0773575423666295
2018-09,2018-09-04,4,4,AAPL,-0.004816794028615123,-0.026887184601249947,-0.18784004699766566,0.20458843082319977,0.3604052978736012,0.38015674786103193,0.3145404827387992,0.37669788854415676
2018-09,2018-09-04,4,5,REGN,-0.024013972897539038,-0.12086248262215438,-0.052781519192638404,0.31624729455019196,0.3409800449023701,0.22195651100178648,0.25529854149857223,0.1681366994152298
2018-09,2018-09-04,4,6,ORLY,0.005817668501833628,-0.06739773744667732,0.007446582393349166,0.2616706282931742,0.328566952201371,0.4562013109224714,0.4132204762498981,0.3102370272055599
2018-09,2018-09-04,4,7,TTWO,0.021407900906453614,-0.04177503284161466,-0.23095220379653825,0.17401172073179327,0.2898369591853007,0.402522949826867,0.2509763588803591,0.07934851924004271
2018-09,2018-09-04,4,8,AMZN,-0.01723452849077589,-0.18336762023840403,-0.1309873992724747,0.24243695178572744,0.2889854177140092,0.48653413222348196,0.36563662902195193,0.4672734102756857
2018-09,2018-09-04,4,9,IDXX,-0.008286859884680031,-0.1830278981729334,-0.1778486031460096,0.16549033845022798,0.2867835698839407,0.3449791371089965,0.37526715004420597,0.2941479966456626
2018-09,2018-09-04,4,10,BIIB,0.016843551907388177,-0.09053419052238731,-0.041907010637231346,0.16705377324912218,0.26259065480384325,0.2991119269764444,0.2279794358976852,0.002080928383535019
2018-09,2018-09-04,5,1,ALGN,0.01606415969976771,-0.4006435912172921,-0.38831649453256734,0.15683446158311543,0.5331025391368456,0.5877456124930305,0.5692526238374533,0.5077277283301558
2018-09,2018-09-04,5,2,ILMN,0.03832758713390483,-0.1140760186858496,-0.007818445277948283,0.27749427150050643,0.4527757645820447,0.5352933066207513,0.5721474856201443,0.5328931971011659
2018-09,2018-09-04,5,3,AMZN,-0.01723452849077589,-0.18336762023840403,-0.1309873992724747,0.24243695178572744,0.2889854177140092,0.48653413222348196,0.36563662902195193,0.4672734102756857
2018-09,2018-09-04,5,4,ORLY,0.005817668501833628,-0.06739773744667732,0.007446582393349166,0.2616706282931742,0.328566952201371,0.4562013109224714,0.4132204762498981,0.3102370272055599
2018-09,2018-09-04,5,5,TTWO,0.021407900906453614,-0.04177503284161466,-0.23095220379653825,0.17401172073179327,0.2898369591853007,0.402522949826867,0.2509763588803591,0.07934851924004271
2018-09,2018-09-04,5,6,ISRG,0.03364924731166852,-0.06729857695048869,-0.01276910584727775,0.16020868865536975,0.24238634844514295,0.38698893392418166,0.3491617403172702,0.3054799876703018
2018-09,2018-09-04,5,7,AAPL,-0.004816794028615123,-0.026887184601249947,-0.18784004699766566,0.20458843082319977,0.3604052978736012,0.38015674786103193,0.3145404827387992,0.37669788854415676
2018-09,2018-09-04,5,8,CSX,0.002538563714352904,-0.07014982185077767,-0.01961703209780774,0.14701608077523498,0.2584591094937636,0.37593581148583866,0.3814878171335574,0.3365241077344585
2018-09,2018-09-04,5,9,ULTA,0.03130807482874243,-0.005175430752002441,0.11706817687359927,0.11919233917273253,0.0947649846888503,0.3507113105987172,0.36699709002715664,0.2505469587507765
2018-09,2018-09-04,5,10,IDXX,-0.008286859884680031,-0.1830278981729334,-0.1778486031460096,0.16549033845022798,0.2867835698839407,0.3449791371089965,0.37526715004420597,0.2941479966456626
2018-09,2018-09-04,6,1,ILMN,0.03832758713390483,-0.1140760186858496,-0.007818445277948283,0.27749427150050643,0.4527757645820447,0.5352933066207513,0.5721474856201443,0.5328931971011659
2018-09,2018-09-04,6,2,ALGN,0.01606415969976771,-0.4006435912172921,-0.38831649453256734,0.15683446158311543,0.5331025391368456,0.5877456124930305,0.5692526238374533,0.5077277283301558
2018-09,2018-09-04,6,3,ORLY,0.005817668501833628,-0.06739773744667732,0.007446582393349166,0.2616706282931742,0.328566952201371,0.4562013109224714,0.4132204762498981,0.3102370272055599
2018-09,2018-09-04,6,4,CSX,0.002538563714352904,-0.07014982185077767,-0.01961703209780774,0.14701608077523498,0.2584591094937636,0.37593581148583866,0.3814878171335574,0.3365241077344585
2018-09,2018-09-04,6,5,IDXX,-0.008286859884680031,-0.1830278981729334,-0.1778486031460096,0.16549033845022798,0.2867835698839407,0.3449791371089965,0.37526715004420597,0.2941479966456626
2018-09,2018-09-04,6,6,ULTA,0.03130807482874243,-0.005175430752002441,0.11706817687359927,0.11919233917273253,0.0947649846888503,0.3507113105987172,0.36699709002715664,0.2505469587507765
2018-09,2018-09-04,6,7,AMZN,-0.01723452849077589,-0.18336762023840403,-0.1309873992724747,0.24243695178572744,0.2889854177140092,0.48653413222348196,0.36563662902195193,0.4672734102756857
2018-09,2018-09-04,6,8,ISRG,0.03364924731166852,-0.06729857695048869,-0.01276910584727775,0.16020868865536975,0.24238634844514295,0.38698893392418166,0.3491617403172702,0.3054799876703018
2018-09,2018-09-04,6,9,INTU,0.0316206124454701,-0.03587857490194679,-0.03061201459579732,0.08366507669139889,0.18112790895633868,0.30486197452497876,0.34884951614888027,0.33818229885052964
2018-09,2018-09-04,6,10,ADSK,0.012435729589493905,-0.11953903931321441,-0.03626533106476526,0.15031449538059372,0.20879898700661115,0.25124233269157337,0.3385915914016977,0.32897808032761566
2018-08,2018-08-01,4,1,ALGN,0.0894259917263458,0.10692670483851563,-0.3470455499643573,0.4072571710056532,0.45741484465321824,0.4404398607662703,0.38396526223957017,0.5746595133817043
2018-08,2018-08-01,4,2,ILMN,0.0921325428537958,0.13399134805179758,-0.03245358951221833,0.33021927978253496,0.4057756237250789,0.43952077603332484,0.4035779879753798,0.4427978179725294
2018-08,2018-08-01,4,3,AMZN,0.13484539265081574,0.11528686739854943,-0.07324850633808155,0.13582469124111007,0.3099001342827661,0.20336799872980516,0.292928023304013,0.5114842916644851
2018-08,2018-08-01,4,4,BMRN,-0.05140142991641439,-0.023274224479648997,-0.03486188204322982,0.17188947225064655,0.30637857452034956,0.2999871713795639,0.09003567110628885,0.10919479923872011
2018-08,2018-08-01,4,5,CSX,0.06288216433879867,0.06558035843382215,-0.011678830137937024,0.18400623485542256,0.2945327879707016,0.2997563262273366,0.257452756831128,0.26280992188232855
2018-08,2018-08-01,4,6,BIIB,0.007731220371401726,0.024704993490422877,-0.08350290992906062,0.2529041765109872,0.28914526087388026,0.2185584916631942,-0.00560694347227253,0.029595666078512606
2018-08,2018-08-01,4,7,ISRG,0.07697228547664059,0.11321159225845712,0.004493583248947219,0.1535917545875325,0.2878594487789772,0.25273580250040073,0.21217602836690386,0.37585605007111034
2018-08,2018-08-01,4,8,ORLY,0.13571191739384725,0.1423191128428265,0.059167503770274354,0.16980981871712153,0.2821925072901066,0.24434766828269106,0.15367022846092926,0.21439469033780867
2018-08,2018-08-01,4,9,IDXX,0.06288378779304593,0.05407581876990686,-0.1316535978888015,0.2106531162318288,0.2654056375266469,0.2939017095178278,0.2175818386813575,0.4964197297373607
2018-08,2018-08-01,4,10,EXPE,-0.04523526808548417,-0.023121858776703474,-0.043361202329573745,0.1812851397782289,0.25550968106807437,0.29325934850966173,0.041338890470508094,0.10729076368549118
2018-08,2018-08-01,5,1,ALGN,0.0894259917263458,0.10692670483851563,-0.3470455499643573,0.4072571710056532,0.45741484465321824,0.4404398607662703,0.38396526223957017,0.5746595133817043
2018-08,2018-08-01,5,2,ILMN,0.0921325428537958,0.13399134805179758,-0.03245358951221833,0.33021927978253496,0.4057756237250789,0.43952077603332484,0.4035779879753798,0.4427978179725294
2018-08,2018-08-01,5,3,BMRN,-0.05140142991641439,-0.023274224479648997,-0.03486188204322982,0.17188947225064655,0.30637857452034956,0.2999871713795639,0.09003567110628885,0.10919479923872011
2018-08,2018-08-01,5,4,CSX,0.06288216433879867,0.06558035843382215,-0.011678830137937024,0.18400623485542256,0.2945327879707016,0.2997563262273366,0.257452756831128,0.26280992188232855
2018-08,2018-08-01,5,5,IDXX,0.06288378779304593,0.05407581876990686,-0.1316535978888015,0.2106531162318288,0.2654056375266469,0.2939017095178278,0.2175818386813575,0.4964197297373607
2018-08,2018-08-01,5,6,EXPE,-0.04523526808548417,-0.023121858776703474,-0.043361202329573745,0.1812851397782289,0.25550968106807437,0.29325934850966173,0.041338890470508094,0.10729076368549118
2018-08,2018-08-01,5,7,ISRG,0.07697228547664059,0.11321159225845712,0.004493583248947219,0.1535917545875325,0.2878594487789772,0.25273580250040073,0.21217602836690386,0.37585605007111034
2018-08,2018-08-01,5,8,INTU,0.08068169732684938,0.11485351445493452,0.04190837810414494,0.09294708319568179,0.2074433922149852,0.24814690531482575,0.2382760827361361,0.29541838679295895
2018-08,2018-08-01,5,9,ORLY,0.13571191739384725,0.1423191128428265,0.059167503770274354,0.16980981871712153,0.2821925072901066,0.24434766828269106,0.15367022846092926,0.21439469033780867
2018-08,2018-08-01,5,10,HSIC,-0.009159185700842731,0.105457256112512,0.07696221794908364,0.02263565304855586,0.1941363982103983,0.2391236131079606,0.04423489275351988,0.09990209913180848
2018-08,2018-08-01,6,1,ILMN,0.0921325428537958,0.13399134805179758,-0.03245358951221833,0.33021927978253496,0.4057756237250789,0.43952077603332484,0.4035779879753798,0.4427978179725294
2018-08,2018-08-01,6,2,ALGN,0.0894259917263458,0.10692670483851563,-0.3470455499643573,0.4072571710056532,0.45741484465321824,0.4404398607662703,0.38396526223957017,0.5746595133817043
2018-08,2018-08-01,6,3,AMZN,0.13484539265081574,0.11528686739854943,-0.07324850633808155,0.13582469124111007,0.3099001342827661,0.20336799872980516,0.292928023304013,0.5114842916644851
2018-08,2018-08-01,6,4,NFLX,0.07453157000636601,0.12722383551009742,-0.06206041443993293,0.08005111182962232,0.20724970786514407,0.16526057256979199,0.2765685022891491,0.6828965365596333
2018-08,2018-08-01,6,5,CSX,0.06288216433879867,0.06558035843382215,-0.011678830137937024,0.18400623485542256,0.2945327879707016,0.2997563262273366,0.257452756831128,0.26280992188232855
2018-08,2018-08-01,6,6,CTAS,0.046462852146767375,-0.038597962435473754,-0.12234774700185358,0.19513765989219545,0.22996522108137518,0.2147323665629033,0.2469428085643699,0.31316529808573756
2018-08,2018-08-01,6,7,ADBE,0.07527921689636052,0.11080196901815431,-0.01100760367729392,0.10679218350695718,0.16831541328906274,0.20375671492629976,0.2439060509232418,0.39566684730485746
2018-08,2018-08-01,6,8,INTU,0.08068169732684938,0.11485351445493452,0.04190837810414494,0.09294708319568179,0.2074433922149852,0.24814690531482575,0.2382760827361361,0.29541838679295895
2018-08,2018-08-01,6,9,MU,-0.0068845698150098444,-0.1365460128799152,-0.23274048955827042,0.1175466667826015,0.04454664129024377,0.09806820480137657,0.23064234015610663,0.1973899061201092
2018-08,2018-08-01,6,10,IDXX,0.06288378779304593,0.05407581876990686,-0.1316535978888015,0.2106531162318288,0.2654056375266469,0.2939017095178278,0.2175818386813575,0.4964197297373607
2018-07,2018-07-02,4,1,ALGN,0.03943814939425372,0.1323909367420324,0.15058184559242593,0.4021179090863136,0.3857869865616397,0.3314551356866151,0.5149141046048367,0.3393158931391125
2018-07,2018-07-02,4,2,NFLX,-0.15018331968135812,-0.08684514827961165,-0.04206638213076219,0.4206001550975458,0.3711905162097704,0.5021692699777265,0.9803053711873779,1.1313565188200858
2018-07,2018-07-02,4,3,INTU,-0.0038774983458214063,0.07649135583310507,0.11053067179680243,0.21214347654016796,0.25300543180395074,0.243096186141597,0.300460921866301,0.31941416165602066
2018-07,2018-07-02,4,4,ILMN,0.15836430365788612,0.2650873525049535,0.313575098240088,0.21358679586889595,0.24271852256462134,0.2116896070978338,0.24554754787976307,0.2388563791095495
2018-07,2018-07-02,4,5,IDXX,0.06719990599791514,0.13430947841944652,0.1249096147059201,0.18572502716198613,0.21242674614736656,0.14091261799992716,0.4021925239377635,0.42761289535030245
2018-07,2018-07-02,4,6,BMRN,0.07506391811332991,0.019804095470761673,0.05004263915318918,0.21516363121270277,0.20921849340917364,0.01392638404164237,0.03174776917942501,0.10494115492876865
2018-07,2018-07-02,4,7,ADP,-0.01668388240700447,0.08119546372019948,0.1230183937307594,0.19635642549561538,0.19775635309065676,0.13181077035018096,0.175038150666881,0.20472475471209428
2018-07,2018-07-02,4,8,ISRG,0.05775456457726924,0.13917235088613045,0.17750464305171287,0.21754090401270854,0.18433504751743213,0.14598988173721494,0.3007327939265101,0.23052484832957698
2018-07,2018-07-02,4,9,CSX,0.09897260314785505,0.16807837898283595,0.171043620371242,0.17794818930216416,0.18270129983619632,0.1442075564298222,0.14908225943502496,0.15317558325981895
2018-07,2018-07-02,4,10,ADBE,0.019526433064465554,0.09627558455069818,0.13249196931406382,0.1459393061319374,0.18070181987148648,0.22008219755945113,0.36893640227629887,0.35505786941513007
2018-07,2018-07-02,5,1,NFLX,-0.15018331968135812,-0.08684514827961165,-0.04206638213076219,0.4206001550975458,0.3711905162097704,0.5021692699777265,0.9803053711873779,1.1313565188200858
2018-07,2018-07-02,5,2,ALGN,0.03943814939425372,0.1323909367420324,0.15058184559242593,0.4021179090863136,0.3857869865616397,0.3314551356866151,0.5149141046048367,0.3393158931391125
2018-07,2018-07-02,5,3,MU,-0.0401981169312684,-0.04680594000383298,-0.17125523721893832,0.08829401120839808,0.14405714780489087,0.28218371089399086,0.24753860900100322,0.29745165506447835
2018-07,2018-07-02,5,4,INTU,-0.0038774983458214063,0.07649135583310507,0.11053067179680243,0.21214347654016796,0.25300543180395074,0.243096186141597,0.300460921866301,0.31941416165602066
2018-07,2018-07-02,5,5,AMZN,0.04865845655080925,0.1900652178810016,0.16955500497755005,0.2491198884632264,0.14753091553551,0.23293529483054187,0.44135040558007543,0.4744096449566575
2018-07,2018-07-02,5,6,ADBE,0.019526433064465554,0.09627558455069818,0.13249196931406382,0.1459393061319374,0.18070181987148648,0.22008219755945113,0.36893640227629887,0.35505786941513007
2018-07,2018-07-02,5,7,ILMN,0.15836430365788612,0.2650873525049535,0.313575098240088,0.21358679586889595,0.24271852256462134,0.2116896070978338,0.24554754787976307,0.2388563791095495
2018-07,2018-07-02,5,8,ISRG,0.05775456457726924,0.13917235088613045,0.17750464305171287,0.21754090401270854,0.18433504751743213,0.14598988173721494,0.3007327939265101,0.23052484832957698
2018-07,2018-07-02,5,9,CSX,0.09897260314785505,0.16807837898283595,0.171043620371242,0.17794818930216416,0.18270129983619632,0.1442075564298222,0.14908225943502496,0.15317558325981895
2018-07,2018-07-02,5,10,CTAS,0.09181047770474327,0.14253910650263024,0.04966881789963895,0.12653729396979907,0.11258537206619623,0.14208723402778944,0.20274106623920396,0.19777775926221053
2018-07,2018-07-02,6,1,NFLX,-0.15018331968135812,-0.08684514827961165,-0.04206638213076219,0.4206001550975458,0.3711905162097704,0.5021692699777265,0.9803053711873779,1.1313565188200858
2018-07,2018-07-02,6,2,ALGN,0.03943814939425372,0.1323909367420324,0.15058184559242593,0.4021179090863136,0.3857869865616397,0.3314551356866151,0.5149141046048367,0.3393158931391125
2018-07,2018-07-02,6,3,AMZN,0.04865845655080925,0.1900652178810016,0.16955500497755005,0.2491198884632264,0.14753091553551,0.23293529483054187,0.44135040558007543,0.4744096449566575
2018-07,2018-07-02,6,4,IDXX,0.06719990599791514,0.13430947841944652,0.1249096147059201,0.18572502716198613,0.21242674614736656,0.14091261799992716,0.4021925239377635,0.42761289535030245
2018-07,2018-07-02,6,5,STX,-0.07880571400439995,-0.14233618804825898,-0.1736572828556906,0.008346246571985683,0.08973702763560687,0.08092926399899247,0.3707383500183583,0.527000098231291
2018-07,2018-07-02,6,6,ADBE,0.019526433064465554,0.09627558455069818,0.13249196931406382,0.1459393061319374,0.18070181987148648,0.22008219755945113,0.36893640227629887,0.35505786941513007
2018-07,2018-07-02,6,7,SIRI,0.005865056379217304,0.050049050937158945,-0.074781953174475,0.11805789291302848,0.08606270859234622,0.12010487315502694,0.31359704574138636,0.2353501504682738
2018-07,2018-07-02,6,8,ISRG,0.05775456457726924,0.13917235088613045,0.17750464305171287,0.21754090401270854,0.18433504751743213,0.14598988173721494,0.3007327939265101,0.23052484832957698
2018-07,2018-07-02,6,9,INTU,-0.0038774983458214063,0.07649135583310507,0.11053067179680243,0.21214347654016796,0.25300543180395074,0.243096186141597,0.300460921866301,0.31941416165602066
2018-07,2018-07-02,6,10,MU,-0.0401981169312684,-0.04680594000383298,-0.17125523721893832,0.08829401120839808,0.14405714780489087,0.28218371089399086,0.24753860900100322,0.29745165506447835
2018-06,2018-06-01,4,1,MU,-0.07252303154635231,-0.10980585917531027,-0.1159344628867306,0.23351542595428576,0.38244264224882496,0.3450885050881467,0.3989044463580347,0.3235691245372949
2018-06,2018-06-01,4,2,NFLX,0.10627068484695168,-0.059872719069533065,0.010196443184030679,0.23947107610419005,0.35786773576626585,0.7900730791409751,0.9266139363667141,0.8178283544146743
2018-06,2018-06-01,4,3,ALGN,0.02158576516994115,0.06187521719575617,0.15683446158311543,0.35650577152581353,0.303321934468348,0.4829044767991948,0.3110165967478187,0.417705897699024
2018-06,2018-06-01,4,4,ADBE,-0.032032163980586836,-0.013131204821998144,0.06115950525845659,0.21977381472395008,0.2604573748822183,0.4142374894457177,0.3998996857039716,0.4258723265735813
2018-06,2018-06-01,4,5,INTU,0.006663983709132459,0.0027606457775024573,0.08366507669139889,0.244710699976723,0.23486705222264082,0.2918520409110601,0.3106798127360588,0.35466928627504646
2018-06,2018-06-01,4,6,INTC,-0.12053258325504945,-0.1448842621692159,-0.15466598803638976,0.2000299447578655,0.2129885704951069,0.23370151802715444,0.29361912325605743,0.24473218920004358
2018-06,2018-06-01,4,7,ILMN,0.00980716388555014,0.16972457222303028,0.27749427150050643,0.23064934277438853,0.19992177757531215,0.23345089282901088,0.22682470813799793,0.3301723160883343
2018-06,2018-06-01,4,8,AMZN,0.0440074485984705,0.09480723967482052,0.24243695178572744,0.09915970147149311,0.18096407883458854,0.3805939866760708,0.41225969885174774,0.48733339904994777
2018-06,2018-06-01,4,9,CSX,-0.018031579546863963,0.07915639123437046,0.14701608077523498,0.2044188745809472,0.1652182825816535,0.17018249823632137,0.1743509864886268,0.31968047055441096
2018-06,2018-06-01,4,10,SIRI,-0.03536049071575553,-0.029702825608182826,0.01291880122040756,0.1258741717910734,0.16116420940101928,0.36174916442730587,0.2806339970305536,0.3068669561736026
2018-06,2018-06-01,5,1,NFLX,0.10627068484695168,-0.059872719069533065,0.010196443184030679,0.23947107610419005,0.35786773576626585,0.7900730791409751,0.9266139363667141,0.8178283544146743
2018-06,2018-06-01,5,2,ALGN,0.02158576516994115,0.06187521719575617,0.15683446158311543,0.35650577152581353,0.303321934468348,0.4829044767991948,0.3110165967478187,0.417705897699024
2018-06,2018-06-01,5,3,ADBE,-0.032032163980586836,-0.013131204821998144,0.06115950525845659,0.21977381472395008,0.2604573748822183,0.4142374894457177,0.3998996857039716,0.4258723265735813
2018-06,2018-06-01,5,4,AMZN,0.0440074485984705,0.09480723967482052,0.24243695178572744,0.09915970147149311,0.18096407883458854,0.3805939866760708,0.41225969885174774,0.48733339904994777
2018-06,2018-06-01,5,5,IDXX,0.027488847289038887,0.09653600124076855,0.16549033845022798,0.17999017638612225,0.11038929620516003,0.36467906940046646,0.38941935877646183,0.3524239712463253
2018-06,2018-06-01,5,6,STX,0.005734080876132142,-0.07352351146587033,-0.13741827438599585,0.08352401331204429,0.07476646615908145,0.3629232379440275,0.5182940771988802,0.6066154701150408
2018-06,2018-06-01,5,7,SIRI,-0.03536049071575553,-0.029702825608182826,0.01291880122040756,0.1258741717910734,0.16116420940101928,0.36174916442730587,0.2806339970305536,0.3068669561736026
2018-06,2018-06-01,5,8,MU,-0.07252303154635231,-0.10980585917531027,-0.1159344628867306,0.23351542595428576,0.38244264224882496,0.3450885050881467,0.3989044463580347,0.3235691245372949
2018-06,2018-06-01,5,9,NVDA,-0.05970025196355144,-0.04328064968192391,0.10183665524793661,0.11011281837602649,0.07251351754356694,0.29390291775830146,0.3048338211397379,0.2457468544261836
2018-06,2018-06-01,5,10,INTU,0.006663983709132459,0.0027606457775024573,0.08366507669139889,0.244710699976723,0.23486705222264082,0.2918520409110601,0.3106798127360588,0.35466928627504646
2018-06,2018-06-01,6,1,NFLX,0.10627068484695168,-0.059872719069533065,0.010196443184030679,0.23947107610419005,0.35786773576626585,0.7900730791409751,0.9266139363667141,0.8178283544146743
2018-06,2018-06-01,6,2,STX,0.005734080876132142,-0.07352351146587033,-0.13741827438599585,0.08352401331204429,0.07476646615908145,0.3629232379440275,0.5182940771988802,0.6066154701150408
2018-06,2018-06-01,6,3,AMZN,0.0440074485984705,0.09480723967482052,0.24243695178572744,0.09915970147149311,0.18096407883458854,0.3805939866760708,0.41225969885174774,0.48733339904994777
2018-06,2018-06-01,6,4,ADBE,-0.032032163980586836,-0.013131204821998144,0.06115950525845659,0.21977381472395008,0.2604573748822183,0.4142374894457177,0.3998996857039716,0.4258723265735813
2018-06,2018-06-01,6,5,MU,-0.07252303154635231,-0.10980585917531027,-0.1159344628867306,0.23351542595428576,0.38244264224882496,0.3450885050881467,0.3989044463580347,0.3235691245372949
2018-06,2018-06-01,6,6,IDXX,0.027488847289038887,0.09653600124076855,0.16549033845022798,0.17999017638612225,0.11038929620516003,0.36467906940046646,0.38941935877646183,0.3524239712463253
2018-06,2018-06-01,6,7,ALGN,0.02158576516994115,0.06187521719575617,0.15683446158311543,0.35650577152581353,0.303321934468348,0.4829044767991948,0.3110165967478187,0.417705897699024
2018-06,2018-06-01,6,8,INTU,0.006663983709132459,0.0027606457775024573,0.08366507669139889,0.244710699976723,0.23486705222264082,0.2918520409110601,0.3106798127360588,0.35466928627504646
2018-06,2018-06-01,6,9,NVDA,-0.05970025196355144,-0.04328064968192391,0.10183665524793661,0.11011281837602649,0.07251351754356694,0.29390291775830146,0.3048338211397379,0.2457468544261836
2018-06,2018-06-01,6,10,INTC,-0.12053258325504945,-0.1448842621692159,-0.15466598803638976,0.2000299447578655,0.2129885704951069,0.23370151802715444,0.29361912325605743,0.24473218920004358
2018-05,2018-05-01,4,1,NFLX,0.14883498621662095,0.2709224669779995,0.08005111182962232,0.18195193570665702,0.5581637925530969,0.6770153759953801,0.5823232894405512,0.7699564739620675
2018-05,2018-05-01,4,2,AMZN,0.03746545517772848,0.08312166286915113,0.13582469124111007,0.1383165318331272,0.33073730772034327,0.36125949235564003,0.4336220947184717,0.6495793329698356
2018-05,2018-05-01,4,3,STX,0.06806895308012995,0.0741933468383773,-0.01045922683799716,0.006270674809558896,0.27606296767038097,0.4215318896971747,0.5042244842730743,0.625617320668185
2018-05,2018-05-01,4,4,ADBE,0.12151908026165192,0.08559439717535366,0.10679218350695718,0.12388402218547356,0.26100172019879886,0.2482174492986542,0.2713758969137854,0.5146680960736416
2018-05,2018-05-01,4,5,IDXX,0.10407055934500353,0.13442018634716213,0.2106531162318288,0.00572312775363315,0.23604334691260176,0.25845159715221766,0.22494342394987776,0.24107654024987424
2018-05,2018-05-01,4,6,BKNG,-0.023148630122381553,-0.06031489598226214,-0.0716988718697068,0.14482389094440018,0.22111805455269495,0.2559152324330978,0.13921676776567793,0.17331104512856887
2018-05,2018-05-01,4,7,SIRI,0.12052972491672276,0.08090724398207683,0.08724682590873623,0.03626363815321065,0.2152726823275577,0.14288266393444382,0.16629387611357527,0.15357063417854144
2018-05,2018-05-01,4,8,WDAY,0.005333530921002305,-0.010826306166344724,0.006049948178787012,0.05536422779860928,0.21489362565572034,0.2497016209883347,0.1392038321466733,0.21618744925093591
2018-05,2018-05-01,4,9,ISRG,0.0708300675501865,0.09060437384977349,0.1535917545875325,0.05078423415077049,0.19267153618226818,0.12829627116375097,0.19016596915853112,0.266077666285794
2018-05,2018-05-01,4,10,ADSK,0.05084217564924898,0.038092211796703745,0.0009444573342343165,0.09942024655282689,0.18614632468955916,0.1868111382036417,0.018272149395750503,0.12972344784864243
2018-05,2018-05-01,5,1,NFLX,0.14883498621662095,0.2709224669779995,0.08005111182962232,0.18195193570665702,0.5581637925530969,0.6770153759953801,0.5823232894405512,0.7699564739620675
2018-05,2018-05-01,5,2,STX,0.06806895308012995,0.0741933468383773,-0.01045922683799716,0.006270674809558896,0.27606296767038097,0.4215318896971747,0.5042244842730743,0.625617320668185
2018-05,2018-05-01,5,3,AMZN,0.03746545517772848,0.08312166286915113,0.13582469124111007,0.1383165318331272,0.33073730772034327,0.36125949235564003,0.4336220947184717,0.6495793329698356
2018-05,2018-05-01,5,4,IDXX,0.10407055934500353,0.13442018634716213,0.2106531162318288,0.00572312775363315,0.23604334691260176,0.25845159715221766,0.22494342394987776,0.24107654024987424
2018-05,2018-05-01,5,5,BKNG,-0.023148630122381553,-0.06031489598226214,-0.0716988718697068,0.14482389094440018,0.22111805455269495,0.2559152324330978,0.13921676776567793,0.17331104512856887
2018-05,2018-05-01,5,6,WDAY,0.005333530921002305,-0.010826306166344724,0.006049948178787012,0.05536422779860928,0.21489362565572034,0.2497016209883347,0.1392038321466733,0.21618744925093591
2018-05,2018-05-01,5,7,ADBE,0.12151908026165192,0.08559439717535366,0.10679218350695718,0.12388402218547356,0.26100172019879886,0.2482174492986542,0.2713758969137854,0.5146680960736416
2018-05,2018-05-01,5,8,MELI,-0.1260825689929136,-0.12891056486648667,0.019678381433775982,-0.1037596823774124,0.05232812197117198,0.2444383907385015,0.42088397372966013,0.2881459548053258
2018-05,2018-05-01,5,9,CSCO,-0.02609880581173929,-0.04505888565552019,-0.05897247522657667,0.08370254448828507,0.1715765556839175,0.2108369058931603,0.31506199495955545,0.3606179076384495
2018-05,2018-05-01,5,10,WYNN,0.0073452033555287954,-0.19339128887012003,-0.1627785676486999,0.1287134456044121,0.17123787714939098,0.2102025197283406,0.2739215596481197,0.3127274863923364
2018-05,2018-05-01,6,1,NFLX,0.14883498621662095,0.2709224669779995,0.08005111182962232,0.18195193570665702,0.5581637925530969,0.6770153759953801,0.5823232894405512,0.7699564739620675
2018-05,2018-05-01,6,2,STX,0.06806895308012995,0.0741933468383773,-0.01045922683799716,0.006270674809558896,0.27606296767038097,0.4215318896971747,0.5042244842730743,0.625617320668185
2018-05,2018-05-01,6,3,AMZN,0.03746545517772848,0.08312166286915113,0.13582469124111007,0.1383165318331272,0.33073730772034327,0.36125949235564003,0.4336220947184717,0.6495793329698356
2018-05,2018-05-01,6,4,MELI,-0.1260825689929136,-0.12891056486648667,0.019678381433775982,-0.1037596823774124,0.05232812197117198,0.2444383907385015,0.42088397372966013,0.2881459548053258
2018-05,2018-05-01,6,5,CSCO,-0.02609880581173929,-0.04505888565552019,-0.05897247522657667,0.08370254448828507,0.1715765556839175,0.2108369058931603,0.31506199495955545,0.3606179076384495
2018-05,2018-05-01,6,6,WYNN,0.0073452033555287954,-0.19339128887012003,-0.1627785676486999,0.1287134456044121,0.17123787714939098,0.2102025197283406,0.2739215596481197,0.3127274863923364
2018-05,2018-05-01,6,7,ADBE,0.12151908026165192,0.08559439717535366,0.10679218350695718,0.12388402218547356,0.26100172019879886,0.2482174492986542,0.2713758969137854,0.5146680960736416
2018-05,2018-05-01,6,8,ROST,0.016755347355780215,0.06818197001823023,0.09167511509769422,-0.029107750354189554,-0.011016581084467014,0.05127629977318904,0.2567931851253027,0.2332853971356592
2018-05,2018-05-01,6,9,ORLY,0.053022018907340485,0.060905753203281954,0.16980981871712153,-0.013796764224369262,0.03811292306435021,0.10392494746043934,0.246675780239078,0.20129999891748662
2018-05,2018-05-01,6,10,INTU,0.08993815004402395,0.0972014801198795,0.09294708319568179,0.1329698406948716,0.185252613516538,0.20252677886641424,0.24288638416806463,0.33087518078772993
2018-04,2018-04-02,4,1,STX,-0.06129911385152054,0.0025972727239966797,0.008346246571985683,0.35939252481811246,0.5143608690194881,0.6024534614481476,0.7317735017148501,0.8981487538039818
2018-04,2018-04-02,4,2,NFLX,0.11777090421215841,0.28413432133391514,0.4206001550975458,0.3939920843183351,0.5003211925411455,0.4156060812441924,0.5834698034205772,0.6040401645642062
2018-04,2018-04-02,4,3,MELI,-0.0222926857137834,-0.14556453562215166,-0.14832948787251532,0.07632223528923165,0.2728128066087079,0.45328152195218907,0.31751694600520364,0.3796923446329483
2018-04,2018-04-02,4,4,WDAY,0.003034213424579324,0.008383927416702575,-0.007824942065273954,0.21121853013149616,0.24592123006609978,0.13575770088358308,0.212508439865281,0.15067991618600907
2018-04,2018-04-02,4,5,IDXX,0.04522560637785,0.1540028198753134,0.18572502716198613,0.18256129525568743,0.20399996849798385,0.171941652094447,0.18737670860430855,0.20415537657694105
2018-04,2018-04-02,4,6,MU,-0.06532167976709524,0.1733919528189205,0.08829401120839808,0.14632497850078807,0.19218854620346582,0.12798551358528876,0.25118722751454126,0.535583182744845
2018-04,2018-04-02,4,7,ADBE,0.05558697531379786,0.18386093369010958,0.1459393061319374,0.19459765011209673,0.1824865960738029,0.20442552498891842,0.43490601105926974,0.3690184581557274
2018-04,2018-04-02,4,8,AMZN,0.15325907632052327,0.19646645255271822,0.2491198884632264,0.15389276793386708,0.18035879387894593,0.24310497454955882,0.43036319144595314,0.40249434609789136
2018-04,2018-04-02,4,9,BKNG,0.07313638686410351,0.04829474957371738,0.0084102773156145,0.13789642164778382,0.1703221023966086,0.061576871039358716,0.09334755534400774,0.09727599079048876
2018-04,2018-04-02,4,10,WDC,-0.11334567898066161,-0.04578265134691839,-0.12714654107396373,0.11183033673102094,0.147215454986642,0.020204246794282454,0.09177387080905164,0.012708984817114688
2018-04,2018-04-02,5,1,STX,-0.06129911385152054,0.0025972727239966797,0.008346246571985683,0.35939252481811246,0.5143608690194881,0.6024534614481476,0.7317735017148501,0.8981487538039818
2018-04,2018-04-02,5,2,MELI,-0.0222926857137834,-0.14556453562215166,-0.14832948787251532,0.07632223528923165,0.2728128066087079,0.45328152195218907,0.31751694600520364,0.3796923446329483
2018-04,2018-04-02,5,3,NFLX,0.11777090421215841,0.28413432133391514,0.4206001550975458,0.3939920843183351,0.5003211925411455,0.4156060812441924,0.5834698034205772,0.6040401645642062
2018-04,2018-04-02,5,4,AMZN,0.15325907632052327,0.19646645255271822,0.2491198884632264,0.15389276793386708,0.18035879387894593,0.24310497454955882,0.43036319144595314,0.40249434609789136
2018-04,2018-04-02,5,5,ADBE,0.05558697531379786,0.18386093369010958,0.1459393061319374,0.19459765011209673,0.1824865960738029,0.20442552498891842,0.43490601105926974,0.3690184581557274
2018-04,2018-04-02,5,6,WYNN,0.059944939870928415,0.0677304509999439,-0.14503917818207246,0.10499879106174625,0.14175979733033062,0.20187522174807282,0.23848648831909136,0.27000569998265234
2018-04,2018-04-02,5,7,ROST,0.04764386734909354,0.06519750425168058,0.11907429010247239,-0.05599273785851688,0.003467239715044368,0.199637800873526,0.17719908030989928,0.2959966891535408
2018-04,2018-04-02,5,8,CSCO,0.10193594497830527,0.07317673273334102,0.05228393923382013,0.06319842003791165,0.09882694308243023,0.1934105616143107,0.23475226835007823,0.2901827602450815
2018-04,2018-04-02,5,9,IDXX,0.04522560637785,0.1540028198753134,0.18572502716198613,0.18256129525568743,0.20399996849798385,0.171941652094447,0.18737670860430855,0.20415537657694105
2018-04,2018-04-02,5,10,CTAS,0.029141045720475045,0.10211368652272013,0.12653729396979907,0.06764425170592503,0.06323844374593879,0.15071488302235858,0.16408707662281374,0.2581241182866232
2018-04,2018-04-02,6,1,STX,-0.06129911385152054,0.0025972727239966797,0.008346246571985683,0.35939252481811246,0.5143608690194881,0.6024534614481476,0.7317735017148501,0.8981487538039818
2018-04,2018-04-02,6,2,NFLX,0.11777090421215841,0.28413432133391514,0.4206001550975458,0.3939920843183351,0.5003211925411455,0.4156060812441924,0.5834698034205772,0.6040401645642062
2018-04,2018-04-02,6,3,ADBE,0.05558697531379786,0.18386093369010958,0.1459393061319374,0.19459765011209673,0.1824865960738029,0.20442552498891842,0.43490601105926974,0.3690184581557274
2018-04,2018-04-02,6,4,AMZN,0.15325907632052327,0.19646645255271822,0.2491198884632264,0.15389276793386708,0.18035879387894593,0.24310497454955882,0.43036319144595314,0.40249434609789136
2018-04,2018-04-02,6,5,MELI,-0.0222926857137834,-0.14556453562215166,-0.14832948787251532,0.07632223528923165,0.2728128066087079,0.45328152195218907,0.31751694600520364,0.3796923446329483
2018-04,2018-04-02,6,6,ALGN,0.035642151755191476,0.3724916271254728,0.4021179090863136,0.08044701147282707,-0.04479082361063769,0.03294320320791111,0.2962824530447079,0.3759496299064644
2018-04,2018-04-02,6,7,INTC,0.09014692208717467,0.17353691910345126,0.03208748269874029,0.051267751311707466,0.10232503315221253,0.06066726060138228,0.26905145048421253,0.4119057740867338
2018-04,2018-04-02,6,8,MU,-0.06532167976709524,0.1733919528189205,0.08829401120839808,0.14632497850078807,0.19218854620346582,0.12798551358528876,0.25118722751454126,0.535583182744845
2018-04,2018-04-02,6,9,WYNN,0.059944939870928415,0.0677304509999439,-0.14503917818207246,0.10499879106174625,0.14175979733033062,0.20187522174807282,0.23848648831909136,0.27000569998265234
2018-04,2018-04-02,6,10,NVDA,0.02755054852437211,0.16615834885672842,0.0965384016005828,0.10954307279694087,0.1189165025649932,0.06824845497824672,0.2365426017110719,0.29849324237978814
2018-03,2018-03-01,4,1,MELI,-0.09907102649861432,-0.11915515295532231,-0.23021433415488535,0.4127781923385445,0.6130922244670756,0.46239824087883785,0.5314107828843471,0.3354253509473406
2018-03,2018-03-01,4,2,STX,0.08071709627553103,0.014470095949652428,0.08352401331204429,0.40125558690467744,0.48276867921371225,0.6024300047468953,0.7563789453739196,0.6737443962100991
2018-03,2018-03-01,4,3,NFLX,-0.034780820423310765,0.07889391511835364,0.23947107610419005,0.5543839412713836,0.4666161957795192,0.6405287388870895,0.66184033482186,0.5952865444893309
2018-03,2018-03-01,4,4,AMZN,-0.0813284408214009,0.05946631378024603,0.09915970147149311,0.28485396340594926,0.35315495742683223,0.556990827848058,0.5266548007123317,0.4991617691365924
2018-03,2018-03-01,4,5,CSCO,-0.0636986274561333,0.03174413773861007,0.00481684784036962,0.17358254009282592,0.27460088878423394,0.3187551621283444,0.3779567114589861,0.406255590150437
2018-03,2018-03-01,4,6,QCOM,-0.1716440906202895,-0.2176722408630687,-0.08832567174398942,0.0004207427945976949,0.23588174340603008,0.27352025210991826,0.2693610003622158,0.25074089798785026
2018-03,2018-03-01,4,7,ROST,-0.02511150302689913,0.021335955203044543,0.03844879389941913,0.02931488352840006,0.23053847142339023,0.20752176681225176,0.3293794040830702,0.4087595253372167
2018-03,2018-03-01,4,8,JD,-0.1542956486870085,-0.1891365286729586,-0.21900026795748573,0.23987110677895007,0.22054923901567425,0.18184131252948754,0.10050003292077836,0.014489534253090852
2018-03,2018-03-01,4,9,ORLY,-0.029515723101049773,0.06371792095856388,0.12011839267570568,0.03779857959490163,0.1719984741026479,0.12934075401770184,0.23488498938935054,0.16862031092734608
2018-03,2018-03-01,4,10,ADBE,0.030335388230017468,0.08760861602049186,0.21977381472395008,0.14767153451378712,0.16896453208111706,0.3926591549226044,0.3287114795770758,0.39814059395995915
2018-03,2018-03-01,5,1,NFLX,-0.034780820423310765,0.07889391511835364,0.23947107610419005,0.5543839412713836,0.4666161957795192,0.6405287388870895,0.66184033482186,0.5952865444893309
2018-03,2018-03-01,5,2,STX,0.08071709627553103,0.014470095949652428,0.08352401331204429,0.40125558690467744,0.48276867921371225,0.6024300047468953,0.7563789453739196,0.6737443962100991
2018-03,2018-03-01,5,3,AMZN,-0.0813284408214009,0.05946631378024603,0.09915970147149311,0.28485396340594926,0.35315495742683223,0.556990827848058,0.5266548007123317,0.4991617691365924
2018-03,2018-03-01,5,4,MELI,-0.09907102649861432,-0.11915515295532231,-0.23021433415488535,0.4127781923385445,0.6130922244670756,0.46239824087883785,0.5314107828843471,0.3354253509473406
2018-03,2018-03-01,5,5,ADBE,0.030335388230017468,0.08760861602049186,0.21977381472395008,0.14767153451378712,0.16896453208111706,0.3926591549226044,0.3287114795770758,0.39814059395995915
2018-03,2018-03-01,5,6,CSCO,-0.0636986274561333,0.03174413773861007,0.00481684784036962,0.17358254009282592,0.27460088878423394,0.3187551621283444,0.3779567114589861,0.406255590150437
2018-03,2018-03-01,5,7,ALGN,-0.011647324678504378,0.023579691362954014,0.35650577152581353,-0.03353408126441526,0.045116008687800635,0.31155860191611007,0.3921646232797311,0.4492711660658495
2018-03,2018-03-01,5,8,NVDA,-0.04805996590055517,-0.021833495798806002,0.11011281837602649,0.17540649881745085,0.12218040707662015,0.298971108911148,0.36404941053686213,0.4148007030823655
2018-03,2018-03-01,5,9,QCOM,-0.1716440906202895,-0.2176722408630687,-0.08832567174398942,0.0004207427945976949,0.23588174340603008,0.27352025210991826,0.2693610003622158,0.25074089798785026
2018-03,2018-03-01,5,10,MSFT,-0.04663441902886256,0.023155640222458196,0.09021937986743711,0.10712261432500259,0.12712959975340832,0.2565962246243909,0.2679829752082996,0.2986243946020748
2018-03,2018-03-01,6,1,STX,0.08071709627553103,0.014470095949652428,0.08352401331204429,0.40125558690467744,0.48276867921371225,0.6024300047468953,0.7563789453739196,0.6737443962100991
2018-03,2018-03-01,6,2,NFLX,-0.034780820423310765,0.07889391511835364,0.23947107610419005,0.5543839412713836,0.4666161957795192,0.6405287388870895,0.66184033482186,0.5952865444893309
2018-03,2018-03-01,6,3,MELI,-0.09907102649861432,-0.11915515295532231,-0.23021433415488535,0.4127781923385445,0.6130922244670756,0.46239824087883785,0.5314107828843471,0.3354253509473406
2018-03,2018-03-01,6,4,AMZN,-0.0813284408214009,0.05946631378024603,0.09915970147149311,0.28485396340594926,0.35315495742683223,0.556990827848058,0.5266548007123317,0.4991617691365924
2018-03,2018-03-01,6,5,MU,0.051239036530740245,-0.017429663172190524,0.23351542595428576,0.13407940989128586,0.07300573360348594,0.1902024031029732,0.46073645420599973,0.6803102346671794
2018-03,2018-03-01,6,6,ALGN,-0.011647324678504378,0.023579691362954014,0.35650577152581353,-0.03353408126441526,0.045116008687800635,0.31155860191611007,0.3921646232797311,0.4492711660658495
2018-03,2018-03-01,6,7,INTC,0.022575366162876254,0.11475738802462532,0.2000299447578655,0.07798903594616191,0.03725094080981273,0.2410346390860325,0.38073517200476426,0.34288029502141226
2018-03,2018-03-01,6,8,CSCO,-0.0636986274561333,0.03174413773861007,0.00481684784036962,0.17358254009282592,0.27460088878423394,0.3187551621283444,0.3779567114589861,0.406255590150437
2018-03,2018-03-01,6,9,NVDA,-0.04805996590055517,-0.021833495798806002,0.11011281837602649,0.17540649881745085,0.12218040707662015,0.298971108911148,0.36404941053686213,0.4148007030823655
2018-03,2018-03-01,6,10,MAR,-0.039769769810270805,0.0004367362025274879,0.008761856435885118,0.0867130108894485,0.1503220035423094,0.25054468857117973,0.3316251793038796,0.3191725605566833
2018-02,2018-02-01,4,1,STX,-0.008082467066136578,0.0719822359370732,0.006270674809558896,0.49485076126038874,0.6154871262405017,0.7706904929676517,0.6873826105881493,0.4591330180170248
2018-02,2018-02-01,4,2,NFLX,0.09552192216877775,0.05741877092402525,0.18195193570665702,0.33873742378070815,0.49748599794276616,0.5169393703523117,0.4561886094722609,0.8134364539521182
2018-02,2018-02-01,4,3,AMZN,0.0744244692136915,-0.012956797647819207,0.1383165318331272,0.2594230643473032,0.44913939738130537,0.4209047210453065,0.39531610838474407,0.45754256144012406
2018-02,2018-02-01,4,4,MELI,0.017478073044944642,-0.08332452409145019,-0.1037596823774124,0.5853827882891598,0.43727740147009553,0.5051044572404273,0.31248563121453277,0.5124895592320275
2018-02,2018-02-01,4,5,ALGN,-0.03920649522754627,-0.05039716912662917,-0.01655128092148095,0.08776339920753018,0.3650785474728293,0.4489738079666137,0.5084106614657877,0.7148896827322684
2018-02,2018-02-01,4,6,ADBE,0.03335336409683087,0.06470053957550292,0.12388402218547356,0.13123407025709222,0.34770854124988815,0.2858248937316743,0.3530130568471692,0.4405028510045048
2018-02,2018-02-01,4,7,NVDA,-0.03386980152833752,-0.08030198592238214,-0.05496380115776811,0.1615208890601041,0.34450937458120245,0.4118691380257802,0.4643996278353191,0.728838060545739
2018-02,2018-02-01,4,8,MAR,-0.06547991334558123,-0.10264556207490183,-0.06507177459175006,0.2309227163435954,0.3381678001680293,0.42492943524745064,0.4116042869440293,0.4823887982549038
2018-02,2018-02-01,4,9,DLTR,-0.08588746968292293,-0.1709844625544945,-0.15754809878534715,0.24967075630222535,0.31687291707032683,0.40476198095456106,0.5596493550857633,0.6292746278582395
2018-02,2018-02-01,4,10,QCOM,-0.019198359288671862,-0.1875471649874556,-0.23269165026448102,0.26007307910874267,0.2984483296605167,0.29420766409159893,0.2752230890241456,0.23948419100122553
2018-02,2018-02-01,5,1,STX,-0.008082467066136578,0.0719822359370732,0.006270674809558896,0.49485076126038874,0.6154871262405017,0.7706904929676517,0.6873826105881493,0.4591330180170248
2018-02,2018-02-01,5,2,NFLX,0.09552192216877775,0.05741877092402525,0.18195193570665702,0.33873742378070815,0.49748599794276616,0.5169393703523117,0.4561886094722609,0.8134364539521182
2018-02,2018-02-01,5,3,MELI,0.017478073044944642,-0.08332452409145019,-0.1037596823774124,0.5853827882891598,0.43727740147009553,0.5051044572404273,0.31248563121453277,0.5124895592320275
2018-02,2018-02-01,5,4,ALGN,-0.03920649522754627,-0.05039716912662917,-0.01655128092148095,0.08776339920753018,0.3650785474728293,0.4489738079666137,0.5084106614657877,0.7148896827322684
2018-02,2018-02-01,5,5,MAR,-0.06547991334558123,-0.10264556207490183,-0.06507177459175006,0.2309227163435954,0.3381678001680293,0.42492943524745064,0.4116042869440293,0.4823887982549038
2018-02,2018-02-01,5,6,AMZN,0.0744244692136915,-0.012956797647819207,0.1383165318331272,0.2594230643473032,0.44913939738130537,0.4209047210453065,0.39531610838474407,0.45754256144012406
2018-02,2018-02-01,5,7,NVDA,-0.03386980152833752,-0.08030198592238214,-0.05496380115776811,0.1615208890601041,0.34450937458120245,0.4118691380257802,0.4643996278353191,0.728838060545739
2018-02,2018-02-01,5,8,DLTR,-0.08588746968292293,-0.1709844625544945,-0.15754809878534715,0.24967075630222535,0.31687291707032683,0.40476198095456106,0.5596493550857633,0.6292746278582395
2018-02,2018-02-01,5,9,ROST,-0.04938992434394984,-0.07326117213618755,-0.029107750354189554,0.29447236352313166,0.2702598023473479,0.39844867851376153,0.4819530756235477,0.41501944938255875
2018-02,2018-02-01,5,10,INTC,0.01079858531351574,0.03361773349388586,0.12679519078308132,0.026169759119807567,0.2277763909820918,0.36598447214536467,0.3285340072027265,0.443282221554538
2018-02,2018-02-01,6,1,STX,-0.008082467066136578,0.0719822359370732,0.006270674809558896,0.49485076126038874,0.6154871262405017,0.7706904929676517,0.6873826105881493,0.4591330180170248
2018-02,2018-02-01,6,2,DLTR,-0.08588746968292293,-0.1709844625544945,-0.15754809878534715,0.24967075630222535,0.31687291707032683,0.40476198095456106,0.5596493550857633,0.6292746278582395
2018-02,2018-02-01,6,3,TTWO,-0.13719511038076337,-0.2304236309478701,-0.16318995858066343,0.12735168362854443,0.24106341741417836,0.29995831205768253,0.5593644302986136,0.7294297199587694
2018-02,2018-02-01,6,4,ALGN,-0.03920649522754627,-0.05039716912662917,-0.01655128092148095,0.08776339920753018,0.3650785474728293,0.4489738079666137,0.5084106614657877,0.7148896827322684
2018-02,2018-02-01,6,5,MU,0.12073397151018561,0.1781593004176376,0.10119995588113162,-0.0425865897884633,0.06198476476909076,0.30337483411666555,0.4992944600429723,0.4581332436921002
2018-02,2018-02-01,6,6,ROST,-0.04938992434394984,-0.07326117213618755,-0.029107750354189554,0.29447236352313166,0.2702598023473479,0.39844867851376153,0.4819530756235477,0.41501944938255875
2018-02,2018-02-01,6,7,NVDA,-0.03386980152833752,-0.08030198592238214,-0.05496380115776811,0.1615208890601041,0.34450937458120245,0.4118691380257802,0.4643996278353191,0.728838060545739
2018-02,2018-02-01,6,8,NFLX,0.09552192216877775,0.05741877092402525,0.18195193570665702,0.33873742378070815,0.49748599794276616,0.5169393703523117,0.4561886094722609,0.8134364539521182
2018-02,2018-02-01,6,9,MAR,-0.06547991334558123,-0.10264556207490183,-0.06507177459175006,0.2309227163435954,0.3381678001680293,0.42492943524745064,0.4116042869440293,0.4823887982549038
2018-02,2018-02-01,6,10,AMZN,0.0744244692136915,-0.012956797647819207,0.1383165318331272,0.2594230643473032,0.44913939738130537,0.4209047210453065,0.39531610838474407,0.45754256144012406
2018-01,2018-01-02,4,1,STX,0.2681110556181927,0.25786158977495477,0.35939252481811246,0.2739318997995539,0.39632131201983434,0.33062684306112744,0.15063504221695379,0.051275861345297935
2018-01,2018-01-02,4,2,ROST,0.018633549991075027,-0.03167668397719314,-0.05599273785851688,0.24702333077334582,0.3728672872850245,0.4548441641614218,0.38913493414285893,0.27344668680529693
2018-01,2018-01-02,4,3,INTC,0.017075962656097454,0.02805894420916566,0.051267751311707466,0.2071629220060902,0.3430505904181349,0.3062288914323128,0.41905056706423527,0.3145465633259166
2018-01,2018-01-02,4,4,DLTR,0.047658479978122115,-0.04232225595905592,-0.13147484216159566,0.256967744963823,0.3408586937452138,0.4887001679386327,0.5551581541078758,0.34918080604896584
2018-01,2018-01-02,4,5,MU,-0.027020388419091268,0.09045130428550952,0.14632497850078807,0.09147689440641549,0.33957055071167086,0.5409310145840578,0.49862671975511197,0.4197006612942078
2018-01,2018-01-02,4,6,NTES,-0.0927461390473131,-0.17643474700955097,-0.20715840554556864,0.30966966525535033,0.2936563955575975,0.13551935507814084,0.1797803949339698,0.2135502593805514
2018-01,2018-01-02,4,7,FAST,0.005857193548677975,-0.007246774790172217,-0.017951297910398845,0.19971847089447237,0.29235195059706975,0.2770202905748578,0.2557660588427788,0.26843636546255234
2018-01,2018-01-02,4,8,MAR,0.10295347843387193,0.030732180241814788,-0.010259801302440863,0.21325860639938088,0.2919216114815335,0.27984027843896264,0.3440175195419912,0.23803471988690972
2018-01,2018-01-02,4,9,TXN,0.048491014121316844,0.01467789622921134,-0.04132785938295647,0.18511531417395855,0.28720161677345635,0.30027720795511437,0.3989429410482692,0.3117347578265435
2018-01,2018-01-02,4,10,MELI,0.1741584274657837,0.19468045422736768,0.07632223528923165,0.22409154322744018,0.2818580713072367,0.1178096588271349,0.2881477693742509,0.15229053464431264
2018-01,2018-01-02,5,1,MU,-0.027020388419091268,0.09045130428550952,0.14632497850078807,0.09147689440641549,0.33957055071167086,0.5409310145840578,0.49862671975511197,0.4197006612942078
2018-01,2018-01-02,5,2,DLTR,0.047658479978122115,-0.04232225595905592,-0.13147484216159566,0.256967744963823,0.3408586937452138,0.4887001679386327,0.5551581541078758,0.34918080604896584
2018-01,2018-01-02,5,3,ROST,0.018633549991075027,-0.03167668397719314,-0.05599273785851688,0.24702333077334582,0.3728672872850245,0.4548441641614218,0.38913493414285893,0.27344668680529693
2018-01,2018-01-02,5,4,TTWO,0.1041814530685099,-0.04730684326561607,-0.15024804657283142,0.1239669113851487,0.17730496961809195,0.4122356664886504,0.5662549983543923,0.4449563912535419
2018-01,2018-01-02,5,5,STX,0.2681110556181927,0.25786158977495477,0.35939252481811246,0.2739318997995539,0.39632131201983434,0.33062684306112744,0.15063504221695379,0.051275861345297935
2018-01,2018-01-02,5,6,ALGN,0.1377883219652114,0.0931796295501246,0.08044701147282707,0.1997649484704127,0.2735003339319886,0.32573927183610896,0.507213292337432,0.5394420497538368
2018-01,2018-01-02,5,7,INTC,0.017075962656097454,0.02805894420916566,0.051267751311707466,0.2071629220060902,0.3430505904181349,0.3062288914323128,0.41905056706423527,0.3145465633259166
2018-01,2018-01-02,5,8,JBHT,0.04048602636155474,0.023186553918429498,-0.004261881659590183,0.06745590965281933,0.17103182496519032,0.3031088126125505,0.2512472796416265,0.3559783712127751
2018-01,2018-01-02,5,9,TXN,0.048491014121316844,0.01467789622921134,-0.04132785938295647,0.18511531417395855,0.28720161677345635,0.30027720795511437,0.3989429410482692,0.3117347578265435
2018-01,2018-01-02,5,10,ILMN,0.027942750836184693,0.0022764811691253772,0.026335777646611547,0.10779803758179551,0.0814868135078457,0.30023206773526523,0.2865674554004669,0.24013284114001232
2018-01,2018-01-02,6,1,TTWO,0.1041814530685099,-0.04730684326561607,-0.15024804657283142,0.1239669113851487,0.17730496961809195,0.4122356664886504,0.5662549983543923,0.4449563912535419
2018-01,2018-01-02,6,2,DLTR,0.047658479978122115,-0.04232225595905592,-0.13147484216159566,0.256967744963823,0.3408586937452138,0.4887001679386327,0.5551581541078758,0.34918080604896584
2018-01,2018-01-02,6,3,ALGN,0.1377883219652114,0.0931796295501246,0.08044701147282707,0.1997649484704127,0.2735003339319886,0.32573927183610896,0.507213292337432,0.5394420497538368
2018-01,2018-01-02,6,4,MU,-0.027020388419091268,0.09045130428550952,0.14632497850078807,0.09147689440641549,0.33957055071167086,0.5409310145840578,0.49862671975511197,0.4197006612942078
2018-01,2018-01-02,6,5,NVDA,0.20642108150002048,0.16555983891001258,0.10954307279694087,0.11446110748453431,0.17029547947745827,0.21383789647851414,0.43303037973786385,0.3830985371422928
2018-01,2018-01-02,6,6,INTC,0.017075962656097454,0.02805894420916566,0.051267751311707466,0.2071629220060902,0.3430505904181349,0.3062288914323128,0.41905056706423527,0.3145465633259166
2018-01,2018-01-02,6,7,TXN,0.048491014121316844,0.01467789622921134,-0.04132785938295647,0.18511531417395855,0.28720161677345635,0.30027720795511437,0.3989429410482692,0.3117347578265435
2018-01,2018-01-02,6,8,PYPL,0.061755206593161915,0.06500554660896274,0.01570968072887191,0.1505140259710287,0.20143175973358085,0.24435441766232913,0.3966331932485265,0.3890141701267047
2018-01,2018-01-02,6,9,ROST,0.018633549991075027,-0.03167668397719314,-0.05599273785851688,0.24702333077334582,0.3728672872850245,0.4548441641614218,0.38913493414285893,0.27344668680529693
2018-01,2018-01-02,6,10,NFLX,0.31829708593142847,0.4442233575690968,0.3939920843183351,0.1359245301560641,0.1506809705799621,0.10459821614746789,0.375590125552659,0.23363400297471038
2017-12,2017-12-01,4,1,ALGN,-0.11591298208391076,0.005903884585974906,-0.03353408126441526,0.44046944262771603,0.49955744736649654,0.7048245950835634,0.7412788770301217,0.9005836418649693
2017-12,2017-12-01,4,2,MU,0.04000921951701697,0.011907766446231038,0.13407940989128586,0.2880371881066315,0.48165130237948306,0.44097445641018274,0.365084688339129,0.4842700233832573
2017-12,2017-12-01,4,3,DLTR,0.05514027946202704,0.10542666134487821,0.010484362481925302,0.2707871359331131,0.4109026040572161,0.4738875809961378,0.2786743453077709,0.2756656611297892
2017-12,2017-12-01,4,4,ROST,0.06298677982484602,0.0827939971265641,0.02931488352840006,0.2915186842786879,0.36863806001533184,0.3068223994015751,0.19798920454601476,0.1905110669640886
2017-12,2017-12-01,4,5,ILMN,-0.005372070124182504,0.022420570295047515,-0.0031078183715340657,0.08732801585701777,0.30725473182479757,0.29351631575547943,0.2468309041903205,0.2057170523352343
2017-12,2017-12-01,4,6,PYPL,-0.01938915479759029,0.04116867053537954,0.04435598920546924,0.22518710211245008,0.26895844947082903,0.4242481613185145,0.4164784908533168,0.5839292552949806
2017-12,2017-12-01,4,7,ISRG,-0.05397568657048857,0.07376589264838418,0.03900061972240598,0.18200146502558345,0.26463117824608506,0.2911268544870471,0.2947512501426026,0.41736846702462493
2017-12,2017-12-01,4,8,WYNN,0.03326791537324869,0.0721964236726993,0.030864106278244652,0.11232301483393181,0.2511265294464473,0.22238134187734881,0.198774009233728,0.2771055790854504
2017-12,2017-12-01,4,9,QCOM,-0.004428143089263092,0.020003129347378135,0.0004207427945976949,0.2688271504810609,0.2502148790857761,0.21517685126542352,0.13909907789917764,0.2580514972516066
2017-12,2017-12-01,4,10,INTC,0.04856734335929058,0.06647264015689736,0.07798903594616191,0.2808434278674077,0.24572722935233982,0.35332325200785775,0.2536596448965398,0.25637754254548706
2017-12,2017-12-01,5,1,ALGN,-0.11591298208391076,0.005903884585974906,-0.03353408126441526,0.44046944262771603,0.49955744736649654,0.7048245950835634,0.7412788770301217,0.9005836418649693
2017-12,2017-12-01,5,2,DLTR,0.05514027946202704,0.10542666134487821,0.010484362481925302,0.2707871359331131,0.4109026040572161,0.4738875809961378,0.2786743453077709,0.2756656611297892
2017-12,2017-12-01,5,3,MU,0.04000921951701697,0.011907766446231038,0.13407940989128586,0.2880371881066315,0.48165130237948306,0.44097445641018274,0.365084688339129,0.4842700233832573
2017-12,2017-12-01,5,4,PYPL,-0.01938915479759029,0.04116867053537954,0.04435598920546924,0.22518710211245008,0.26895844947082903,0.4242481613185145,0.4164784908533168,0.5839292552949806
2017-12,2017-12-01,5,5,NVDA,0.00844800891273545,0.21661293754904465,0.17540649881745085,0.16049163579510628,0.20366928760880887,0.4210255432829846,0.3715119916132208,0.8585897655643793
2017-12,2017-12-01,5,6,INTC,0.04856734335929058,0.06647264015689736,0.07798903594616191,0.2808434278674077,0.24572722935233982,0.35332325200785775,0.2536596448965398,0.25637754254548706
2017-12,2017-12-01,5,7,LRCX,0.010623472154088986,0.009715491885405658,0.014841065110185792,0.12854235088329347,0.1959135142667212,0.3519171300340185,0.2071331738370894,0.2655398640087401
2017-12,2017-12-01,5,8,ROST,0.06298677982484602,0.0827939971265641,0.02931488352840006,0.2915186842786879,0.36863806001533184,0.3068223994015751,0.19798920454601476,0.1905110669640886
2017-12,2017-12-01,5,9,BIDU,0.031182142952655978,0.02322708676121099,0.062449450029301135,0.010445357380268527,0.041976954629858954,0.30616216997156465,0.2553135438420482,0.3055093330639642
2017-12,2017-12-01,5,10,ADBE,-0.010138186725176856,0.11062834301301416,0.14767153451378712,0.15774543466392288,0.2182410662927905,0.29701610810379364,0.26976940212487643,0.3286951629153265
2017-12,2017-12-01,6,1,ALGN,-0.11591298208391076,0.005903884585974906,-0.03353408126441526,0.44046944262771603,0.49955744736649654,0.7048245950835634,0.7412788770301217,0.9005836418649693
2017-12,2017-12-01,6,2,PYPL,-0.01938915479759029,0.04116867053537954,0.04435598920546924,0.22518710211245008,0.26895844947082903,0.4242481613185145,0.4164784908533168,0.5839292552949806
2017-12,2017-12-01,6,3,NVDA,0.00844800891273545,0.21661293754904465,0.17540649881745085,0.16049163579510628,0.20366928760880887,0.4210255432829846,0.3715119916132208,0.8585897655643793
2017-12,2017-12-01,6,4,MU,0.04000921951701697,0.011907766446231038,0.13407940989128586,0.2880371881066315,0.48165130237948306,0.44097445641018274,0.365084688339129,0.4842700233832573
2017-12,2017-12-01,6,5,ISRG,-0.05397568657048857,0.07376589264838418,0.03900061972240598,0.18200146502558345,0.26463117824608506,0.2911268544870471,0.2947512501426026,0.41736846702462493
2017-12,2017-12-01,6,6,DLTR,0.05514027946202704,0.10542666134487821,0.010484362481925302,0.2707871359331131,0.4109026040572161,0.4738875809961378,0.2786743453077709,0.2756656611297892
2017-12,2017-12-01,6,7,JBHT,0.06494809898534126,0.10806361579454937,0.0896405755027938,0.09961398689844447,0.22363598174795873,0.1749373334097568,0.2732811791529757,0.23924367498086863
2017-12,2017-12-01,6,8,ADBE,-0.010138186725176856,0.11062834301301416,0.14767153451378712,0.15774543466392288,0.2182410662927905,0.29701610810379364,0.26976940212487643,0.3286951629153265
2017-12,2017-12-01,6,9,BIIB,0.04640678578667368,0.08345073864769526,-0.11586033910394433,-0.005171189718729874,0.09685733401408725,0.17184066849310775,0.26535383122684086,0.1782828747439369
2017-12,2017-12-01,6,10,BIDU,0.031182142952655978,0.02322708676121099,0.062449450029301135,0.010445357380268527,0.041976954629858954,0.30616216997156465,0.2553135438420482,0.3055093330639642
2017-11,2017-11-01,4,1,ALGN,0.08137906203160572,-0.043966809811580077,0.08776339920753018,0.38670841707370585,0.5765282082313299,0.6102391272110916,0.7575554295404145,1.0191646245775345
2017-11,2017-11-01,4,2,MU,-0.053853086261088645,-0.015998486693960423,-0.0425865897884633,0.5659843950918853,0.5229922916683727,0.44278300601826337,0.5687521692776358,0.5495811204773682
2017-11,2017-11-01,4,3,NVDA,-0.045283135489194715,-0.03721767890866856,0.1615208890601041,0.26076047501849287,0.4884261461235575,0.43656411926480465,0.9467444586481841,0.9154899073147478
2017-11,2017-11-01,4,4,LRCX,-0.0744631907608333,-0.06463077624029667,-0.06547114540102605,0.29212960773523045,0.46068434722261986,0.30425193443079546,0.367357679754597,0.5888267592257921
2017-11,2017-11-01,4,5,INTC,-0.03779082511780185,0.008941118262161707,0.026169759119807567,0.29465324367214896,0.4064751068015362,0.3028972053296244,0.305721848577575,0.3111371372028955
2017-11,2017-11-01,4,6,PYPL,0.04034262168580183,0.02017125755140503,0.08317214432189779,0.21975051585848826,0.3690183710926127,0.36154999451816483,0.5225073185296734,0.6978653898842087
2017-11,2017-11-01,4,7,BIDU,-0.04221157014517085,-0.01234567440703771,-0.019964935186048693,0.08789887427204568,0.3637272379345178,0.31063761548290425,0.3630456292543005,0.4024571010044642
2017-11,2017-11-01,4,8,AMAT,-0.06662310175863473,-0.046304738215180996,-0.0419895056764914,0.26618897232563254,0.36159311999770094,0.2138896082089723,0.3420636069585228,0.43903389901293055
2017-11,2017-11-01,4,9,NFLX,-0.05646465018165092,0.015505107359649495,0.33873742378070815,0.0877328022696644,0.3545871070301594,0.2147984230056743,0.2745413216311632,0.34767211493891326
2017-11,2017-11-01,4,10,DLTR,0.13048725890314383,0.19282264228732426,0.24967075630222535,0.24804821367570784,0.3037631069156659,0.1310824914103017,0.12842108664497887,0.172413810028472
2017-11,2017-11-01,5,1,ALGN,0.08137906203160572,-0.043966809811580077,0.08776339920753018,0.38670841707370585,0.5765282082313299,0.6102391272110916,0.7575554295404145,1.0191646245775345
2017-11,2017-11-01,5,2,MU,-0.053853086261088645,-0.015998486693960423,-0.0425865897884633,0.5659843950918853,0.5229922916683727,0.44278300601826337,0.5687521692776358,0.5495811204773682
2017-11,2017-11-01,5,3,NVDA,-0.045283135489194715,-0.03721767890866856,0.1615208890601041,0.26076047501849287,0.4884261461235575,0.43656411926480465,0.9467444586481841,0.9154899073147478
2017-11,2017-11-01,5,4,PYPL,0.04034262168580183,0.02017125755140503,0.08317214432189779,0.21975051585848826,0.3690183710926127,0.36154999451816483,0.5225073185296734,0.6978653898842087
2017-11,2017-11-01,5,5,BIDU,-0.04221157014517085,-0.01234567440703771,-0.019964935186048693,0.08789887427204568,0.3637272379345178,0.31063761548290425,0.3630456292543005,0.4024571010044642
2017-11,2017-11-01,5,6,LRCX,-0.0744631907608333,-0.06463077624029667,-0.06547114540102605,0.29212960773523045,0.46068434722261986,0.30425193443079546,0.367357679754597,0.5888267592257921
2017-11,2017-11-01,5,7,INTC,-0.03779082511780185,0.008941118262161707,0.026169759119807567,0.29465324367214896,0.4064751068015362,0.3028972053296244,0.305721848577575,0.3111371372028955
2017-11,2017-11-01,5,8,BIIB,0.011465476803674157,0.058404338516317766,0.09587301795958392,0.08442389697793695,0.15855725713569013,0.25101040049876744,0.16492643769456317,0.15783493402612003
2017-11,2017-11-01,5,9,ADBE,0.018553215730274797,0.008226933039672035,0.13123407025709222,0.19605048364541755,0.2733906172726268,0.2466402172364519,0.30449262973725766,0.3600586849346683
2017-11,2017-11-01,5,10,JBHT,0.028881296635502096,0.09570518093355096,0.1400659297733189,0.18928780778629672,0.14195615884151636,0.23753943561485125,0.20445738398905955,0.18086929855530443
2017-11,2017-11-01,6,1,NVDA,-0.045283135489194715,-0.03721767890866856,0.1615208890601041,0.26076047501849287,0.4884261461235575,0.43656411926480465,0.9467444586481841,0.9154899073147478
2017-11,2017-11-01,6,2,ALGN,0.08137906203160572,-0.043966809811580077,0.08776339920753018,0.38670841707370585,0.5765282082313299,0.6102391272110916,0.7575554295404145,1.0191646245775345
2017-11,2017-11-01,6,3,MU,-0.053853086261088645,-0.015998486693960423,-0.0425865897884633,0.5659843950918853,0.5229922916683727,0.44278300601826337,0.5687521692776358,0.5495811204773682
2017-11,2017-11-01,6,4,PYPL,0.04034262168580183,0.02017125755140503,0.08317214432189779,0.21975051585848826,0.3690183710926127,0.36154999451816483,0.5225073185296734,0.6978653898842087
2017-11,2017-11-01,6,5,LRCX,-0.0744631907608333,-0.06463077624029667,-0.06547114540102605,0.29212960773523045,0.46068434722261986,0.30425193443079546,0.367357679754597,0.5888267592257921
2017-11,2017-11-01,6,6,BIDU,-0.04221157014517085,-0.01234567440703771,-0.019964935186048693,0.08789887427204568,0.3637272379345178,0.31063761548290425,0.3630456292543005,0.4024571010044642
2017-11,2017-11-01,6,7,ADSK,-0.14200994866208605,-0.14152906079083027,-0.07380989881850164,0.12030886924328521,0.2558373390981743,0.10395470341411861,0.35659919792654327,0.46129522978335524
2017-11,2017-11-01,6,8,ISRG,0.0548346206364454,-0.0021008022307275054,0.13264543802411266,0.19889047392382397,0.22400879647658178,0.22744478121262368,0.3436878533332941,0.4752258191846437
2017-11,2017-11-01,6,9,AMAT,-0.06662310175863473,-0.046304738215180996,-0.0419895056764914,0.26618897232563254,0.36159311999770094,0.2138896082089723,0.3420636069585228,0.43903389901293055
2017-11,2017-11-01,6,10,INTC,-0.03779082511780185,0.008941118262161707,0.026169759119807567,0.29465324367214896,0.4064751068015362,0.3028972053296244,0.305721848577575,0.3111371372028955
2017-10,2017-10-02,4,1,BIDU,-0.013029338147028113,-0.05469091947106053,-0.02521415658756343,0.38173026883515515,0.32793979207271406,0.3810396620050216,0.4209714181082589,0.41829690054164215
2017-10,2017-10-02,4,2,GILD,-0.10404687918364264,-0.09794066605898388,-0.10672181765544131,0.18871626160445643,0.3110249276796502,0.24384747526416395,0.2625699697864501,0.21627466803925421
2017-10,2017-10-02,4,3,MU,0.10922278029764532,0.04948771022751153,0.09147689440641549,0.37302651795493946,0.30071526806464566,0.4142805188842964,0.3969972020062178,0.6297351643110718
2017-10,2017-10-02,4,4,JBHT,-0.02578181774833177,0.002354866560978275,0.06745590965281933,0.1721770129583935,0.27028981614219116,0.236332277442461,0.212119954306347,0.09398258505602874
2017-10,2017-10-02,4,5,BIIB,-0.0013916640500976074,0.010057856661691567,0.05693139524793733,0.16017182655864803,0.252753812943864,0.16654988322969944,0.15944849681708018,0.07812181306417876
2017-10,2017-10-02,4,6,NVDA,0.15754213914238901,0.10512500162115201,0.11446110748453431,0.28585050668333944,0.2410469309818304,0.6817914379259722,0.6547906486876707,0.7447826309961652
2017-10,2017-10-02,4,7,PYPL,0.12776557607834382,0.17326259606434302,0.1505140259710287,0.21392104895876818,0.20729877148119336,0.3500210955400782,0.5055126933279093,0.5126089319741576
2017-10,2017-10-02,4,8,AMGN,-0.06277717902696733,-0.04679546607006502,-0.04787075959302989,0.09046451206160477,0.2060439817149382,0.16724844400782635,0.1580606444931556,0.06482588870669126
2017-10,2017-10-02,4,9,VRTX,-0.06306241288943215,-0.07514946306562043,0.004466977295245922,0.18716369648014952,0.19715312475175661,0.26206261201443004,0.41675197813981346,0.6856383550311931
2017-10,2017-10-02,4,10,LRCX,0.09126141111551811,0.01000260448968704,0.020732339034040592,0.3385283602482261,0.19517827822533618,0.2530065352140012,0.4559543140095541,0.5683599637065813
2017-10,2017-10-02,5,1,NVDA,0.15754213914238901,0.10512500162115201,0.11446110748453431,0.28585050668333944,0.2410469309818304,0.6817914379259722,0.6547906486876707,0.7447826309961652
2017-10,2017-10-02,5,2,MU,0.10922278029764532,0.04948771022751153,0.09147689440641549,0.37302651795493946,0.30071526806464566,0.4142805188842964,0.3969972020062178,0.6297351643110718
2017-10,2017-10-02,5,3,BIDU,-0.013029338147028113,-0.05469091947106053,-0.02521415658756343,0.38173026883515515,0.32793979207271406,0.3810396620050216,0.4209714181082589,0.41829690054164215
2017-10,2017-10-02,5,4,PYPL,0.12776557607834382,0.17326259606434302,0.1505140259710287,0.21392104895876818,0.20729877148119336,0.3500210955400782,0.5055126933279093,0.5126089319741576
2017-10,2017-10-02,5,5,ISRG,0.06378244639353436,0.12211455328123355,0.06154764985714212,0.1506194717033087,0.1538494410900857,0.2631227915902383,0.3867739820167144,0.4309733107073581
2017-10,2017-10-02,5,6,VRTX,-0.06306241288943215,-0.07514946306562043,0.004466977295245922,0.18716369648014952,0.19715312475175661,0.26206261201443004,0.41675197813981346,0.6856383550311931
2017-10,2017-10-02,5,7,AMAT,0.06970052079448585,-0.0015662458536697121,0.020168318210454395,0.2728731953747401,0.13479388353236899,0.2546162041332354,0.34526801757947534,0.4197422659109593
2017-10,2017-10-02,5,8,LRCX,0.09126141111551811,0.01000260448968704,0.020732339034040592,0.3385283602482261,0.19517827822533618,0.2530065352140012,0.4559543140095541,0.5683599637065813
2017-10,2017-10-02,5,9,GILD,-0.10404687918364264,-0.09794066605898388,-0.10672181765544131,0.18871626160445643,0.3110249276796502,0.24384747526416395,0.2625699697864501,0.21627466803925421
2017-10,2017-10-02,5,10,MNST,0.04824083926108047,0.14109537296725883,0.1372869020423919,0.10901041906427911,0.0818127931935686,0.2374326232112507,0.20498254834291152,0.31254467014308696
2017-10,2017-10-02,6,1,NVDA,0.15754213914238901,0.10512500162115201,0.11446110748453431,0.28585050668333944,0.2410469309818304,0.6817914379259722,0.6547906486876707,0.7447826309961652
2017-10,2017-10-02,6,2,PYPL,0.12776557607834382,0.17326259606434302,0.1505140259710287,0.21392104895876818,0.20729877148119336,0.3500210955400782,0.5055126933279093,0.5126089319741576
2017-10,2017-10-02,6,3,LRCX,0.09126141111551811,0.01000260448968704,0.020732339034040592,0.3385283602482261,0.19517827822533618,0.2530065352140012,0.4559543140095541,0.5683599637065813
2017-10,2017-10-02,6,4,BIDU,-0.013029338147028113,-0.05469091947106053,-0.02521415658756343,0.38173026883515515,0.32793979207271406,0.3810396620050216,0.4209714181082589,0.41829690054164215
2017-10,2017-10-02,6,5,VRTX,-0.06306241288943215,-0.07514946306562043,0.004466977295245922,0.18716369648014952,0.19715312475175661,0.26206261201443004,0.41675197813981346,0.6856383550311931
2017-10,2017-10-02,6,6,MU,0.10922278029764532,0.04948771022751153,0.09147689440641549,0.37302651795493946,0.30071526806464566,0.4142805188842964,0.3969972020062178,0.6297351643110718
2017-10,2017-10-02,6,7,ISRG,0.06378244639353436,0.12211455328123355,0.06154764985714212,0.1506194717033087,0.1538494410900857,0.2631227915902383,0.3867739820167144,0.4309733107073581
2017-10,2017-10-02,6,8,AMAT,0.06970052079448585,-0.0015662458536697121,0.020168318210454395,0.2728731953747401,0.13479388353236899,0.2546162041332354,0.34526801757947534,0.4197422659109593
2017-10,2017-10-02,6,9,ADSK,0.10945138636957497,-0.048101748051848525,-0.04756822633639546,0.1319444497767619,-0.004954415329042061,0.2227657873011477,0.3171331774753181,0.26470258444559236
2017-10,2017-10-02,6,10,WYNN,0.030461786638523947,0.08471719814879419,0.1208034781007159,0.1269124744804413,0.1051488916001202,0.17736270916049923,0.2743122455012972,0.44341850487116474
2017-09,2017-09-01,4,1,NVDA,0.05009988380747399,0.2155348658156777,0.16049163579510628,0.18183703295158593,0.6015537796538912,0.5758411882569647,0.6615396857962654,0.500703877701473
2017-09,2017-09-01,4,2,VRTX,-0.06169877605216656,-0.12087031525142433,-0.13221160922566066,0.27587292246601036,0.34505058695798607,0.5099116807915198,0.7964789046517424,0.8812617058438386
2017-09,2017-09-01,4,3,PYPL,0.04425650849373852,0.1776765428750009,0.22518710211245008,0.15613238860500966,0.29280601514984306,0.44170774238170485,0.4485032361981467,0.5634698229232213
2017-09,2017-09-01,4,4,BIDU,0.06890474046317485,0.054977619152718704,0.010445357380268527,0.24233689102856326,0.29201378731522265,0.3293714250837054,0.3268693147782933,0.33839598197528176
2017-09,2017-09-01,4,5,REGN,-0.08285713063271205,-0.21230156692753588,-0.2589881349674953,0.08149871246848095,0.27218098432856364,0.31527441223906827,0.32963986218156704,0.3839689259443293
2017-09,2017-09-01,4,6,MNST,-0.016761811888631573,0.030670423499405075,0.12196854697859383,0.10025506156503639,0.2585278299535396,0.22552456049075542,0.334920354003194,0.34098522812747234
2017-09,2017-09-01,4,7,GILD,0.003489637445770688,-0.10092032762358671,-0.09479280602895634,0.3064658355781964,0.2395219929028738,0.25817937990882367,0.21204507017640473,0.16827045368730897
2017-09,2017-09-01,4,8,ADSK,-0.010904914904171004,0.09735291341090035,-0.058482117486772234,0.006016104684770873,0.23624695514757255,0.3316547593072985,0.27864611148387297,0.39899115147915265
2017-09,2017-09-01,4,9,ISRG,0.05336969525012525,0.12055619136998996,0.18200146502558345,0.09538887087130554,0.1991258124150863,0.31651213080268237,0.3584720703091522,0.4443631176553453
2017-09,2017-09-01,4,10,JD,-0.06882588952201618,-0.09835670881390324,-0.11240771165338515,0.04219407914820805,0.1881722446987797,0.31547636746940766,0.36909050205987515,0.4927126603601273
2017-09,2017-09-01,5,1,NVDA,0.05009988380747399,0.2155348658156777,0.16049163579510628,0.18183703295158593,0.6015537796538912,0.5758411882569647,0.6615396857962654,0.500703877701473
2017-09,2017-09-01,5,2,VRTX,-0.06169877605216656,-0.12087031525142433,-0.13221160922566066,0.27587292246601036,0.34505058695798607,0.5099116807915198,0.7964789046517424,0.8812617058438386
2017-09,2017-09-01,5,3,PYPL,0.04425650849373852,0.1776765428750009,0.22518710211245008,0.15613238860500966,0.29280601514984306,0.44170774238170485,0.4485032361981467,0.5634698229232213
2017-09,2017-09-01,5,4,ADSK,-0.010904914904171004,0.09735291341090035,-0.058482117486772234,0.006016104684770873,0.23624695514757255,0.3316547593072985,0.27864611148387297,0.39899115147915265
2017-09,2017-09-01,5,5,BIDU,0.06890474046317485,0.054977619152718704,0.010445357380268527,0.24233689102856326,0.29201378731522265,0.3293714250837054,0.3268693147782933,0.33839598197528176
2017-09,2017-09-01,5,6,ISRG,0.05336969525012525,0.12055619136998996,0.18200146502558345,0.09538887087130554,0.1991258124150863,0.31651213080268237,0.3584720703091522,0.4443631176553453
2017-09,2017-09-01,5,7,JD,-0.06882588952201618,-0.09835670881390324,-0.11240771165338515,0.04219407914820805,0.1881722446987797,0.31547636746940766,0.36909050205987515,0.4927126603601273
2017-09,2017-09-01,5,8,REGN,-0.08285713063271205,-0.21230156692753588,-0.2589881349674953,0.08149871246848095,0.27218098432856364,0.31527441223906827,0.32963986218156704,0.3839689259443293
2017-09,2017-09-01,5,9,LRCX,0.11736578288676758,0.21933816096520942,0.12854235088329347,0.06963923231794,0.12139332920755752,0.30302389451019973,0.403622688046388,0.4266308458980286
2017-09,2017-09-01,5,10,GILD,0.003489637445770688,-0.10092032762358671,-0.09479280602895634,0.3064658355781964,0.2395219929028738,0.25817937990882367,0.21204507017640473,0.16827045368730897
2017-09,2017-09-01,6,1,VRTX,-0.06169877605216656,-0.12087031525142433,-0.13221160922566066,0.27587292246601036,0.34505058695798607,0.5099116807915198,0.7964789046517424,0.8812617058438386
2017-09,2017-09-01,6,2,NVDA,0.05009988380747399,0.2155348658156777,0.16049163579510628,0.18183703295158593,0.6015537796538912,0.5758411882569647,0.6615396857962654,0.500703877701473
2017-09,2017-09-01,6,3,PYPL,0.04425650849373852,0.1776765428750009,0.22518710211245008,0.15613238860500966,0.29280601514984306,0.44170774238170485,0.4485032361981467,0.5634698229232213
2017-09,2017-09-01,6,4,TSLA,-0.03902639885430281,-0.0965672553740784,-0.13750701369249874,0.044157778978100914,0.10088901485200896,0.1905399926969733,0.421486303890497,0.42593486890823007
2017-09,2017-09-01,6,5,WYNN,0.0254497824246267,0.056686814905366534,0.11232301483393181,0.07772112349280413,0.14814272657670435,0.24268615327826892,0.4075955055139522,0.48486491558270317
2017-09,2017-09-01,6,6,LRCX,0.11736578288676758,0.21933816096520942,0.12854235088329347,0.06963923231794,0.12139332920755752,0.30302389451019973,0.403622688046388,0.4266308458980286
2017-09,2017-09-01,6,7,JD,-0.06882588952201618,-0.09835670881390324,-0.11240771165338515,0.04219407914820805,0.1881722446987797,0.31547636746940766,0.36909050205987515,0.4927126603601273
2017-09,2017-09-01,6,8,ISRG,0.05336969525012525,0.12055619136998996,0.18200146502558345,0.09538887087130554,0.1991258124150863,0.31651213080268237,0.3584720703091522,0.4443631176553453
2017-09,2017-09-01,6,9,MNST,-0.016761811888631573,0.030670423499405075,0.12196854697859383,0.10025506156503639,0.2585278299535396,0.22552456049075542,0.334920354003194,0.34098522812747234
2017-09,2017-09-01,6,10,REGN,-0.08285713063271205,-0.21230156692753588,-0.2589881349674953,0.08149871246848095,0.27218098432856364,0.31527441223906827,0.32963986218156704,0.3839689259443293
2017-08,2017-08-01,4,1,NVDA,0.037206344692109594,0.089170262045559,0.26076047501849287,0.5441033385977849,0.5193131013142296,0.6019374488973905,0.44687109308702766,0.6162239497125288
2017-08,2017-08-01,4,2,JD,-0.07815583470671195,-0.14160257938370302,-0.16882539284425957,0.2889079189656294,0.4270051457676516,0.48516479639950205,0.6192678942489322,0.764136463319208
2017-08,2017-08-01,4,3,VRTX,0.05900788984986716,-0.006331600783457181,-0.0689947276500319,0.27010440606695596,0.42577944438693094,0.6963791505901098,0.7764378564833356,1.0456669541570065
2017-08,2017-08-01,4,4,PYPL,0.03572625542899455,0.08156388324957575,0.21975051585848826,0.24821207184167315,0.3919775952619393,0.3985386858790998,0.5095396247106212,0.47428587418827894
2017-08,2017-08-01,4,5,MELI,-0.12797704843626367,-0.08682511123317016,-0.17213329114612097,0.2295266759004302,0.3141596782065663,0.3697709941356131,0.5338559804938374,0.7963890465097239
2017-08,2017-08-01,4,6,ADSK,0.02091939206779969,0.009786352973282453,0.12030886924328521,0.21091534234024323,0.30436817015506623,0.2524457086607652,0.37032478993821005,0.4620634918250406
2017-08,2017-08-01,4,7,BIDU,0.03120564315455998,0.10226060036028617,0.08789887427204568,0.2529157456536262,0.28914289202008914,0.28671649887336637,0.29789435391470165,0.3404634700697904
2017-08,2017-08-01,4,8,NFLX,-0.04004824587415212,-0.02757781276568816,0.0877328022696644,0.17174118402212746,0.23897349801978884,0.2760601946645449,0.2930103016199932,0.4277982345542195
2017-08,2017-08-01,4,9,REGN,0.06779658693921053,-0.02067797435397567,-0.15889830162785856,0.1914076144176593,0.23176495254516705,0.24521831072050726,0.29609791122428275,0.24308665758807102
2017-08,2017-08-01,4,10,ISRG,0.06990660812650784,0.1270071977483147,0.19889047392382397,0.12077615308391398,0.23049256898039006,0.26971088877368965,0.349989902562188,0.46616500890577517
2017-08,2017-08-01,5,1,VRTX,0.05900788984986716,-0.006331600783457181,-0.0689947276500319,0.27010440606695596,0.42577944438693094,0.6963791505901098,0.7764378564833356,1.0456669541570065
2017-08,2017-08-01,5,2,NVDA,0.037206344692109594,0.089170262045559,0.26076047501849287,0.5441033385977849,0.5193131013142296,0.6019374488973905,0.44687109308702766,0.6162239497125288
2017-08,2017-08-01,5,3,JD,-0.07815583470671195,-0.14160257938370302,-0.16882539284425957,0.2889079189656294,0.4270051457676516,0.48516479639950205,0.6192678942489322,0.764136463319208
2017-08,2017-08-01,5,4,PYPL,0.03572625542899455,0.08156388324957575,0.21975051585848826,0.24821207184167315,0.3919775952619393,0.3985386858790998,0.5095396247106212,0.47428587418827894
2017-08,2017-08-01,5,5,MELI,-0.12797704843626367,-0.08682511123317016,-0.17213329114612097,0.2295266759004302,0.3141596782065663,0.3697709941356131,0.5338559804938374,0.7963890465097239
2017-08,2017-08-01,5,6,LRCX,0.05969750566356469,0.1840697330389236,0.29212960773523045,0.058220221538938244,0.2296187237831313,0.32455033681282774,0.3462623421055393,0.47780074675994233
2017-08,2017-08-01,5,7,BIDU,0.03120564315455998,0.10226060036028617,0.08789887427204568,0.2529157456536262,0.28914289202008914,0.28671649887336637,0.29789435391470165,0.3404634700697904
2017-08,2017-08-01,5,8,TSLA,0.11211938712137681,0.0687173723459753,0.004725070258763342,-0.010098171472791906,0.07051455669573503,0.27817779309637714,0.2821778717473282,0.4727407094872995
2017-08,2017-08-01,5,9,NFLX,-0.04004824587415212,-0.02757781276568816,0.0877328022696644,0.17174118402212746,0.23897349801978884,0.2760601946645449,0.2930103016199932,0.4277982345542195
2017-08,2017-08-01,5,10,EXPE,-0.027197180025038126,-0.03631960273101542,-0.19901105624810111,0.11998940046930762,0.21286319670467213,0.27309238656088164,0.26971915385553613,0.3637847794032314
2017-08,2017-08-01,6,1,VRTX,0.05900788984986716,-0.006331600783457181,-0.0689947276500319,0.27010440606695596,0.42577944438693094,0.6963791505901098,0.7764378564833356,1.0456669541570065
2017-08,2017-08-01,6,2,JD,-0.07815583470671195,-0.14160257938370302,-0.16882539284425957,0.2889079189656294,0.4270051457676516,0.48516479639950205,0.6192678942489322,0.764136463319208
2017-08,2017-08-01,6,3,MELI,-0.12797704843626367,-0.08682511123317016,-0.17213329114612097,0.2295266759004302,0.3141596782065663,0.3697709941356131,0.5338559804938374,0.7963890465097239
2017-08,2017-08-01,6,4,PYPL,0.03572625542899455,0.08156388324957575,0.21975051585848826,0.24821207184167315,0.3919775952619393,0.3985386858790998,0.5095396247106212,0.47428587418827894
2017-08,2017-08-01,6,5,NVDA,0.037206344692109594,0.089170262045559,0.26076047501849287,0.5441033385977849,0.5193131013142296,0.6019374488973905,0.44687109308702766,0.6162239497125288
2017-08,2017-08-01,6,6,TCOM,-0.14936154591736506,-0.10987908432539994,-0.20110888206938082,0.14285707976899298,0.20193863292180225,0.24336750815293406,0.38386425869434304,0.4699925029894789
2017-08,2017-08-01,6,7,ADSK,0.02091939206779969,0.009786352973282453,0.12030886924328521,0.21091534234024323,0.30436817015506623,0.2524457086607652,0.37032478993821005,0.4620634918250406
2017-08,2017-08-01,6,8,ISRG,0.06990660812650784,0.1270071977483147,0.19889047392382397,0.12077615308391398,0.23049256898039006,0.26971088877368965,0.349989902562188,0.46616500890577517
2017-08,2017-08-01,6,9,LRCX,0.05969750566356469,0.1840697330389236,0.29212960773523045,0.058220221538938244,0.2296187237831313,0.32455033681282774,0.3462623421055393,0.47780074675994233
2017-08,2017-08-01,6,10,CTSH,0.02116648500497198,0.04452221611967477,0.06023683822509973,0.15446575823741893,0.1960861377886045,0.15638187485171784,0.3283512416794845,0.23269632559089826
2017-07,2017-07-03,4,1,VRTX,0.19472823873252687,0.26522663104418176,0.18716369648014952,0.1933922696089645,0.419887046772895,0.4868970188299371,0.7122445823555912,0.6477768726599931
2017-07,2017-07-03,4,2,TSLA,-0.0937269421195781,0.00788383769459089,-0.03145023895408361,0.18122738769200386,0.4103671978131631,0.41478096540359144,0.6250518501915128,0.9387508570052396
2017-07,2017-07-03,4,3,NVDA,0.18057805238677482,0.22450304633981655,0.28585050668333944,0.28692304438714067,0.35690939337619665,0.22556157143688038,0.36901066934541826,0.5934816822273858
2017-07,2017-07-03,4,4,REGN,-0.03225151002398241,0.03335853461196647,-0.05226258848080512,0.27281516355111246,0.2867168728430316,0.3392921039395289,0.28451417952496816,0.29867403847857465
2017-07,2017-07-03,4,5,WYNN,-0.022975444043870197,0.09894457417106373,0.1269124744804413,0.13079966222648665,0.280861235950598,0.35117361737987585,0.5118442604036644,0.33198263769556613
2017-07,2017-07-03,4,6,JD,0.17215654367540578,0.08054567059752005,0.006176153649482208,0.21741857217564498,0.2670362200450034,0.3814433771546992,0.5050348631656265,0.4775665586815452
2017-07,2017-07-03,4,7,PYPL,0.1223757262599443,0.16247400814361024,0.21392104895876818,0.24020643238639927,0.24605214916702112,0.3449503489716501,0.31354041226550144,0.378977487772836
2017-07,2017-07-03,4,8,ISRG,0.020951307145304465,0.09232255009015722,0.1506194717033087,0.20524119061171175,0.2436546972293372,0.32228627664615317,0.4360773120564765,0.457561771546078
2017-07,2017-07-03,4,9,EXPE,0.03357475715435654,0.005464438414694461,-0.003964267418295364,0.17346441397614365,0.23173711214268256,0.22847345590301904,0.3194834432276681,0.2159882850786583
2017-07,2017-07-03,4,10,MELI,0.15238561341994838,0.00490670395405024,0.05232960435125622,0.14038188511093885,0.18863944341558336,0.3310266655809724,0.5588436939771912,0.6605601350495407
2017-07,2017-07-03,5,1,VRTX,0.19472823873252687,0.26522663104418176,0.18716369648014952,0.1933922696089645,0.419887046772895,0.4868970188299371,0.7122445823555912,0.6477768726599931
2017-07,2017-07-03,5,2,TSLA,-0.0937269421195781,0.00788383769459089,-0.03145023895408361,0.18122738769200386,0.4103671978131631,0.41478096540359144,0.6250518501915128,0.9387508570052396
2017-07,2017-07-03,5,3,JD,0.17215654367540578,0.08054567059752005,0.006176153649482208,0.21741857217564498,0.2670362200450034,0.3814433771546992,0.5050348631656265,0.4775665586815452
2017-07,2017-07-03,5,4,HAS,-0.038112990144361314,-0.10720175253503528,-0.11346583244228747,0.1182674197626179,0.13722261748344455,0.3559996286174434,0.4042634256478057,0.33198884637094306
2017-07,2017-07-03,5,5,WYNN,-0.022975444043870197,0.09894457417106373,0.1269124744804413,0.13079966222648665,0.280861235950598,0.35117361737987585,0.5118442604036644,0.33198263769556613
2017-07,2017-07-03,5,6,PYPL,0.1223757262599443,0.16247400814361024,0.21392104895876818,0.24020643238639927,0.24605214916702112,0.3449503489716501,0.31354041226550144,0.378977487772836
2017-07,2017-07-03,5,7,REGN,-0.03225151002398241,0.03335853461196647,-0.05226258848080512,0.27281516355111246,0.2867168728430316,0.3392921039395289,0.28451417952496816,0.29867403847857465
2017-07,2017-07-03,5,8,MELI,0.15238561341994838,0.00490670395405024,0.05232960435125622,0.14038188511093885,0.18863944341558336,0.3310266655809724,0.5588436939771912,0.6605601350495407
2017-07,2017-07-03,5,9,ISRG,0.020951307145304465,0.09232255009015722,0.1506194717033087,0.20524119061171175,0.2436546972293372,0.32228627664615317,0.4360773120564765,0.457561771546078
2017-07,2017-07-03,5,10,IDXX,-0.02912386665282407,-0.027240844822757904,-0.013494909970083846,0.02601757197759924,0.08373589060171271,0.2973941642091693,0.3547619846209309,0.39546299272477703
2017-07,2017-07-03,6,1,VRTX,0.19472823873252687,0.26522663104418176,0.18716369648014952,0.1933922696089645,0.419887046772895,0.4868970188299371,0.7122445823555912,0.6477768726599931
2017-07,2017-07-03,6,2,TSLA,-0.0937269421195781,0.00788383769459089,-0.03145023895408361,0.18122738769200386,0.4103671978131631,0.41478096540359144,0.6250518501915128,0.9387508570052396
2017-07,2017-07-03,6,3,MELI,0.15238561341994838,0.00490670395405024,0.05232960435125622,0.14038188511093885,0.18863944341558336,0.3310266655809724,0.5588436939771912,0.6605601350495407
2017-07,2017-07-03,6,4,CSX,-0.10809295142428599,-0.08273148661293417,-0.027452190409682276,0.17367714220968566,0.11142732498986052,0.1658445435050051,0.5296632065087825,0.4991701006229037
2017-07,2017-07-03,6,5,WYNN,-0.022975444043870197,0.09894457417106373,0.1269124744804413,0.13079966222648665,0.280861235950598,0.35117361737987585,0.5118442604036644,0.33198263769556613
2017-07,2017-07-03,6,6,JD,0.17215654367540578,0.08054567059752005,0.006176153649482208,0.21741857217564498,0.2670362200450034,0.3814433771546992,0.5050348631656265,0.4775665586815452
2017-07,2017-07-03,6,7,ISRG,0.020951307145304465,0.09232255009015722,0.1506194717033087,0.20524119061171175,0.2436546972293372,0.32228627664615317,0.4360773120564765,0.457561771546078
2017-07,2017-07-03,6,8,HAS,-0.038112990144361314,-0.10720175253503528,-0.11346583244228747,0.1182674197626179,0.13722261748344455,0.3559996286174434,0.4042634256478057,0.33198884637094306
2017-07,2017-07-03,6,9,NTES,0.03897867496303764,-0.08802646592609653,-0.09917712364213271,0.04456503829118885,-0.015365123722743124,0.17768676075053302,0.37018900994615933,0.3723281058161114
2017-07,2017-07-03,6,10,NVDA,0.18057805238677482,0.22450304633981655,0.28585050668333944,0.28692304438714067,0.35690939337619665,0.22556157143688038,0.36901066934541826,0.5934816822273858
2017-06,2017-06-01,4,1,VRTX,0.008414533144186498,0.20478131909563713,0.27587292246601036,0.40803905547231434,0.47448987490676675,0.6979570663434387,0.6340272958208035,0.6327684661869788
2017-06,2017-06-01,4,2,JD,-0.03549280006656663,0.13055342582401686,0.04219407914820805,0.31366175403610197,0.4322789682130328,0.5604184844545468,0.5319393766925964,0.5918611264949978
2017-06,2017-06-01,4,3,ADSK,-0.12094132811270253,-0.014597908021751982,0.006016104684770873,0.2709996445678462,0.390625005866599,0.4837227399120587,0.6329095172782306,0.6124108593386675
2017-06,2017-06-01,4,4,WYNN,-0.019312576063509446,-0.04184430509668946,0.07772112349280413,0.3060851038643957,0.3777821397527963,0.5416168531407328,0.35821323408938244,0.38076212601509285
2017-06,2017-06-01,4,5,IDXX,-0.05307573655739228,-0.08065383253621838,-0.07887075347673667,0.1444800101137096,0.37011397246534194,0.430697297475092,0.473679624230428,0.6180995823057045
2017-06,2017-06-01,4,6,TSLA,0.035990200385078275,-0.06110999316286403,0.044157778978100914,0.361371176376889,0.36563161010376,0.568597704483575,0.8713988378312889,0.7840034783946572
2017-06,2017-06-01,4,7,PYPL,-0.005455278564660326,0.11625285401898333,0.15613238860500966,0.25288699674430193,0.3523276731393241,0.32074544658965487,0.38654145766585346,0.27973037959626756
2017-06,2017-06-01,4,8,LRCX,-0.10709528933425527,0.009381664674345203,0.06963923231794,0.3122393472841265,0.33374955105795534,0.46406537633782197,0.5998933667910502,0.6420360845616637
2017-06,2017-06-01,4,9,AMAT,-0.10847845044118465,-0.04130454873619782,-0.017296379293463948,0.2511014436309855,0.31985451386951524,0.4475424430041246,0.5360298757939448,0.6049288075008574
2017-06,2017-06-01,4,10,ISRG,0.0028071568978367267,0.023817277649512913,0.09538887087130554,0.24017333609440672,0.3185848022232096,0.4320573025216057,0.4534816205889627,0.3723348039842913
2017-06,2017-06-01,5,1,VRTX,0.008414533144186498,0.20478131909563713,0.27587292246601036,0.40803905547231434,0.47448987490676675,0.6979570663434387,0.6340272958208035,0.6327684661869788
2017-06,2017-06-01,5,2,TSLA,0.035990200385078275,-0.06110999316286403,0.044157778978100914,0.361371176376889,0.36563161010376,0.568597704483575,0.8713988378312889,0.7840034783946572
2017-06,2017-06-01,5,3,JD,-0.03549280006656663,0.13055342582401686,0.04219407914820805,0.31366175403610197,0.4322789682130328,0.5604184844545468,0.5319393766925964,0.5918611264949978
2017-06,2017-06-01,5,4,WYNN,-0.019312576063509446,-0.04184430509668946,0.07772112349280413,0.3060851038643957,0.3777821397527963,0.5416168531407328,0.35821323408938244,0.38076212601509285
2017-06,2017-06-01,5,5,CSX,-0.0018321466837954992,-0.10972705596558785,-0.08441205707788635,0.11346736052195516,0.16798446236445086,0.5324709180192444,0.5019218417445761,0.8179269348145499
2017-06,2017-06-01,5,6,ADSK,-0.12094132811270253,-0.014597908021751982,0.006016104684770873,0.2709996445678462,0.390625005866599,0.4837227399120587,0.6329095172782306,0.6124108593386675
2017-06,2017-06-01,5,7,LRCX,-0.10709528933425527,0.009381664674345203,0.06963923231794,0.3122393472841265,0.33374955105795534,0.46406537633782197,0.5998933667910502,0.6420360845616637
2017-06,2017-06-01,5,8,AMAT,-0.10847845044118465,-0.04130454873619782,-0.017296379293463948,0.2511014436309855,0.31985451386951524,0.4475424430041246,0.5360298757939448,0.6049288075008574
2017-06,2017-06-01,5,9,SWKS,-0.11459859745179601,-0.0315750666345892,-0.016503263175716265,0.11613228997311986,0.1769632690634071,0.44112747120136464,0.5087870394996405,0.43400416566548494
2017-06,2017-06-01,5,10,ISRG,0.0028071568978367267,0.023817277649512913,0.09538887087130554,0.24017333609440672,0.3185848022232096,0.4320573025216057,0.4534816205889627,0.3723348039842913
2017-06,2017-06-01,6,1,TSLA,0.035990200385078275,-0.06110999316286403,0.044157778978100914,0.361371176376889,0.36563161010376,0.568597704483575,0.8713988378312889,0.7840034783946572
2017-06,2017-06-01,6,2,MU,-0.052665588715648415,-0.07867344621042216,0.059817760654686136,0.25295305154369396,0.24282832983087754,0.36407977691940174,0.6645016824810286,0.8115432557902718
2017-06,2017-06-01,6,3,NVDA,-0.0348435338856562,0.1394425410137743,0.18183703295158593,0.4058957702879247,0.26980610342995526,0.4184339196907261,0.651008658360481,1.0986389679671982
2017-06,2017-06-01,6,4,VRTX,0.008414533144186498,0.20478131909563713,0.27587292246601036,0.40803905547231434,0.47448987490676675,0.6979570663434387,0.6340272958208035,0.6327684661869788
2017-06,2017-06-01,6,5,ADSK,-0.12094132811270253,-0.014597908021751982,0.006016104684770873,0.2709996445678462,0.390625005866599,0.4837227399120587,0.6329095172782306,0.6124108593386675
2017-06,2017-06-01,6,6,LRCX,-0.10709528933425527,0.009381664674345203,0.06963923231794,0.3122393472841265,0.33374955105795534,0.46406537633782197,0.5998933667910502,0.6420360845616637
2017-06,2017-06-01,6,7,AMAT,-0.10847845044118465,-0.04130454873619782,-0.017296379293463948,0.2511014436309855,0.31985451386951524,0.4475424430041246,0.5360298757939448,0.6049288075008574
2017-06,2017-06-01,6,8,JD,-0.03549280006656663,0.13055342582401686,0.04219407914820805,0.31366175403610197,0.4322789682130328,0.5604184844545468,0.5319393766925964,0.5918611264949978
2017-06,2017-06-01,6,9,SWKS,-0.11459859745179601,-0.0315750666345892,-0.016503263175716265,0.11613228997311986,0.1769632690634071,0.44112747120136464,0.5087870394996405,0.43400416566548494
2017-06,2017-06-01,6,10,WDC,-0.06368776378927044,-0.059516024709706294,-0.0074803618467581545,0.17673648269261255,0.1642495278416809,0.327408691679296,0.5066290776644542,0.621653124752868
2017-05,2017-05-01,4,1,VRTX,0.05421987039137788,0.06309063843204621,0.27010440606695596,0.3986549830059303,0.610628972221017,0.5499871912053533,0.548793104782606,0.3897914676136647
2017-05,2017-05-01,4,2,TSLA,0.054332053082466025,0.09227767494531514,-0.010098171472791906,0.29525760514552535,0.48776440960662426,0.7749615335700268,0.6920698495117448,0.510669091775175
2017-05,2017-05-01,4,3,WYNN,0.06534306653995015,0.04476854753366499,0.020764526231009883,0.2932755494693311,0.44706142233378143,0.2749069072187458,0.2960727575761759,0.28236507273746136
2017-05,2017-05-01,4,4,CSX,0.06354331964218796,0.061594752276032505,-0.05315615771401749,0.09820111771037277,0.4409106706954069,0.41218680424777965,0.7093116013611578,0.7081874563555202
2017-05,2017-05-01,4,5,ILMN,-0.03297468142384963,-0.06787642517594838,-0.0776724512963336,0.1561455611276783,0.42461677591147495,0.46265269382975815,0.3391397148919839,0.025133033895883283
2017-05,2017-05-01,4,6,LRCX,0.04838462850457059,-0.0638924266187122,0.058220221538938244,0.2721948746620151,0.3964964160397735,0.5260557273461353,0.5662534912438437,0.5904286351921446
2017-05,2017-05-01,4,7,IDXX,0.02760645202716927,-0.026934517305301275,-0.05527394666776764,0.3333061209984667,0.39226188649627636,0.434089501212537,0.5746296445625303,0.4474009171864719
2017-05,2017-05-01,4,8,JD,0.14006812020068327,0.09960391034813387,0.2889079189656294,0.25630998958282647,0.36870635780945293,0.34372617701382,0.3962859747492866,0.3535043102747497
2017-05,2017-05-01,4,9,SWKS,0.08180188628200868,-0.04217109260661689,0.047643919637230026,0.08796562844649292,0.33215470362536004,0.39469810381373627,0.3255700362974434,0.33401698714144024
2017-05,2017-05-01,4,10,AMAT,0.10558950161758474,-0.014343134341932462,0.0599236261657925,0.1938015980962553,0.3092946712014084,0.3893310976149682,0.4516498258645645,0.4021621965129496
2017-05,2017-05-01,5,1,TSLA,0.054332053082466025,0.09227767494531514,-0.010098171472791906,0.29525760514552535,0.48776440960662426,0.7749615335700268,0.6920698495117448,0.510669091775175
2017-05,2017-05-01,5,2,VRTX,0.05421987039137788,0.06309063843204621,0.27010440606695596,0.3986549830059303,0.610628972221017,0.5499871912053533,0.548793104782606,0.3897914676136647
2017-05,2017-05-01,5,3,MU,0.08730984682652809,0.030046033627087576,0.001767434078159047,0.14303051099762643,0.25454559332895466,0.5308439331613877,0.6660782214724938,0.5956010413801784
2017-05,2017-05-01,5,4,LRCX,0.04838462850457059,-0.0638924266187122,0.058220221538938244,0.2721948746620151,0.3964964160397735,0.5260557273461353,0.5662534912438437,0.5904286351921446
2017-05,2017-05-01,5,5,ILMN,-0.03297468142384963,-0.06787642517594838,-0.0776724512963336,0.1561455611276783,0.42461677591147495,0.46265269382975815,0.3391397148919839,0.025133033895883283
2017-05,2017-05-01,5,6,WDC,0.044355593682102734,-0.022157078680326237,-0.01780029963720131,0.11480183079870909,0.27103134191988,0.44263992722297374,0.5527787035021063,0.5100415590609495
2017-05,2017-05-01,5,7,IDXX,0.02760645202716927,-0.026934517305301275,-0.05527394666776764,0.3333061209984667,0.39226188649627636,0.434089501212537,0.5746296445625303,0.4474009171864719
2017-05,2017-05-01,5,8,NCLH,-0.07231331712862954,-0.006375269200190714,0.03661199026717199,0.1418469100477282,0.28301005728553674,0.413127507905801,0.4562334327549329,0.4531499020577958
2017-05,2017-05-01,5,9,CSX,0.06354331964218796,0.061594752276032505,-0.05315615771401749,0.09820111771037277,0.4409106706954069,0.41218680424777965,0.7093116013611578,0.7081874563555202
2017-05,2017-05-01,5,10,SWKS,0.08180188628200868,-0.04217109260661689,0.047643919637230026,0.08796562844649292,0.33215470362536004,0.39469810381373627,0.3255700362974434,0.33401698714144024
2017-05,2017-05-01,6,1,CSX,0.06354331964218796,0.061594752276032505,-0.05315615771401749,0.09820111771037277,0.4409106706954069,0.41218680424777965,0.7093116013611578,0.7081874563555202
2017-05,2017-05-01,6,2,TSLA,0.054332053082466025,0.09227767494531514,-0.010098171472791906,0.29525760514552535,0.48776440960662426,0.7749615335700268,0.6920698495117448,0.510669091775175
2017-05,2017-05-01,6,3,MU,0.08730984682652809,0.030046033627087576,0.001767434078159047,0.14303051099762643,0.25454559332895466,0.5308439331613877,0.6660782214724938,0.5956010413801784
2017-05,2017-05-01,6,4,IDXX,0.02760645202716927,-0.026934517305301275,-0.05527394666776764,0.3333061209984667,0.39226188649627636,0.434089501212537,0.5746296445625303,0.4474009171864719
2017-05,2017-05-01,6,5,LRCX,0.04838462850457059,-0.0638924266187122,0.058220221538938244,0.2721948746620151,0.3964964160397735,0.5260557273461353,0.5662534912438437,0.5904286351921446
2017-05,2017-05-01,6,6,WDC,0.044355593682102734,-0.022157078680326237,-0.01780029963720131,0.11480183079870909,0.27103134191988,0.44263992722297374,0.5527787035021063,0.5100415590609495
2017-05,2017-05-01,6,7,VRTX,0.05421987039137788,0.06309063843204621,0.27010440606695596,0.3986549830059303,0.610628972221017,0.5499871912053533,0.548793104782606,0.3897914676136647
2017-05,2017-05-01,6,8,NVDA,0.35513927470531303,0.3079214334673348,0.5441033385977849,-0.06297003774310517,0.04670711429212848,0.218331347321852,0.5486518671105343,0.5622272882866908
2017-05,2017-05-01,6,9,NCLH,-0.07231331712862954,-0.006375269200190714,0.03661199026717199,0.1418469100477282,0.28301005728553674,0.413127507905801,0.4562334327549329,0.4531499020577958
2017-05,2017-05-01,6,10,AMAT,0.10558950161758474,-0.014343134341932462,0.0599236261657925,0.1938015980962553,0.3092946712014084,0.3893310976149682,0.4516498258645645,0.4021621965129496
2017-04,2017-04-03,4,1,TSLA,0.08143507350467649,0.1401916613235732,0.18122738769200386,0.375731605213367,0.6413019857195812,0.5646522763758204,0.39691150101082995,0.48687541241115584
2017-04,2017-04-03,4,2,MU,-0.012220571977978656,0.07402229858101972,0.017458281932516195,0.27006653280998094,0.5497831699398983,0.6866905446783111,0.6153414376884618,0.7211535907154916
2017-04,2017-04-03,4,3,INCY,-0.10482243592702267,-0.06670520652735112,-0.09132256089883639,0.353792070813189,0.3861703577447746,0.5385983133470256,0.4498639621631866,0.714144393730773
2017-04,2017-04-03,4,4,VRTX,0.12256869401944925,0.183434223114602,0.1933922696089645,0.4347709684064214,0.38075041595494463,0.3796867069551222,0.2380458095953153,0.13403690710545857
2017-04,2017-04-03,4,5,SWKS,0.021387472567634624,0.10493889444848059,-0.021685553125253332,0.3042598811952304,0.3654936459203355,0.29781309434423875,0.3060831691893535,0.31025727907815215
2017-04,2017-04-03,4,6,IDXX,0.05441780663749474,0.08352654123302572,0.02601757197759924,0.32040817001768573,0.3600770891624103,0.4933640485302264,0.3727015117491119,0.37221627566358073
2017-04,2017-04-03,4,7,AVGO,0.01151769172627759,0.072166831876463,0.05456330368326223,0.23243425465049117,0.35787670683926476,0.3095306169320644,0.29975127222470666,0.25199307534844606
2017-04,2017-04-03,4,8,WDC,0.06768932133782668,0.11504731505380739,0.04403244503880033,0.19045055197073935,0.35117950361752204,0.45433570652973954,0.414308009720328,0.8125942882764314
2017-04,2017-04-03,4,9,ILMN,0.09405557624060457,0.05797944215408446,0.01979499478158009,0.3021429686476671,0.3369089519709114,0.22401434074632465,-0.0629972954221879,0.012992440626458768
2017-04,2017-04-03,4,10,AAPL,0.02004202439705649,0.07037091423244424,0.0027303324131418005,0.2425570189068802,0.31813846477630014,0.3011387762344797,0.289228059241434,0.35916738664822856
2017-04,2017-04-03,5,1,MU,-0.012220571977978656,0.07402229858101972,0.017458281932516195,0.27006653280998094,0.5497831699398983,0.6866905446783111,0.6153414376884618,0.7211535907154916
2017-04,2017-04-03,5,2,NVDA,-0.016054778630339328,0.3333828136366406,0.28692304438714067,0.06378596242898826,0.23821054349542292,0.5739208174158279,0.5877177452135558,0.7209697472600511
2017-04,2017-04-03,5,3,TSLA,0.08143507350467649,0.1401916613235732,0.18122738769200386,0.375731605213367,0.6413019857195812,0.5646522763758204,0.39691150101082995,0.48687541241115584
2017-04,2017-04-03,5,4,CSX,0.10557926147746222,0.17583143787929867,0.17367714220968566,0.3033083388067699,0.2773275091652645,0.5460778443662972,0.5450610515909557,0.6684250324402825
2017-04,2017-04-03,5,5,INCY,-0.10482243592702267,-0.06670520652735112,-0.09132256089883639,0.353792070813189,0.3861703577447746,0.5385983133470256,0.4498639621631866,0.714144393730773
2017-04,2017-04-03,5,6,IDXX,0.05441780663749474,0.08352654123302572,0.02601757197759924,0.32040817001768573,0.3600770891624103,0.4933640485302264,0.3727015117491119,0.37221627566358073
2017-04,2017-04-03,5,7,WDC,0.06768932133782668,0.11504731505380739,0.04403244503880033,0.19045055197073935,0.35117950361752204,0.45433570652973954,0.414308009720328,0.8125942882764314
2017-04,2017-04-03,5,8,STX,-0.06887425144300263,-0.05342140987877697,-0.13515998891933956,0.15893941472993656,0.22459065142436696,0.3844305018262708,0.21502602182261454,0.40881350717306497
2017-04,2017-04-03,5,9,VRTX,0.12256869401944925,0.183434223114602,0.1933922696089645,0.4347709684064214,0.38075041595494463,0.3796867069551222,0.2380458095953153,0.13403690710545857
2017-04,2017-04-03,5,10,MAR,0.030512218016172987,0.17548224853945826,0.08278933506648789,0.12808877604208346,0.16596520117892832,0.36754529991143614,0.3851838847764608,0.3191783634757672
2017-04,2017-04-03,6,1,MU,-0.012220571977978656,0.07402229858101972,0.017458281932516195,0.27006653280998094,0.5497831699398983,0.6866905446783111,0.6153414376884618,0.7211535907154916
2017-04,2017-04-03,6,2,NVDA,-0.016054778630339328,0.3333828136366406,0.28692304438714067,0.06378596242898826,0.23821054349542292,0.5739208174158279,0.5877177452135558,0.7209697472600511
2017-04,2017-04-03,6,3,CSX,0.10557926147746222,0.17583143787929867,0.17367714220968566,0.3033083388067699,0.2773275091652645,0.5460778443662972,0.5450610515909557,0.6684250324402825
2017-04,2017-04-03,6,4,INCY,-0.10482243592702267,-0.06670520652735112,-0.09132256089883639,0.353792070813189,0.3861703577447746,0.5385983133470256,0.4498639621631866,0.714144393730773
2017-04,2017-04-03,6,5,NFLX,0.0573781265986395,0.10937921009518647,-0.00510487074279542,0.1524041771968676,0.2533697522692273,0.19156532684576932,0.4315503318067542,0.508728744682345
2017-04,2017-04-03,6,6,WDC,0.06768932133782668,0.11504731505380739,0.04403244503880033,0.19045055197073935,0.35117950361752204,0.45433570652973954,0.414308009720328,0.8125942882764314
2017-04,2017-04-03,6,7,TSLA,0.08143507350467649,0.1401916613235732,0.18122738769200386,0.375731605213367,0.6413019857195812,0.5646522763758204,0.39691150101082995,0.48687541241115584
2017-04,2017-04-03,6,8,MAR,0.030512218016172987,0.17548224853945826,0.08278933506648789,0.12808877604208346,0.16596520117892832,0.36754529991143614,0.3851838847764608,0.3191783634757672
2017-04,2017-04-03,6,9,KLAC,0.03334353206386709,0.09736858970162521,-0.040915744933424536,0.21611708514298433,0.27185415353225384,0.3162067067849006,0.3814466406416779,0.375002260227024
2017-04,2017-04-03,6,10,IDXX,0.05441780663749474,0.08352654123302572,0.02601757197759924,0.32040817001768573,0.3600770891624103,0.4933640485302264,0.3727015117491119,0.37221627566358073
2017-03,2017-03-01,4,1,CSX,-0.053038280274102734,0.04694123874198519,0.11346736052195516,0.3488692125115609,0.6326719572295034,0.6315982150135713,0.7618716762101179,0.7807778357073334
2017-03,2017-03-01,4,2,NVDA,0.05438269933411988,0.03745481850465082,0.4058957702879247,0.17434641546887764,0.4927415049676127,0.5058268181147663,0.6322059801881279,0.8202670852470164
2017-03,2017-03-01,4,3,STX,-0.07200502784905416,-0.13591998689882068,-0.121579827621774,0.31960914463357404,0.4918512959368513,0.3093023758591882,0.5181262285372707,0.5780464385786437
2017-03,2017-03-01,4,4,INCY,0.03978383878692049,-0.06920883603227501,-0.029575156923162926,0.33313320137959734,0.4797290128514158,0.39438978379842116,0.6485584116508345,0.4802222357855903
2017-03,2017-03-01,4,5,MU,0.16659873188766627,0.15234222811521447,0.25295305154369396,0.3284629303789861,0.44581894234454333,0.3846590035930244,0.4753604162851295,0.8104717755095052
2017-03,2017-03-01,4,6,WDC,0.05532426006140212,0.12675844301630268,0.17673648269261255,0.2803453447937472,0.37809369268656967,0.3401644056188369,0.7175709465552975,0.726891436981389
2017-03,2017-03-01,4,7,NCLH,-0.01684624139479396,0.07541630453195758,-0.0023506157429606933,0.3140283460002238,0.35411135819510786,0.35124406793352025,0.37786775406991135,0.2023080625955358
2017-03,2017-03-01,4,8,FAST,0.00686556087076351,-0.1203661173037498,-0.1385397058270359,0.08037959610935919,0.3361263190552761,0.22644540921664214,0.20754124477613933,0.21692019852673883
2017-03,2017-03-01,4,9,ADI,-0.03008601545231626,-0.09001937335715948,-0.018505662172940474,0.22036830782118644,0.33168071958238365,0.31820840118816096,0.3430844270149629,0.33254364165379635
2017-03,2017-03-01,4,10,TSLA,0.19398450502309683,0.2912167209530976,0.361371176376889,0.3746426179021738,0.3104460483308811,0.16995781363494977,0.24530545091319533,0.0869961957511427
2017-03,2017-03-01,5,1,CSX,-0.053038280274102734,0.04694123874198519,0.11346736052195516,0.3488692125115609,0.6326719572295034,0.6315982150135713,0.7618716762101179,0.7807778357073334
2017-03,2017-03-01,5,2,NVDA,0.05438269933411988,0.03745481850465082,0.4058957702879247,0.17434641546887764,0.4927415049676127,0.5058268181147663,0.6322059801881279,0.8202670852470164
2017-03,2017-03-01,5,3,INCY,0.03978383878692049,-0.06920883603227501,-0.029575156923162926,0.33313320137959734,0.4797290128514158,0.39438978379842116,0.6485584116508345,0.4802222357855903
2017-03,2017-03-01,5,4,NFLX,0.02993340592355742,0.08902905527680716,0.14258670831412124,0.2169425178954274,0.1569343415725739,0.38994455716586907,0.46487990000619916,0.5116032561352675
2017-03,2017-03-01,5,5,MU,0.16659873188766627,0.15234222811521447,0.25295305154369396,0.3284629303789861,0.44581894234454333,0.3846590035930244,0.4753604162851295,0.8104717755095052
2017-03,2017-03-01,5,6,NCLH,-0.01684624139479396,0.07541630453195758,-0.0023506157429606933,0.3140283460002238,0.35411135819510786,0.35124406793352025,0.37786775406991135,0.2023080625955358
2017-03,2017-03-01,5,7,WDC,0.05532426006140212,0.12675844301630268,0.17673648269261255,0.2803453447937472,0.37809369268656967,0.3401644056188369,0.7175709465552975,0.726891436981389
2017-03,2017-03-01,5,8,TMUS,0.01940967031363039,0.09576525001623426,0.08918839724031158,0.1489124538753026,0.26475931478265546,0.3297780740802867,0.3478918829451909,0.32441016171510095
2017-03,2017-03-01,5,9,MAR,0.04814098232080011,0.08012208848505797,0.23207111868481056,0.11241256743653039,0.3047341178124807,0.3215625647127911,0.2585886686300869,0.2575279636294592
2017-03,2017-03-01,5,10,ADI,-0.03008601545231626,-0.09001937335715948,-0.018505662172940474,0.22036830782118644,0.33168071958238365,0.31820840118816096,0.3430844270149629,0.33254364165379635
2017-03,2017-03-01,6,1,CSX,-0.053038280274102734,0.04694123874198519,0.11346736052195516,0.3488692125115609,0.6326719572295034,0.6315982150135713,0.7618716762101179,0.7807778357073334
2017-03,2017-03-01,6,2,WDC,0.05532426006140212,0.12675844301630268,0.17673648269261255,0.2803453447937472,0.37809369268656967,0.3401644056188369,0.7175709465552975,0.726891436981389
2017-03,2017-03-01,6,3,INCY,0.03978383878692049,-0.06920883603227501,-0.029575156923162926,0.33313320137959734,0.4797290128514158,0.39438978379842116,0.6485584116508345,0.4802222357855903
2017-03,2017-03-01,6,4,NVDA,0.05438269933411988,0.03745481850465082,0.4058957702879247,0.17434641546887764,0.4927415049676127,0.5058268181147663,0.6322059801881279,0.8202670852470164
2017-03,2017-03-01,6,5,STX,-0.07200502784905416,-0.13591998689882068,-0.121579827621774,0.31960914463357404,0.4918512959368513,0.3093023758591882,0.5181262285372707,0.5780464385786437
2017-03,2017-03-01,6,6,MU,0.16659873188766627,0.15234222811521447,0.25295305154369396,0.3284629303789861,0.44581894234454333,0.3846590035930244,0.4753604162851295,0.8104717755095052
2017-03,2017-03-01,6,7,NFLX,0.02993340592355742,0.08902905527680716,0.14258670831412124,0.2169425178954274,0.1569343415725739,0.38994455716586907,0.46487990000619916,0.5116032561352675
2017-03,2017-03-01,6,8,NTES,-0.05737331790462008,-0.10830189095869347,-0.04276488409050272,0.39374314162490265,0.22314485452740374,0.2439749814191865,0.410771907406289,0.5080409557087116
2017-03,2017-03-01,6,9,NCLH,-0.01684624139479396,0.07541630453195758,-0.0023506157429606933,0.3140283460002238,0.35411135819510786,0.35124406793352025,0.37786775406991135,0.2023080625955358
2017-03,2017-03-01,6,10,TMUS,0.01940967031363039,0.09576525001623426,0.08918839724031158,0.1489124538753026,0.26475931478265546,0.3297780740802867,0.3478918829451909,0.32441016171510095
2017-02,2017-02-01,4,1,NVDA,-0.09679925762213415,-0.04768076321104486,-0.06297003774310517,0.6527239570659087,0.6672116700771973,0.8071353394717131,1.01535162654404,1.4502985300575482
2017-02,2017-02-01,4,2,CSX,0.04896156257058126,-0.006673554781797986,0.09820111771037277,0.556464998801752,0.5554413748156635,0.6796341630407141,0.6976578544435565,0.8174847808436445
2017-02,2017-02-01,4,3,MU,-0.008080687221554195,0.15717181242222034,0.14303051099762643,0.4575973304670198,0.3959391512546351,0.48737946451765946,0.8252208140178541,0.9799997152093392
2017-02,2017-02-01,4,4,NFLX,0.013283156254163986,0.04361417228582343,0.10349479838337361,0.1417680580514631,0.37172373643722767,0.44567674984499606,0.4917876082370294,0.45629464521775787
2017-02,2017-02-01,4,5,WDC,-0.010611513312104415,0.04412567262717393,0.11480183079870909,0.3928741957569313,0.35453810474913516,0.7359924535862408,0.7454129093035831,0.7303892403115262
2017-02,2017-02-01,4,6,TMUS,-0.014543197881203285,0.004584193756246968,0.0798293191539019,0.2834244099420087,0.3494027046352277,0.3677838339003141,0.34395557356500284,0.4715050490523771
2017-02,2017-02-01,4,7,INCY,0.07202063908751288,0.11466973536922209,-0.0021726615463095733,0.38031765331583345,0.3007116961715437,0.5378047320563357,0.38077774047851554,0.5291005509555238
2017-02,2017-02-01,4,8,AKAM,-0.07743808029765964,-0.15429401666650755,-0.10509458117509562,0.008810550478192791,0.2790913818522682,0.24750312927092666,0.3577074905126367,0.2378377828512106
2017-02,2017-02-01,4,9,NCLH,0.061771990284899436,0.04388512303032921,0.1418469100477282,0.2753315877467879,0.27263111129061546,0.2977058791127045,0.1323599356514642,0.1709693186306147
2017-02,2017-02-01,4,10,CHKP,0.01460517436723019,0.05413129633468028,0.060259357326197804,0.17821907894018074,0.26221482592892564,0.2722193974384228,0.28676578228921557,0.22971615529506506
2017-02,2017-02-01,5,1,NVDA,-0.09679925762213415,-0.04768076321104486,-0.06297003774310517,0.6527239570659087,0.6672116700771973,0.8071353394717131,1.01535162654404,1.4502985300575482
2017-02,2017-02-01,5,2,WDC,-0.010611513312104415,0.04412567262717393,0.11480183079870909,0.3928741957569313,0.35453810474913516,0.7359924535862408,0.7454129093035831,0.7303892403115262
2017-02,2017-02-01,5,3,CSX,0.04896156257058126,-0.006673554781797986,0.09820111771037277,0.556464998801752,0.5554413748156635,0.6796341630407141,0.6976578544435565,0.8174847808436445
2017-02,2017-02-01,5,4,INCY,0.07202063908751288,0.11466973536922209,-0.0021726615463095733,0.38031765331583345,0.3007116961715437,0.5378047320563357,0.38077774047851554,0.5291005509555238
2017-02,2017-02-01,5,5,MU,-0.008080687221554195,0.15717181242222034,0.14303051099762643,0.4575973304670198,0.3959391512546351,0.48737946451765946,0.8252208140178541,0.9799997152093392
2017-02,2017-02-01,5,6,NFLX,0.013283156254163986,0.04361417228582343,0.10349479838337361,0.1417680580514631,0.37172373643722767,0.44567674984499606,0.4917876082370294,0.45629464521775787
2017-02,2017-02-01,5,7,STX,0.10495781592567544,0.025395297617917034,-0.045228035938691846,0.35014321310271646,0.1849342635422908,0.3739223404338423,0.42815084506790835,0.9273792574718995
2017-02,2017-02-01,5,8,TMUS,-0.014543197881203285,0.004584193756246968,0.0798293191539019,0.2834244099420087,0.3494027046352277,0.3677838339003141,0.34395557356500284,0.4715050490523771
2017-02,2017-02-01,5,9,NCLH,0.061771990284899436,0.04388512303032921,0.1418469100477282,0.2753315877467879,0.27263111129061546,0.2977058791127045,0.1323599356514642,0.1709693186306147
2017-02,2017-02-01,5,10,CHKP,0.01460517436723019,0.05413129633468028,0.060259357326197804,0.17821907894018074,0.26221482592892564,0.2722193974384228,0.28676578228921557,0.22971615529506506
2017-02,2017-02-01,6,1,NVDA,-0.09679925762213415,-0.04768076321104486,-0.06297003774310517,0.6527239570659087,0.6672116700771973,0.8071353394717131,1.01535162654404,1.4502985300575482
2017-02,2017-02-01,6,2,MU,-0.008080687221554195,0.15717181242222034,0.14303051099762643,0.4575973304670198,0.3959391512546351,0.48737946451765946,0.8252208140178541,0.9799997152093392
2017-02,2017-02-01,6,3,WDC,-0.010611513312104415,0.04412567262717393,0.11480183079870909,0.3928741957569313,0.35453810474913516,0.7359924535862408,0.7454129093035831,0.7303892403115262
2017-02,2017-02-01,6,4,CSX,0.04896156257058126,-0.006673554781797986,0.09820111771037277,0.556464998801752,0.5554413748156635,0.6796341630407141,0.6976578544435565,0.8174847808436445
2017-02,2017-02-01,6,5,NFLX,0.013283156254163986,0.04361417228582343,0.10349479838337361,0.1417680580514631,0.37172373643722767,0.44567674984499606,0.4917876082370294,0.45629464521775787
2017-02,2017-02-01,6,6,STX,0.10495781592567544,0.025395297617917034,-0.045228035938691846,0.35014321310271646,0.1849342635422908,0.3739223404338423,0.42815084506790835,0.9273792574718995
2017-02,2017-02-01,6,7,SWKS,0.05450158519448656,0.06518403413690743,0.08796562844649292,0.21839330364712528,0.22615729050768274,0.2300759653610669,0.4024657215259131,0.48177447848006016
2017-02,2017-02-01,6,8,CHTR,-0.005139949959949486,0.0043444481677830105,0.05289890843522271,0.30965258849755006,0.2188618796237698,0.21586934453620477,0.3849576529809984,0.4070774271404132
2017-02,2017-02-01,6,9,INCY,0.07202063908751288,0.11466973536922209,-0.0021726615463095733,0.38031765331583345,0.3007116961715437,0.5378047320563357,0.38077774047851554,0.5291005509555238
2017-02,2017-02-01,6,10,ADSK,0.0941191146748328,0.05056595315056067,0.13164375908384196,0.15948645575653075,0.14189376834530143,0.206471656013411,0.36056237856776185,0.4957673638399134
2017-01,2017-01-03,4,1,NVDA,0.11704764677008783,0.008918263834191364,0.06378596242898826,0.49251616517692276,0.617778207310131,0.8041769591219974,1.1935488044243394,1.1865196279799202
2017-01,2017-01-03,4,2,WDC,0.1401410607742175,0.1280424387301351,0.19045055197073935,0.18804431429680313,0.5226119936487577,0.5308745289099166,0.5176975023919392,0.49771211950265193
2017-01,2017-01-03,4,3,MU,0.09756089733247708,0.08869185101452493,0.27006653280998094,0.27185576185097293,0.3551680532101693,0.6629790824854356,0.80399986918407,0.7226888489806604
2017-01,2017-01-03,4,4,NFLX,0.10424351048506941,0.11891134957748917,0.1524041771968676,0.24222938456270415,0.3092010377402561,0.3509589090378451,0.3188165756826955,0.2559353331589018
2017-01,2017-01-03,4,5,AAL,-0.04859606958826623,0.01932499613766092,-0.08111415096237895,0.23121707123944346,0.2808191375847249,0.3077478691726294,0.5873103347473712,0.45714600924431825
2017-01,2017-01-03,4,6,CSX,0.31206447294421413,0.37630519973290877,0.3033083388067699,0.1854915721674275,0.2801460581214352,0.29388295274399745,0.3852099636272368,0.38468142051295784
2017-01,2017-01-03,4,7,INCY,0.2145230357086534,0.3019937609268968,0.353792070813189,0.07096502736368482,0.26617996270367406,0.1368888854980468,0.25901321423954693,0.20122093599719038
2017-01,2017-01-03,4,8,TMUS,0.08470485011960172,0.06892977284161139,0.08967734732089094,0.24402753844646297,0.26097328111836093,0.23900577508878618,0.3565948828293022,0.3683720079070263
2017-01,2017-01-03,4,9,AKAM,0.01672335738525277,-0.06200974760445255,-0.14015097326437498,0.2580525199516981,0.226983840008534,0.33537552830920125,0.21747747197881484,0.2416391394401578
2017-01,2017-01-03,4,10,STX,0.13023671692493055,0.2488638942123771,0.15893941472993656,0.048394770580606705,0.21560582828340125,0.2635856043975655,0.7052881300085339,0.780880975591228
2017-01,2017-01-03,5,1,NVDA,0.11704764677008783,0.008918263834191364,0.06378596242898826,0.49251616517692276,0.617778207310131,0.8041769591219974,1.1935488044243394,1.1865196279799202
2017-01,2017-01-03,5,2,MU,0.09756089733247708,0.08869185101452493,0.27006653280998094,0.27185576185097293,0.3551680532101693,0.6629790824854356,0.80399986918407,0.7226888489806604
2017-01,2017-01-03,5,3,WDC,0.1401410607742175,0.1280424387301351,0.19045055197073935,0.18804431429680313,0.5226119936487577,0.5308745289099166,0.5176975023919392,0.49771211950265193
2017-01,2017-01-03,5,4,NFLX,0.10424351048506941,0.11891134957748917,0.1524041771968676,0.24222938456270415,0.3092010377402561,0.3509589090378451,0.3188165756826955,0.2559353331589018
2017-01,2017-01-03,5,5,AKAM,0.01672335738525277,-0.06200974760445255,-0.14015097326437498,0.2580525199516981,0.226983840008534,0.33537552830920125,0.21747747197881484,0.2416391394401578
2017-01,2017-01-03,5,6,AAL,-0.04859606958826623,0.01932499613766092,-0.08111415096237895,0.23121707123944346,0.2808191375847249,0.3077478691726294,0.5873103347473712,0.45714600924431825
2017-01,2017-01-03,5,7,CSX,0.31206447294421413,0.37630519973290877,0.3033083388067699,0.1854915721674275,0.2801460581214352,0.29388295274399745,0.3852099636272368,0.38468142051295784
2017-01,2017-01-03,5,8,ADSK,0.06694668487385913,0.16736676225943437,0.12089786095533683,0.07024445038723082,0.13077033099929203,0.27519247011730097,0.4019138772775248,0.3066895592127066
2017-01,2017-01-03,5,9,STX,0.13023671692493055,0.2488638942123771,0.15893941472993656,0.048394770580606705,0.21560582828340125,0.2635856043975655,0.7052881300085339,0.780880975591228
2017-01,2017-01-03,5,10,TMUS,0.08470485011960172,0.06892977284161139,0.08967734732089094,0.24402753844646297,0.26097328111836093,0.23900577508878618,0.3565948828293022,0.3683720079070263
2017-01,2017-01-03,6,1,NVDA,0.11704764677008783,0.008918263834191364,0.06378596242898826,0.49251616517692276,0.617778207310131,0.8041769591219974,1.1935488044243394,1.1865196279799202
2017-01,2017-01-03,6,2,MU,0.09756089733247708,0.08869185101452493,0.27006653280998094,0.27185576185097293,0.3551680532101693,0.6629790824854356,0.80399986918407,0.7226888489806604
2017-01,2017-01-03,6,3,STX,0.13023671692493055,0.2488638942123771,0.15893941472993656,0.048394770580606705,0.21560582828340125,0.2635856043975655,0.7052881300085339,0.780880975591228
2017-01,2017-01-03,6,4,AAL,-0.04859606958826623,0.01932499613766092,-0.08111415096237895,0.23121707123944346,0.2808191375847249,0.3077478691726294,0.5873103347473712,0.45714600924431825
2017-01,2017-01-03,6,5,WDC,0.1401410607742175,0.1280424387301351,0.19045055197073935,0.18804431429680313,0.5226119936487577,0.5308745289099166,0.5176975023919392,0.49771211950265193
2017-01,2017-01-03,6,6,ADSK,0.06694668487385913,0.16736676225943437,0.12089786095533683,0.07024445038723082,0.13077033099929203,0.27519247011730097,0.4019138772775248,0.3066895592127066
2017-01,2017-01-03,6,7,CSX,0.31206447294421413,0.37630519973290877,0.3033083388067699,0.1854915721674275,0.2801460581214352,0.29388295274399745,0.3852099636272368,0.38468142051295784
2017-01,2017-01-03,6,8,TMUS,0.08470485011960172,0.06892977284161139,0.08967734732089094,0.24402753844646297,0.26097328111836093,0.23900577508878618,0.3565948828293022,0.3683720079070263
2017-01,2017-01-03,6,9,AMAT,0.09674394245185192,0.1570144454497806,0.22106694651836434,0.07092943044389388,0.05784791506013054,0.22392483032595756,0.34585657401057524,0.3188068658822003
2017-01,2017-01-03,6,10,NFLX,0.10424351048506941,0.11891134957748917,0.1524041771968676,0.24222938456270415,0.3092010377402561,0.3509589090378451,0.3188165756826955,0.2559353331589018
2016-12,2016-12-01,4,1,NVDA,0.16396586082802167,0.3002053257586612,0.17434641546887764,0.38988458489605216,0.5500256664216443,0.884547372260466,0.8785083837634846,1.4489255160343713
2016-12,2016-12-01,4,2,MU,0.220237782749108,0.3392852757931031,0.3284629303789861,0.11057703045145284,0.3628319873351762,0.4784002713961111,0.41176488167705005,0.740113597874428
2016-12,2016-12-01,4,3,WDC,0.13501522711775205,0.29407746504092325,0.2803453447937472,0.3414903670634144,0.3487700361495647,0.3371604769091665,0.31955244627504187,0.5385621947920669
2016-12,2016-12-01,4,4,NTAP,0.003667540852702933,0.07941088147605613,0.22011757853549696,0.02016270591058622,0.3371214375780063,0.47804366265899256,0.43205752569526434,0.5408448281683957
2016-12,2016-12-01,4,5,CSX,-0.019934522681940292,0.2859090939481397,0.3488692125115609,0.3061842170224618,0.32020051995372434,0.4133851213878601,0.41284582771155853,0.362482998757959
2016-12,2016-12-01,4,6,AAL,0.01202193261070228,-0.0371583556512991,0.03157925254963234,0.2656041300217764,0.2922129719057036,0.5684544806777097,0.4398363931553677,0.336124795635238
2016-12,2016-12-01,4,7,AKAM,0.06392696395198083,0.08171939480195678,-0.00204687855225294,0.15325946383657274,0.25513834459925566,0.14432429408167935,0.1670341870348515,0.2467608958323273
2016-12,2016-12-01,4,8,NFLX,0.08761298949640262,0.20098958557066848,0.2169425178954274,0.20373795677675322,0.24213201026900144,0.2125789121858015,0.1547630869510277,0.25894106812958895
2016-12,2016-12-01,4,9,JD,-0.018250942324555597,0.06958170209250758,0.16615968455034702,0.022948249527593223,0.20421233810660677,0.23416232644918855,0.10550635094786087,0.03993669460881555
2016-12,2016-12-01,4,10,STX,0.05664768654859209,0.19426201219100392,0.31960914463357404,0.150436274794701,0.19584381860041744,0.6138663356928786,0.6854065913003164,0.9551703988800806
2016-12,2016-12-01,5,1,NVDA,0.16396586082802167,0.3002053257586612,0.17434641546887764,0.38988458489605216,0.5500256664216443,0.884547372260466,0.8785083837634846,1.4489255160343713
2016-12,2016-12-01,5,2,STX,0.05664768654859209,0.19426201219100392,0.31960914463357404,0.150436274794701,0.19584381860041744,0.6138663356928786,0.6854065913003164,0.9551703988800806
2016-12,2016-12-01,5,3,AAL,0.01202193261070228,-0.0371583556512991,0.03157925254963234,0.2656041300217764,0.2922129719057036,0.5684544806777097,0.4398363931553677,0.336124795635238
2016-12,2016-12-01,5,4,MU,0.220237782749108,0.3392852757931031,0.3284629303789861,0.11057703045145284,0.3628319873351762,0.4784002713961111,0.41176488167705005,0.740113597874428
2016-12,2016-12-01,5,5,NTAP,0.003667540852702933,0.07941088147605613,0.22011757853549696,0.02016270591058622,0.3371214375780063,0.47804366265899256,0.43205752569526434,0.5408448281683957
2016-12,2016-12-01,5,6,CSX,-0.019934522681940292,0.2859090939481397,0.3488692125115609,0.3061842170224618,0.32020051995372434,0.4133851213878601,0.41284582771155853,0.362482998757959
2016-12,2016-12-01,5,7,WDC,0.13501522711775205,0.29407746504092325,0.2803453447937472,0.3414903670634144,0.3487700361495647,0.3371604769091665,0.31955244627504187,0.5385621947920669
2016-12,2016-12-01,5,8,ADSK,0.10054895928535434,0.17422706365088447,0.2847442753089342,0.027460270130610143,0.1586876343469099,0.27383145061339476,0.18730706906597816,0.12791270043089242
2016-12,2016-12-01,5,9,AMAT,0.06112942195061288,0.16378726568177004,0.22774206968863453,-0.0030924662181641693,0.15341710917419227,0.2683246229631113,0.24283319131601666,0.4984323912727795
2016-12,2016-12-01,5,10,TMUS,0.07482501008561826,0.16586790146971997,0.1489124538753026,0.17318937435026216,0.15275115806068706,0.26215418333188834,0.273111432155849,0.35683907508018353
2016-12,2016-12-01,6,1,NVDA,0.16396586082802167,0.3002053257586612,0.17434641546887764,0.38988458489605216,0.5500256664216443,0.884547372260466,0.8785083837634846,1.4489255160343713
2016-12,2016-12-01,6,2,STX,0.05664768654859209,0.19426201219100392,0.31960914463357404,0.150436274794701,0.19584381860041744,0.6138663356928786,0.6854065913003164,0.9551703988800806
2016-12,2016-12-01,6,3,AAL,0.01202193261070228,-0.0371583556512991,0.03157925254963234,0.2656041300217764,0.2922129719057036,0.5684544806777097,0.4398363931553677,0.336124795635238
2016-12,2016-12-01,6,4,NTAP,0.003667540852702933,0.07941088147605613,0.22011757853549696,0.02016270591058622,0.3371214375780063,0.47804366265899256,0.43205752569526434,0.5408448281683957
2016-12,2016-12-01,6,5,CSX,-0.019934522681940292,0.2859090939481397,0.3488692125115609,0.3061842170224618,0.32020051995372434,0.4133851213878601,0.41284582771155853,0.362482998757959
2016-12,2016-12-01,6,6,MU,0.220237782749108,0.3392852757931031,0.3284629303789861,0.11057703045145284,0.3628319873351762,0.4784002713961111,0.41176488167705005,0.740113597874428
2016-12,2016-12-01,6,7,WDC,0.13501522711775205,0.29407746504092325,0.2803453447937472,0.3414903670634144,0.3487700361495647,0.3371604769091665,0.31955244627504187,0.5385621947920669
2016-12,2016-12-01,6,8,TMUS,0.07482501008561826,0.16586790146971997,0.1489124538753026,0.17318937435026216,0.15275115806068706,0.26215418333188834,0.273111432155849,0.35683907508018353
2016-12,2016-12-01,6,9,ROST,-0.02431358694170216,-0.020298386987577355,-0.006617080473909409,0.08015391118934256,0.09656236092918058,0.1983375171943078,0.2701041897323666,0.17549124273345096
2016-12,2016-12-01,6,10,NTES,0.0015611684624707856,0.16527429156249895,0.39374314162490265,0.012218008665164204,0.082007803784099,0.18835065440073206,0.24508283499483818,0.5805558772629356
2016-11,2016-11-01,4,1,NVDA,0.27112535560608864,0.4795465187583663,0.6527239570659087,0.21941212138166533,0.4825818428914037,0.4778309436426811,0.9265806517302082,0.9185867672595394
2016-11,2016-11-01,4,2,STX,0.13052512708306896,0.19456676011737795,0.35014321310271646,0.05777730185076102,0.42753690035789416,0.4908174536986436,0.7294355977073459,0.05131631566955375
2016-11,2016-11-01,4,3,NTAP,0.07101874717661327,0.0749467521858942,0.15606928996728953,0.24845754670764153,0.38003528561508904,0.33709846766959983,0.43867213550679995,0.25136004097194586
2016-11,2016-11-01,4,4,AAL,0.1523995384562149,0.16625360804813982,0.10957826655386582,0.12132374995289119,0.36103358977291267,0.2494246527417141,0.15942843696826392,0.013019375095379537
2016-11,2016-11-01,4,5,MU,0.0883396964129648,0.3280332180287935,0.4575973304670198,0.2522119627051227,0.3583996580008415,0.2971730116341942,0.5988699149811687,0.5394376460002512
2016-11,2016-11-01,4,6,NTES,-0.12240296077698087,-0.12103288395658818,0.0226412681579502,0.23292098243865444,0.35409601592644235,0.4187409247610643,0.8010041130748133,0.7551668324334473
2016-11,2016-11-01,4,7,QCOM,-0.053821623405612806,-0.03553483688691206,-0.2161877747181843,0.11431026765382613,0.30037865124248686,0.257895231545205,0.361410885814049,0.3675647181609605
2016-11,2016-11-01,4,8,ADSK,-0.01255345609947256,0.08673326623964539,0.15948645575653075,0.17341808678570136,0.2900257320073387,0.20240136177496626,0.14225190963300904,0.21343254143423507
2016-11,2016-11-01,4,9,NXPI,-0.018081057681192614,-0.018985298420850838,-0.018081057681192614,0.18188332432847742,0.2767729718121703,0.05522559730628429,0.15299981956926922,0.21328460531118343
2016-11,2016-11-01,4,10,NFLX,-0.049310608710287473,0.03398213094311964,0.1417680580514631,0.30655924179811844,0.2754732758096812,0.21465864406508972,0.32424015631614433,0.16650901416237973
2016-11,2016-11-01,5,1,STX,0.13052512708306896,0.19456676011737795,0.35014321310271646,0.05777730185076102,0.42753690035789416,0.4908174536986436,0.7294355977073459,0.05131631566955375
2016-11,2016-11-01,5,2,NVDA,0.27112535560608864,0.4795465187583663,0.6527239570659087,0.21941212138166533,0.4825818428914037,0.4778309436426811,0.9265806517302082,0.9185867672595394
2016-11,2016-11-01,5,3,NTES,-0.12240296077698087,-0.12103288395658818,0.0226412681579502,0.23292098243865444,0.35409601592644235,0.4187409247610643,0.8010041130748133,0.7551668324334473
2016-11,2016-11-01,5,4,NTAP,0.07101874717661327,0.0749467521858942,0.15606928996728953,0.24845754670764153,0.38003528561508904,0.33709846766959983,0.43867213550679995,0.25136004097194586
2016-11,2016-11-01,5,5,MU,0.0883396964129648,0.3280332180287935,0.4575973304670198,0.2522119627051227,0.3583996580008415,0.2971730116341942,0.5988699149811687,0.5394376460002512
2016-11,2016-11-01,5,6,QCOM,-0.053821623405612806,-0.03553483688691206,-0.2161877747181843,0.11431026765382613,0.30037865124248686,0.257895231545205,0.361410885814049,0.3675647181609605
2016-11,2016-11-01,5,7,AKAM,-0.06740088480812745,-0.0077826547896073794,0.008810550478192791,0.3458498128008882,0.2270269995337133,0.2513781838563576,0.3368669083240756,0.23324876799511896
2016-11,2016-11-01,5,8,AAL,0.1523995384562149,0.16625360804813982,0.10957826655386582,0.12132374995289119,0.36103358977291267,0.2494246527417141,0.15942843696826392,0.013019375095379537
2016-11,2016-11-01,5,9,WDC,0.07634529878231344,0.22166830375453195,0.3928741957569313,0.25310161866777303,0.24231552683132218,0.22595643588342207,0.42943179714973145,0.25305360636249885
2016-11,2016-11-01,5,10,NFLX,-0.049310608710287473,0.03398213094311964,0.1417680580514631,0.30655924179811844,0.2754732758096812,0.21465864406508972,0.32424015631614433,0.16650901416237973
2016-11,2016-11-01,6,1,NVDA,0.27112535560608864,0.4795465187583663,0.6527239570659087,0.21941212138166533,0.4825818428914037,0.4778309436426811,0.9265806517302082,0.9185867672595394
2016-11,2016-11-01,6,2,NTES,-0.12240296077698087,-0.12103288395658818,0.0226412681579502,0.23292098243865444,0.35409601592644235,0.4187409247610643,0.8010041130748133,0.7551668324334473
2016-11,2016-11-01,6,3,STX,0.13052512708306896,0.19456676011737795,0.35014321310271646,0.05777730185076102,0.42753690035789416,0.4908174536986436,0.7294355977073459,0.05131631566955375
2016-11,2016-11-01,6,4,MU,0.0883396964129648,0.3280332180287935,0.4575973304670198,0.2522119627051227,0.3583996580008415,0.2971730116341942,0.5988699149811687,0.5394376460002512
2016-11,2016-11-01,6,5,NTAP,0.07101874717661327,0.0749467521858942,0.15606928996728953,0.24845754670764153,0.38003528561508904,0.33709846766959983,0.43867213550679995,0.25136004097194586
2016-11,2016-11-01,6,6,AMAT,0.04485520287898059,0.10872659745306312,0.21598917959189978,0.10390138843744245,0.21387597005631576,0.18947887505515593,0.43410530678702486,0.3597894343339214
2016-11,2016-11-01,6,7,WDC,0.07634529878231344,0.22166830375453195,0.3928741957569313,0.25310161866777303,0.24231552683132218,0.22595643588342207,0.42943179714973145,0.25305360636249885
2016-11,2016-11-01,6,8,QCOM,-0.053821623405612806,-0.03553483688691206,-0.2161877747181843,0.11431026765382613,0.30037865124248686,0.257895231545205,0.361410885814049,0.3675647181609605
2016-11,2016-11-01,6,9,AKAM,-0.06740088480812745,-0.0077826547896073794,0.008810550478192791,0.3458498128008882,0.2270269995337133,0.2513781838563576,0.3368669083240756,0.23324876799511896
2016-11,2016-11-01,6,10,NFLX,-0.049310608710287473,0.03398213094311964,0.1417680580514631,0.30655924179811844,0.2754732758096812,0.21465864406508972,0.32424015631614433,0.16650901416237973
2016-10,2016-10-03,4,1,STX,-0.12236401883676085,-0.007810470862755103,0.048394770580606705,0.6265706181118549,0.6986740353588052,0.970561411366831,0.19789564037257756,0.21447836579724844
2016-10,2016-10-03,4,2,NVDA,0.008765960552183705,0.2822679903302121,0.49251616517692276,0.4696985236098372,0.464988908659981,0.9098390777139489,0.9019146583904687,1.099364963783219
2016-10,2016-10-03,4,3,NTAP,-0.059066829071046434,0.007757065905245941,0.011453056114053561,0.46666663292635735,0.4210344676758764,0.5289843954448374,0.3299138340893195,0.4043764943557948
2016-10,2016-10-03,4,4,NTES,0.01702997548874219,-0.10745750471002014,-0.10606409551495843,0.33142193304157086,0.3949843750468385,0.770846638231411,0.7257768942257452,0.7869374241460092
2016-10,2016-10-03,4,5,MU,-0.04230124323336215,0.042301574194476554,0.27185576185097293,0.4183997299808986,0.35446872251738326,0.6694914801594178,0.6074341071483351,0.6016261670947913
2016-10,2016-10-03,4,6,EBAY,-0.128110539612595,-0.15852553161333593,-0.08325661438083187,0.36879722899290734,0.3523060295367455,0.34171508585289634,0.36306575150254505,0.34226807029285666
2016-10,2016-10-03,4,7,WDC,-0.027523010423036065,0.04672103590514176,0.18804431429680313,0.27747549828581586,0.26065341290668886,0.4698875268725351,0.2885174865757887,0.3161113821049599
2016-10,2016-10-03,4,8,ILMN,-0.2344838835740367,-0.29912751111700264,-0.28041487982619084,0.29489100919181865,0.250034297733595,0.34071518720300165,0.0921132030525631,0.14243619626001514
2016-10,2016-10-03,4,9,QCOM,0.018327697382733987,-0.036480352449304365,-0.017858411241186256,0.2769746463586027,0.2352558363856725,0.3369084326323384,0.34295150929884555,0.3112525575014984
2016-10,2016-10-03,4,10,AMAT,-0.03409061088278731,0.009235450728777517,0.07092943044389388,0.25671826336187786,0.23146010221753133,0.4847203298207061,0.40778156797574283,0.5567714376790298
2016-10,2016-10-03,5,1,STX,-0.12236401883676085,-0.007810470862755103,0.048394770580606705,0.6265706181118549,0.6986740353588052,0.970561411366831,0.19789564037257756,0.21447836579724844
2016-10,2016-10-03,5,2,NVDA,0.008765960552183705,0.2822679903302121,0.49251616517692276,0.4696985236098372,0.464988908659981,0.9098390777139489,0.9019146583904687,1.099364963783219
2016-10,2016-10-03,5,3,NTES,0.01702997548874219,-0.10745750471002014,-0.10606409551495843,0.33142193304157086,0.3949843750468385,0.770846638231411,0.7257768942257452,0.7869374241460092
2016-10,2016-10-03,5,4,MU,-0.04230124323336215,0.042301574194476554,0.27185576185097293,0.4183997299808986,0.35446872251738326,0.6694914801594178,0.6074341071483351,0.6016261670947913
2016-10,2016-10-03,5,5,NTAP,-0.059066829071046434,0.007757065905245941,0.011453056114053561,0.46666663292635735,0.4210344676758764,0.5289843954448374,0.3299138340893195,0.4043764943557948
2016-10,2016-10-03,5,6,AMAT,-0.03409061088278731,0.009235450728777517,0.07092943044389388,0.25671826336187786,0.23146010221753133,0.4847203298207061,0.40778156797574283,0.5567714376790298
2016-10,2016-10-03,5,7,WDC,-0.027523010423036065,0.04672103590514176,0.18804431429680313,0.27747549828581586,0.26065341290668886,0.4698875268725351,0.2885174865757887,0.3161113821049599
2016-10,2016-10-03,5,8,EBAY,-0.128110539612595,-0.15852553161333593,-0.08325661438083187,0.36879722899290734,0.3523060295367455,0.34171508585289634,0.36306575150254505,0.34226807029285666
2016-10,2016-10-03,5,9,ILMN,-0.2344838835740367,-0.29912751111700264,-0.28041487982619084,0.29489100919181865,0.250034297733595,0.34071518720300165,0.0921132030525631,0.14243619626001514
2016-10,2016-10-03,5,10,QCOM,0.018327697382733987,-0.036480352449304365,-0.017858411241186256,0.2769746463586027,0.2352558363856725,0.3369084326323384,0.34295150929884555,0.3112525575014984
2016-10,2016-10-03,6,1,NVDA,0.008765960552183705,0.2822679903302121,0.49251616517692276,0.4696985236098372,0.464988908659981,0.9098390777139489,0.9019146583904687,1.099364963783219
2016-10,2016-10-03,6,2,NTES,0.01702997548874219,-0.10745750471002014,-0.10606409551495843,0.33142193304157086,0.3949843750468385,0.770846638231411,0.7257768942257452,0.7869374241460092
2016-10,2016-10-03,6,3,MU,-0.04230124323336215,0.042301574194476554,0.27185576185097293,0.4183997299808986,0.35446872251738326,0.6694914801594178,0.6074341071483351,0.6016261670947913
2016-10,2016-10-03,6,4,AMAT,-0.03409061088278731,0.009235450728777517,0.07092943044389388,0.25671826336187786,0.23146010221753133,0.4847203298207061,0.40778156797574283,0.5567714376790298
2016-10,2016-10-03,6,5,AMZN,-0.06134525675782754,-0.11125326071029762,-0.09927822834368183,0.15304270044901847,0.16304352436795355,0.22357243528904736,0.3980619170317028,0.4450470532477828
2016-10,2016-10-03,6,6,EBAY,-0.128110539612595,-0.15852553161333593,-0.08325661438083187,0.36879722899290734,0.3523060295367455,0.34171508585289634,0.36306575150254505,0.34226807029285666
2016-10,2016-10-03,6,7,QCOM,0.018327697382733987,-0.036480352449304365,-0.017858411241186256,0.2769746463586027,0.2352558363856725,0.3369084326323384,0.34295150929884555,0.3112525575014984
2016-10,2016-10-03,6,8,NTAP,-0.059066829071046434,0.007757065905245941,0.011453056114053561,0.46666663292635735,0.4210344676758764,0.5289843954448374,0.3299138340893195,0.4043764943557948
2016-10,2016-10-03,6,9,CHTR,-0.06932426940639014,0.01637076398757409,0.06566969388079102,0.15441909429043799,0.1787252908224588,0.23844273391160709,0.31793385783311257,0.4547821895422537
2016-10,2016-10-03,6,10,INCY,-0.05767220099884851,0.04594933376157173,0.07096502736368482,0.17558760750457592,0.1216248012823975,0.28483055582744754,0.3034105994247458,0.2730179484421702
2016-09,2016-09-01,4,1,NVDA,0.08392675741529376,0.09342841661225276,0.38988458489605216,0.35155710350149394,0.7619632181311826,0.7546523742302749,0.9368144105874043,1.172756610825994
2016-09,2016-09-01,4,2,STX,0.1594924568444691,0.017612300014070215,0.150436274794701,0.4650151670513716,0.6995034333639967,0.03312068422818548,0.04742239471089116,0.16740030226013647
2016-09,2016-09-01,4,3,MU,0.06550451227106868,0.020432346731245277,0.11057703045145284,0.2711994242336919,0.5668553825276457,0.508613139255667,0.503162256611196,0.5182482559478025
2016-09,2016-09-01,4,4,NTES,0.13408382682810283,0.15339724660116416,0.012218008665164204,0.23005402426771515,0.5614777288414894,0.5217366242251575,0.5756660855872182,0.39706848896531133
2016-09,2016-09-01,4,5,NTAP,0.012310149365409195,-0.04748380119404283,0.02016270591058622,0.4037540457009996,0.5103912535138739,0.3137414802400309,0.3872986408722283,0.620842343325781
2016-09,2016-09-01,4,6,AMAT,-0.012215104947056243,-0.04588929544020104,-0.0030924662181641693,0.2466885334904083,0.5030806173049724,0.42519041850734896,0.5760227206102289,0.7389614783386391
2016-09,2016-09-01,4,7,EBAY,0.013071940302104457,-0.11671325263637677,-0.1475258275968404,0.33485686034644213,0.32440257446355525,0.3454777467196164,0.3249484235962392,0.342105505663008
2016-09,2016-09-01,4,8,MCHP,-0.015605183844761394,-0.041719870492660904,-0.019609017088250802,0.2216809734947578,0.28971054447949274,0.31829398931470276,0.4075012196315868,0.44468549879807306
2016-09,2016-09-01,4,9,QCOM,0.057350577128668645,0.07672937853374218,0.01877805541253963,0.1682556978784857,0.2643946686659351,0.2701099695294553,0.24013036533476284,0.4146552138887354
2016-09,2016-09-01,4,10,CHTR,-0.00245518802219713,-0.07160925331269308,0.013875382661720392,0.18162640582074174,0.24149082732051208,0.3211775972450639,0.45836274428403856,0.5295590743910028
2016-09,2016-09-01,5,1,NVDA,0.08392675741529376,0.09342841661225276,0.38988458489605216,0.35155710350149394,0.7619632181311826,0.7546523742302749,0.9368144105874043,1.172756610825994
2016-09,2016-09-01,5,2,NTES,0.13408382682810283,0.15339724660116416,0.012218008665164204,0.23005402426771515,0.5614777288414894,0.5217366242251575,0.5756660855872182,0.39706848896531133
2016-09,2016-09-01,5,3,MU,0.06550451227106868,0.020432346731245277,0.11057703045145284,0.2711994242336919,0.5668553825276457,0.508613139255667,0.503162256611196,0.5182482559478025
2016-09,2016-09-01,5,4,AMAT,-0.012215104947056243,-0.04588929544020104,-0.0030924662181641693,0.2466885334904083,0.5030806173049724,0.42519041850734896,0.5760227206102289,0.7389614783386391
2016-09,2016-09-01,5,5,EBAY,0.013071940302104457,-0.11671325263637677,-0.1475258275968404,0.33485686034644213,0.32440257446355525,0.3454777467196164,0.3249484235962392,0.342105505663008
2016-09,2016-09-01,5,6,CHTR,-0.00245518802219713,-0.07160925331269308,0.013875382661720392,0.18162640582074174,0.24149082732051208,0.3211775972450639,0.45836274428403856,0.5295590743910028
2016-09,2016-09-01,5,7,MCHP,-0.015605183844761394,-0.041719870492660904,-0.019609017088250802,0.2216809734947578,0.28971054447949274,0.31829398931470276,0.4075012196315868,0.44468549879807306
2016-09,2016-09-01,5,8,NTAP,0.012310149365409195,-0.04748380119404283,0.02016270591058622,0.4037540457009996,0.5103912535138739,0.3137414802400309,0.3872986408722283,0.620842343325781
2016-09,2016-09-01,5,9,AMZN,0.08580113992438121,0.019192390207778187,-0.034997777375164185,0.07113861056450133,0.126884463737311,0.28758560442206593,0.3308579261101352,0.3406516555053758
2016-09,2016-09-01,5,10,QCOM,0.057350577128668645,0.07672937853374218,0.01877805541253963,0.1682556978784857,0.2643946686659351,0.2701099695294553,0.24013036533476284,0.4146552138887354
2016-09,2016-09-01,6,1,NVDA,0.08392675741529376,0.09342841661225276,0.38988458489605216,0.35155710350149394,0.7619632181311826,0.7546523742302749,0.9368144105874043,1.172756610825994
2016-09,2016-09-01,6,2,AMAT,-0.012215104947056243,-0.04588929544020104,-0.0030924662181641693,0.2466885334904083,0.5030806173049724,0.42519041850734896,0.5760227206102289,0.7389614783386391
2016-09,2016-09-01,6,3,NTES,0.13408382682810283,0.15339724660116416,0.012218008665164204,0.23005402426771515,0.5614777288414894,0.5217366242251575,0.5756660855872182,0.39706848896531133
2016-09,2016-09-01,6,4,MU,0.06550451227106868,0.020432346731245277,0.11057703045145284,0.2711994242336919,0.5668553825276457,0.508613139255667,0.503162256611196,0.5182482559478025
2016-09,2016-09-01,6,5,CHTR,-0.00245518802219713,-0.07160925331269308,0.013875382661720392,0.18162640582074174,0.24149082732051208,0.3211775972450639,0.45836274428403856,0.5295590743910028
2016-09,2016-09-01,6,6,ULTA,-0.03225805649692093,-0.02174980247537661,0.0484278233249531,0.03735005860334484,0.16514807730714232,0.2643939310596284,0.45787066643061025,0.35969426988847886
2016-09,2016-09-01,6,7,MCHP,-0.015605183844761394,-0.041719870492660904,-0.019609017088250802,0.2216809734947578,0.28971054447949274,0.31829398931470276,0.4075012196315868,0.44468549879807306
2016-09,2016-09-01,6,8,NTAP,0.012310149365409195,-0.04748380119404283,0.02016270591058622,0.4037540457009996,0.5103912535138739,0.3137414802400309,0.3872986408722283,0.620842343325781
2016-09,2016-09-01,6,9,AMZN,0.08580113992438121,0.019192390207778187,-0.034997777375164185,0.07113861056450133,0.126884463737311,0.28758560442206593,0.3308579261101352,0.3406516555053758
2016-09,2016-09-01,6,10,EBAY,0.013071940302104457,-0.11671325263637677,-0.1475258275968404,0.33485686034644213,0.32440257446355525,0.3454777467196164,0.3249484235962392,0.342105505663008
2016-08,2016-08-01,4,1,NVDA,0.11521897808339876,0.20881569072193606,0.21941212138166533,0.5799257838664746,0.5733702606512294,0.7367122050917652,0.9482780095439785,0.7635014832978326
2016-08,2016-08-01,4,2,NTES,0.06894739524637417,0.21227595267894062,0.23292098243865444,0.460761994262211,0.42358420161024224,0.4740351981717996,0.30695719469273874,0.18842588236655988
2016-08,2016-08-01,4,3,ULTA,-0.05775800218262117,-0.08815289778198587,-0.0782515795191534,0.23656988332732554,0.341899357053163,0.5472359222021945,0.4430414617880458,0.4331995535077342
2016-08,2016-08-01,4,4,EBAY,0.028159879140094102,0.04159992370123233,-0.09184000458457042,0.2881290170272206,0.30862696942124646,0.2886599161060104,0.3053470893899144,0.18236880243994857
2016-08,2016-08-01,4,5,AMZN,0.003751196719998351,0.08987419359903615,0.02301558135897297,0.12267309610158428,0.2827736680459916,0.3258842733727618,0.3356414018596259,0.20526225676357335
2016-08,2016-08-01,4,6,VRTX,-0.03513235290690053,-0.11619140923933702,-0.20692464690741486,0.18313249335231574,0.24068218641960115,0.09634919373474848,0.06288556766940223,-0.20091140502915472
2016-08,2016-08-01,4,7,AMAT,0.1569950773655273,0.14286226107228006,0.10390138843744245,0.29912447054440405,0.2318033554235177,0.36216890757981934,0.5029981651246493,0.43627083627053365
2016-08,2016-08-01,4,8,MU,0.22713864051481503,0.3075217586507202,0.2522119627051227,0.27683648024506113,0.22937465209535435,0.22493270685420041,0.2372263457622521,-0.053733280500490754
2016-08,2016-08-01,4,9,INCY,-0.10211113823784723,0.06155556572808152,0.0003333197699653123,0.21032812347060692,0.22783078107718713,0.19920048421493086,0.2400109910370909,-0.12891985805427253
2016-08,2016-08-01,4,10,QCOM,0.03490281761537939,0.09425509147770694,0.11431026765382613,0.22175207869213298,0.22727462705729184,0.1983061058740454,0.3669449824751474,0.2575783252245001
2016-08,2016-08-01,5,1,NVDA,0.11521897808339876,0.20881569072193606,0.21941212138166533,0.5799257838664746,0.5733702606512294,0.7367122050917652,0.9482780095439785,0.7635014832978326
2016-08,2016-08-01,5,2,ULTA,-0.05775800218262117,-0.08815289778198587,-0.0782515795191534,0.23656988332732554,0.341899357053163,0.5472359222021945,0.4430414617880458,0.4331995535077342
2016-08,2016-08-01,5,3,NTES,0.06894739524637417,0.21227595267894062,0.23292098243865444,0.460761994262211,0.42358420161024224,0.4740351981717996,0.30695719469273874,0.18842588236655988
2016-08,2016-08-01,5,4,AMAT,0.1569950773655273,0.14286226107228006,0.10390138843744245,0.29912447054440405,0.2318033554235177,0.36216890757981934,0.5029981651246493,0.43627083627053365
2016-08,2016-08-01,5,5,AMZN,0.003751196719998351,0.08987419359903615,0.02301558135897297,0.12267309610158428,0.2827736680459916,0.3258842733727618,0.3356414018596259,0.20526225676357335
2016-08,2016-08-01,5,6,TXN,-0.0025758105261843856,-0.0031481251762699447,-0.0062965373349394005,0.21442682718992856,0.22027903824956718,0.30400150887714306,0.3383109986037074,0.3109536920365097
2016-08,2016-08-01,5,7,EBAY,0.028159879140094102,0.04159992370123233,-0.09184000458457042,0.2881290170272206,0.30862696942124646,0.2886599161060104,0.3053470893899144,0.18236880243994857
2016-08,2016-08-01,5,8,CHTR,0.1390678276449948,0.1362712019580905,0.05750003103482526,0.08991826227528121,0.159876141859417,0.28031247032863793,0.3428165007112376,0.3293527945853947
2016-08,2016-08-01,5,9,MCHP,0.13193199067524874,0.11426798386099479,0.0847079346177777,0.13938872220593557,0.1646406322771039,0.2434503408565638,0.27630061761595104,0.23327629905762848
2016-08,2016-08-01,5,10,MNST,-0.0419046441713673,-0.09492173748710941,-0.10833124635667146,0.0888933517897319,0.19504411990698012,0.2416557721520325,0.1720875586662698,0.11597621144724801
2016-08,2016-08-01,6,1,NVDA,0.11521897808339876,0.20881569072193606,0.21941212138166533,0.5799257838664746,0.5733702606512294,0.7367122050917652,0.9482780095439785,0.7635014832978326
2016-08,2016-08-01,6,2,AMAT,0.1569950773655273,0.14286226107228006,0.10390138843744245,0.29912447054440405,0.2318033554235177,0.36216890757981934,0.5029981651246493,0.43627083627053365
2016-08,2016-08-01,6,3,ULTA,-0.05775800218262117,-0.08815289778198587,-0.0782515795191534,0.23656988332732554,0.341899357053163,0.5472359222021945,0.4430414617880458,0.4331995535077342
2016-08,2016-08-01,6,4,QCOM,0.03490281761537939,0.09425509147770694,0.11431026765382613,0.22175207869213298,0.22727462705729184,0.1983061058740454,0.3669449824751474,0.2575783252245001
2016-08,2016-08-01,6,5,CHTR,0.1390678276449948,0.1362712019580905,0.05750003103482526,0.08991826227528121,0.159876141859417,0.28031247032863793,0.3428165007112376,0.3293527945853947
2016-08,2016-08-01,6,6,TXN,-0.0025758105261843856,-0.0031481251762699447,-0.0062965373349394005,0.21442682718992856,0.22027903824956718,0.30400150887714306,0.3383109986037074,0.3109536920365097
2016-08,2016-08-01,6,7,AMZN,0.003751196719998351,0.08987419359903615,0.02301558135897297,0.12267309610158428,0.2827736680459916,0.3258842733727618,0.3356414018596259,0.20526225676357335
2016-08,2016-08-01,6,8,CSCO,0.027660356937367903,0.03352809159099479,6.188036831056287e-05,0.13299086519406766,0.09074774268378594,0.16636404658243387,0.33277479941446697,0.18491262561502286
2016-08,2016-08-01,6,9,BMRN,-0.05047379110816719,-0.05895265498363467,-0.17496260264865182,0.15362483589997922,0.18414830691612782,0.14479845094626875,0.32518173136725914,-0.044510086260443504
2016-08,2016-08-01,6,10,NTES,0.06894739524637417,0.21227595267894062,0.23292098243865444,0.460761994262211,0.42358420161024224,0.4740351981717996,0.30695719469273874,0.18842588236655988
2016-07,2016-07-01,4,1,ULTA,0.06904899258126362,0.007302858534426138,-0.025190773985687365,0.2552271845026397,0.44730123028910795,0.34983660412397155,0.3406303765809775,0.46981850570973904
2016-07,2016-07-01,4,2,NVDA,0.21581688167208934,0.35590206031489213,0.4696985236098372,0.29408489417205974,0.4284323825996712,0.6024436236356165,0.4504663571314482,0.4336363029229229
2016-07,2016-07-01,4,3,NTES,0.09828288691146292,0.17400663120767645,0.33142193304157086,0.29619082531056784,0.3421270746710885,0.19000050922044265,0.08207629976698683,0.13261379083899616
2016-07,2016-07-01,4,4,CHTR,0.01597144440611875,0.15726038612902538,0.15441909429043799,0.14164246273419323,0.2601854878677603,0.3217069319267869,0.30845488020823386,0.22982839517742137
2016-07,2016-07-01,4,5,AMZN,0.05795944818308252,0.061928062194998246,0.15304270044901847,0.21249795561540674,0.2532467814809045,0.26246937361675693,0.13923294397858577,0.06865376675102475
2016-07,2016-07-01,4,6,AMAT,0.09962355584545546,0.2722590410683692,0.25671826336187786,0.12020459081238433,0.23875930116148103,0.36682972744163855,0.3061477526881857,0.2577976443860919
2016-07,2016-07-01,4,7,MNST,0.008451776904327524,-0.033807035970831456,-0.08727221793139417,0.18502852320359864,0.23124952584602299,0.16226435959512076,0.10662327838123442,0.01596480559821467
2016-07,2016-07-01,4,8,ISRG,0.04136206655445673,0.035088778744668536,0.07748641440303605,0.09861509311434347,0.16591718069359374,0.2267287845113124,0.2172491918377002,0.27584492237980474
2016-07,2016-07-01,4,9,TSLA,0.06240181752263574,-0.07265584266144631,-0.012933013013293304,-0.08876631490015152,0.16179234684411203,0.0993196607884752,-0.030929680061925535,-0.0872296561628002
2016-07,2016-07-01,4,10,TXN,0.1311316707749386,0.12821808991085581,0.12757072668449565,0.07881254656547099,0.15282910254274062,0.18316110598055335,0.15897532171332007,0.08006716206107889
2016-07,2016-07-01,5,1,NVDA,0.21581688167208934,0.35590206031489213,0.4696985236098372,0.29408489417205974,0.4284323825996712,0.6024436236356165,0.4504663571314482,0.4336363029229229
2016-07,2016-07-01,5,2,AMAT,0.09962355584545546,0.2722590410683692,0.25671826336187786,0.12020459081238433,0.23875930116148103,0.36682972744163855,0.3061477526881857,0.2577976443860919
2016-07,2016-07-01,5,3,ULTA,0.06904899258126362,0.007302858534426138,-0.025190773985687365,0.2552271845026397,0.44730123028910795,0.34983660412397155,0.3406303765809775,0.46981850570973904
2016-07,2016-07-01,5,4,CHTR,0.01597144440611875,0.15726038612902538,0.15441909429043799,0.14164246273419323,0.2601854878677603,0.3217069319267869,0.30845488020823386,0.22982839517742137
2016-07,2016-07-01,5,5,AMZN,0.05795944818308252,0.061928062194998246,0.15304270044901847,0.21249795561540674,0.2532467814809045,0.26246937361675693,0.13923294397858577,0.06865376675102475
2016-07,2016-07-01,5,6,PAYX,0.004642013919070376,0.033971073783956474,-0.02587351586467812,0.10617128416758392,0.13897161690974502,0.23932332470840167,0.17287053741004454,0.11655537341414401
2016-07,2016-07-01,5,7,CSCO,0.07673492743379362,0.10651779985354315,0.11283579470001692,0.013014173584383837,0.08324158236628887,0.23779285454303878,0.10046827257573177,0.06238107163502815
2016-07,2016-07-01,5,8,ISRG,0.04136206655445673,0.035088778744668536,0.07748641440303605,0.09861509311434347,0.16591718069359374,0.2267287845113124,0.2172491918377002,0.27584492237980474
2016-07,2016-07-01,5,9,AKAM,-0.08828831578160201,-0.007747753246410527,-0.03225226874824039,0.005070604366301579,-0.000540226543424116,0.22516558354806104,0.06098257585475353,-0.0374609756005585
2016-07,2016-07-01,5,10,MAT,0.03708402220219864,0.06313288568056685,-0.013492107333788916,-0.0676499458010753,-0.010154650824335199,0.20899309639271157,0.17946244378361054,0.30296645276650147
2016-07,2016-07-01,6,1,NVDA,0.21581688167208934,0.35590206031489213,0.4696985236098372,0.29408489417205974,0.4284323825996712,0.6024436236356165,0.4504663571314482,0.4336363029229229
2016-07,2016-07-01,6,2,ULTA,0.06904899258126362,0.007302858534426138,-0.025190773985687365,0.2552271845026397,0.44730123028910795,0.34983660412397155,0.3406303765809775,0.46981850570973904
2016-07,2016-07-01,6,3,CHTR,0.01597144440611875,0.15726038612902538,0.15441909429043799,0.14164246273419323,0.2601854878677603,0.3217069319267869,0.30845488020823386,0.22982839517742137
2016-07,2016-07-01,6,4,AMAT,0.09962355584545546,0.2722590410683692,0.25671826336187786,0.12020459081238433,0.23875930116148103,0.36682972744163855,0.3061477526881857,0.2577976443860919
2016-07,2016-07-01,6,5,KHC,-0.025725297731631014,0.020899006062985892,0.01633509824829238,0.12350249535613722,0.15256671237346486,0.16229420368320246,0.2312009019985617,0.2117974173272077
2016-07,2016-07-01,6,6,ISRG,0.04136206655445673,0.035088778744668536,0.07748641440303605,0.09861509311434347,0.16591718069359374,0.2267287845113124,0.2172491918377002,0.27584492237980474
2016-07,2016-07-01,6,7,INTU,-0.007670285381465525,0.006485215968671687,-0.02200520817919116,0.07202461752056677,0.1352445325941125,0.1645767210697897,0.19284838022413675,0.10601240211473262
2016-07,2016-07-01,6,8,DLTR,0.035402001898481084,-0.11303048210810152,-0.15195137753772148,0.1256752073883971,0.14324028007867673,0.14393748401042572,0.18995053526772687,0.23443460935130567
2016-07,2016-07-01,6,9,CMCSA,0.03462040302546132,0.009344702041367059,0.018160646402825886,0.06431569115981861,0.11194226111295502,0.17988193871093472,0.1834869139017059,0.07112937758967974
2016-07,2016-07-01,6,10,MAT,0.03708402220219864,0.06313288568056685,-0.013492107333788916,-0.0676499458010753,-0.010154650824335199,0.20899309639271157,0.17946244378361054,0.30296645276650147
2016-06,2016-06-01,4,1,NVDA,-0.0032044768870616025,0.2119208245758719,0.35155710350149394,0.43302447641292985,0.6075951250576164,0.4551292852938589,0.43824512618772027,0.6474353850955019
2016-06,2016-06-01,4,2,AMAT,-0.020098507263495713,0.07752276382118461,0.2466885334904083,0.26416717429634917,0.39486442012103273,0.33293781300464786,0.28359600807783836,0.46589269682687395
2016-06,2016-06-01,4,3,ULTA,0.029829360469239452,0.10093804034024756,0.03735005860334484,0.40537965399398646,0.31073812413827606,0.3017985581321183,0.4272447088127489,0.36999305511332414
2016-06,2016-06-01,4,4,CHTR,0.021054915543440966,0.03736263736263745,0.18162640582074174,0.23419952118544551,0.294452347083926,0.2814735625770224,0.20446841443671415,0.21436961912647767
2016-06,2016-06-01,4,5,AMZN,0.008673420260186804,0.0671355750954099,0.07113861056450133,0.2424703142843101,0.25161360283599365,0.12943686340492766,0.059464585153206295,0.14496699757124554
2016-06,2016-06-01,4,6,CSCO,-0.003460622597170948,0.07300875421275288,0.10268855935119814,0.08700329051665001,0.24209126363773215,0.10428980282120048,0.06607033873944346,0.021604242390540485
2016-06,2016-06-01,4,7,NXPI,-0.1735213537544077,-0.10716601581138085,-0.06773382039528908,0.2709144280625231,0.23578731530816288,0.11724299976142927,0.002657239493878416,0.2311107776485548
2016-06,2016-06-01,4,8,ADSK,-0.06792451348704887,0.024699870673254853,0.1555746762987229,0.07346709193293743,0.22350466673957148,-0.03332784099588204,-0.09919656771559049,0.024784669758120437
2016-06,2016-06-01,4,9,MAT,-0.008796649501480402,0.027961157555300487,0.0537808783117375,-0.0013700532006594157,0.21972256831522619,0.18992983951316056,0.3145299116585738,0.328251232958902
2016-06,2016-06-01,4,10,QCOM,-0.03267003780528832,0.128855461588536,0.1682556978784857,0.061523061763618436,0.2109123169334448,0.11402953523812887,0.13255938366235265,-0.07014506585389424
2016-06,2016-06-01,5,1,NVDA,-0.0032044768870616025,0.2119208245758719,0.35155710350149394,0.43302447641292985,0.6075951250576164,0.4551292852938589,0.43824512618772027,0.6474353850955019
2016-06,2016-06-01,5,2,AMAT,-0.020098507263495713,0.07752276382118461,0.2466885334904083,0.26416717429634917,0.39486442012103273,0.33293781300464786,0.28359600807783836,0.46589269682687395
2016-06,2016-06-01,5,3,ULTA,0.029829360469239452,0.10093804034024756,0.03735005860334484,0.40537965399398646,0.31073812413827606,0.3017985581321183,0.4272447088127489,0.36999305511332414
2016-06,2016-06-01,5,4,CHTR,0.021054915543440966,0.03736263736263745,0.18162640582074174,0.23419952118544551,0.294452347083926,0.2814735625770224,0.20446841443671415,0.21436961912647767
2016-06,2016-06-01,5,5,PCAR,-0.0687979015369401,0.051554459900999605,0.07414588747129658,0.06062107149476703,0.15731018799412744,0.1911756293411211,0.12168806884297934,0.0824024798835945
2016-06,2016-06-01,5,6,MAT,-0.008796649501480402,0.027961157555300487,0.0537808783117375,-0.0013700532006594157,0.21972256831522619,0.18992983951316056,0.3145299116585738,0.328251232958902
2016-06,2016-06-01,5,7,KHC,0.051102014174578825,0.02406210191362068,0.07306900154162999,0.0965317322491912,0.10578629667639072,0.17134291952186276,0.152882784911055,0.10572750372138828
2016-06,2016-06-01,5,8,FAST,-0.02054490382829377,-0.07446242085498878,-0.06727378511538551,-0.0032900713661823122,0.15099834196473294,0.16736912877101595,0.14654354196642472,0.16562894783484539
2016-06,2016-06-01,5,9,ISRG,0.044880744487421964,0.0880991713823811,0.08154433374530545,0.11583756026200631,0.1740371243161325,0.16496470842214195,0.2210435775670121,0.2646055999341488
2016-06,2016-06-01,5,10,META,-0.038642804367074346,0.046556670583827175,0.06221573728454266,0.08158807443239713,0.03206198113835779,0.16200337953029442,0.10884982592512649,0.14974344621212898
2016-06,2016-06-01,6,1,NVDA,-0.0032044768870616025,0.2119208245758719,0.35155710350149394,0.43302447641292985,0.6075951250576164,0.4551292852938589,0.43824512618772027,0.6474353850955019
2016-06,2016-06-01,6,2,ULTA,0.029829360469239452,0.10093804034024756,0.03735005860334484,0.40537965399398646,0.31073812413827606,0.3017985581321183,0.4272447088127489,0.36999305511332414
2016-06,2016-06-01,6,3,MAT,-0.008796649501480402,0.027961157555300487,0.0537808783117375,-0.0013700532006594157,0.21972256831522619,0.18992983951316056,0.3145299116585738,0.328251232958902
2016-06,2016-06-01,6,4,AMAT,-0.020098507263495713,0.07752276382118461,0.2466885334904083,0.26416717429634917,0.39486442012103273,0.33293781300464786,0.28359600807783836,0.46589269682687395
2016-06,2016-06-01,6,5,ISRG,0.044880744487421964,0.0880991713823811,0.08154433374530545,0.11583756026200631,0.1740371243161325,0.16496470842214195,0.2210435775670121,0.2646055999341488
2016-06,2016-06-01,6,6,CHTR,0.021054915543440966,0.03736263736263745,0.18162640582074174,0.23419952118544551,0.294452347083926,0.2814735625770224,0.20446841443671415,0.21436961912647767
2016-06,2016-06-01,6,7,DLTR,0.03270566347925241,0.06926551133831715,-0.08402155553957424,0.10703399865846186,0.10770912222600382,0.15226494571425708,0.19534021455098372,0.3713379022137919
2016-06,2016-06-01,6,8,TMUS,0.008681386924563439,0.10441132351378246,0.08517129458398442,0.10271643246174467,0.050012133061381414,0.09422316227344707,0.17799860520319744,0.1130841724720586
2016-06,2016-06-01,6,9,AVGO,-0.00040980593794492925,0.05980412035514937,0.14782386018936888,0.12174008387431168,0.12785050564096978,0.09138634736206752,0.17210323421688556,0.25816524805380703
2016-06,2016-06-01,6,10,KHC,0.051102014174578825,0.02406210191362068,0.07306900154162999,0.0965317322491912,0.10578629667639072,0.17134291952186276,0.152882784911055,0.10572750372138828
2016-05,2016-05-02,4,1,PCAR,-0.0471224176119841,-0.11267839570187232,0.002002671499800268,0.21454236030380835,0.25008254088201354,0.1771586293717875,0.13593025997208907,0.18100703879472868
2016-05,2016-05-02,4,2,CHTR,0.050662731642485026,0.07278434672185852,0.08991826227528121,0.23203413245688131,0.21968118215606092,0.1463892057480587,0.15581297647064374,0.19123064141393264
2016-05,2016-05-02,4,3,FAST,-0.016588563777935827,-0.03679265715876234,-0.08981576001551206,0.17041382637005054,0.1870607619285527,0.16588388108547858,0.18529122694850853,0.3537263938344779
2016-05,2016-05-02,4,4,META,0.0017711711797157026,-0.036940076208756945,0.048410301596704564,0.030237254604732478,0.1599489114483943,0.10688933543506929,0.14771065417879492,0.3036833375607275
2016-05,2016-05-02,4,5,ULTA,0.12319661780890101,0.15670085459935335,0.23656988332732554,0.16697121710998863,0.15901217782477706,0.2706989018511967,0.21972683445741348,0.27254064787056076
2016-05,2016-05-02,4,6,ISRG,0.0068365327135571086,0.05202410587887596,0.09553799696313114,0.16606528087727201,0.15705446770232778,0.21275255505095636,0.2560187864120007,0.39025842692056734
2016-05,2016-05-02,4,7,MAT,0.028591990743774165,0.01954382752117123,0.05735261345708098,0.18581768017972378,0.15685310620853965,0.2779896435981757,0.29132955040651676,0.625395144463128
2016-05,2016-05-02,4,8,TSCO,0.012881785511319466,-0.030121661766986718,-0.04344228629101177,0.10485241923374655,0.14403326939392525,0.06862358170691696,0.0428210392291013,0.11719538727549583
2016-05,2016-05-02,4,9,PYPL,-0.018195646797177445,-0.0684264385511889,-0.050230692901159446,0.05231925281927885,0.12287774185828537,0.10946824183533899,0.054879666994898546,0.2395171614941014
2016-05,2016-05-02,4,10,NVDA,0.3036542914586777,0.29947676141297963,0.5799257838664746,0.23314527140385888,0.11619260936555009,0.10324120099236356,0.26370572005877624,0.5005525436231766
2016-05,2016-05-02,5,1,MAT,0.028591990743774165,0.01954382752117123,0.05735261345708098,0.18581768017972378,0.15685310620853965,0.2779896435981757,0.29132955040651676,0.625395144463128
2016-05,2016-05-02,5,2,ULTA,0.12319661780890101,0.15670085459935335,0.23656988332732554,0.16697121710998863,0.15901217782477706,0.2706989018511967,0.21972683445741348,0.27254064787056076
2016-05,2016-05-02,5,3,ISRG,0.0068365327135571086,0.05202410587887596,0.09553799696313114,0.16606528087727201,0.15705446770232778,0.21275255505095636,0.2560187864120007,0.39025842692056734
2016-05,2016-05-02,5,4,PCAR,-0.0471224176119841,-0.11267839570187232,0.002002671499800268,0.21454236030380835,0.25008254088201354,0.1771586293717875,0.13593025997208907,0.18100703879472868
2016-05,2016-05-02,5,5,FAST,-0.016588563777935827,-0.03679265715876234,-0.08981576001551206,0.17041382637005054,0.1870607619285527,0.16588388108547858,0.18529122694850853,0.3537263938344779
2016-05,2016-05-02,5,6,CHTR,0.050662731642485026,0.07278434672185852,0.08991826227528121,0.23203413245688131,0.21968118215606092,0.1463892057480587,0.15581297647064374,0.19123064141393264
2016-05,2016-05-02,5,7,PYPL,-0.018195646797177445,-0.0684264385511889,-0.050230692901159446,0.05231925281927885,0.12287774185828537,0.10946824183533899,0.054879666994898546,0.2395171614941014
2016-05,2016-05-02,5,8,META,0.0017711711797157026,-0.036940076208756945,0.048410301596704564,0.030237254604732478,0.1599489114483943,0.10688933543506929,0.14771065417879492,0.3036833375607275
2016-05,2016-05-02,5,9,AVGO,0.05948806968314613,0.05905388518100829,0.12284982171732173,0.0645240261915061,0.030107255184535386,0.10629205533897013,0.18752186462097464,0.20366083099971588
2016-05,2016-05-02,5,10,TMUS,0.06576615432833943,0.07501848268516764,0.17704420905795537,-0.01478187424415478,0.026700986731035492,0.10530682591021923,0.04439812425225642,-0.0034886864383225635
2016-05,2016-05-02,6,1,MAT,0.028591990743774165,0.01954382752117123,0.05735261345708098,0.18581768017972378,0.15685310620853965,0.2779896435981757,0.29132955040651676,0.625395144463128
2016-05,2016-05-02,6,2,NVDA,0.3036542914586777,0.29947676141297963,0.5799257838664746,0.23314527140385888,0.11619260936555009,0.10324120099236356,0.26370572005877624,0.5005525436231766
2016-05,2016-05-02,6,3,ISRG,0.0068365327135571086,0.05202410587887596,0.09553799696313114,0.16606528087727201,0.15705446770232778,0.21275255505095636,0.2560187864120007,0.39025842692056734
2016-05,2016-05-02,6,4,DLTR,0.12277448865462404,0.15949557324365204,0.20054403772890428,-0.01341798070837219,0.0262656992634116,0.06463072204580644,0.22138320390322663,0.19928817208582927
2016-05,2016-05-02,6,5,ULTA,0.12319661780890101,0.15670085459935335,0.23656988332732554,0.16697121710998863,0.15901217782477706,0.2706989018511967,0.21972683445741348,0.27254064787056076
2016-05,2016-05-02,6,6,AMAT,0.2056584920186375,0.18142655605950564,0.29912447054440405,0.15693160986707544,0.10556830298844089,0.06464311127499278,0.21584404417251335,0.3998366124591697
2016-05,2016-05-02,6,7,AVGO,0.05948806968314613,0.05905388518100829,0.12284982171732173,0.0645240261915061,0.030107255184535386,0.10629205533897013,0.18752186462097464,0.20366083099971588
2016-05,2016-05-02,6,8,FAST,-0.016588563777935827,-0.03679265715876234,-0.08981576001551206,0.17041382637005054,0.1870607619285527,0.16588388108547858,0.18529122694850853,0.3537263938344779
2016-05,2016-05-02,6,9,CHTR,0.050662731642485026,0.07278434672185852,0.08991826227528121,0.23203413245688131,0.21968118215606092,0.1463892057480587,0.15581297647064374,0.19123064141393264
2016-05,2016-05-02,6,10,META,0.0017711711797157026,-0.036940076208756945,0.048410301596704564,0.030237254604732478,0.1599489114483943,0.10688933543506929,0.14771065417879492,0.3036833375607275
2016-04,2016-04-01,4,1,MAT,-0.08552233947042931,-0.059375602665179605,-0.0676499458010753,0.2650425003696759,0.39750777821964123,0.4120952387822274,0.7774027891746065,0.5616259591567523
2016-04,2016-04-01,4,2,FAST,-0.03266849208302547,-0.04871513249651305,-0.06825918861268343,0.22714989867820745,0.2052578371979854,0.22532060337916882,0.39944412309028965,0.32657601984476736
2016-04,2016-04-01,4,3,AVGO,-0.07427135543023033,-0.019201545314379453,-0.019603482345036727,0.11275292303747975,0.1950500417464307,0.2827969314624297,0.3002307296638902,0.3345741471555004
2016-04,2016-04-01,4,4,ULTA,0.08517874739308717,0.21886909879001526,0.2552271845026397,0.06803803576973766,0.17095815311881335,0.12398702737917566,0.17265533528699417,0.2628772087212081
2016-04,2016-04-01,4,5,ISRG,0.04428699587310736,0.051426298082736244,0.09861509311434347,0.1079851346180345,0.16132113091861133,0.20275249177250232,0.3312991853912728,0.20475940741326748
2016-04,2016-04-01,4,6,AMAT,-0.0518203733724415,0.14318081880257694,0.12020459081238433,0.16599035872630497,0.12282850356283892,0.2822929432653718,0.4763411627373222,0.3981875077219039
2016-04,2016-04-01,4,7,PYPL,-0.009644759154160631,-0.027664913320325057,-0.07741124118574627,0.13381309609596403,0.1202730051569858,0.0651528093030036,0.2515884304660807,0.16671620044756308
2016-04,2016-04-01,4,8,ROST,-0.017905856647399188,-0.09106428088072505,-0.03662945665448747,0.08111560434617293,0.1095986020539168,0.162822563108735,0.2308521799669121,0.24405732370201472
2016-04,2016-04-01,4,9,NVDA,-0.0041492602261368194,0.29824509055849546,0.29408489417205974,0.1208432798061827,0.1078379087642054,0.2689710110028509,0.5068046683019192,0.6892147805978284
2016-04,2016-04-01,4,10,DLTR,-0.02916817160469498,0.09002520969617245,0.1256752073883971,0.057099354642846434,0.09661703593457815,0.2580790701125446,0.2353202037763238,0.19612341325849636
2016-04,2016-04-01,5,1,MAT,-0.08552233947042931,-0.059375602665179605,-0.0676499458010753,0.2650425003696759,0.39750777821964123,0.4120952387822274,0.7774027891746065,0.5616259591567523
2016-04,2016-04-01,5,2,AVGO,-0.07427135543023033,-0.019201545314379453,-0.019603482345036727,0.11275292303747975,0.1950500417464307,0.2827969314624297,0.3002307296638902,0.3345741471555004
2016-04,2016-04-01,5,3,AMAT,-0.0518203733724415,0.14318081880257694,0.12020459081238433,0.16599035872630497,0.12282850356283892,0.2822929432653718,0.4763411627373222,0.3981875077219039
2016-04,2016-04-01,5,4,NVDA,-0.0041492602261368194,0.29824509055849546,0.29408489417205974,0.1208432798061827,0.1078379087642054,0.2689710110028509,0.5068046683019192,0.6892147805978284
2016-04,2016-04-01,5,5,DLTR,-0.02916817160469498,0.09002520969617245,0.1256752073883971,0.057099354642846434,0.09661703593457815,0.2580790701125446,0.2353202037763238,0.19612341325849636
2016-04,2016-04-01,5,6,FAST,-0.03266849208302547,-0.04871513249651305,-0.06825918861268343,0.22714989867820745,0.2052578371979854,0.22532060337916882,0.39944412309028965,0.32657601984476736
2016-04,2016-04-01,5,7,ISRG,0.04428699587310736,0.051426298082736244,0.09861509311434347,0.1079851346180345,0.16132113091861133,0.20275249177250232,0.3312991853912728,0.20475940741326748
2016-04,2016-04-01,5,8,ROST,-0.017905856647399188,-0.09106428088072505,-0.03662945665448747,0.08111560434617293,0.1095986020539168,0.162822563108735,0.2308521799669121,0.24405732370201472
2016-04,2016-04-01,5,9,VRSK,-0.03005394627366953,-0.009352500227769567,0.009228180175175904,0.06494008851017563,0.05374492302623701,0.14052056572553395,0.025972107452798987,0.12028459974170835
2016-04,2016-04-01,5,10,ULTA,0.08517874739308717,0.21886909879001526,0.2552271845026397,0.06803803576973766,0.17095815311881335,0.12398702737917566,0.17265533528699417,0.2628772087212081
2016-04,2016-04-01,6,1,MAT,-0.08552233947042931,-0.059375602665179605,-0.0676499458010753,0.2650425003696759,0.39750777821964123,0.4120952387822274,0.7774027891746065,0.5616259591567523
2016-04,2016-04-01,6,2,NVDA,-0.0041492602261368194,0.29824509055849546,0.29408489417205974,0.1208432798061827,0.1078379087642054,0.2689710110028509,0.5068046683019192,0.6892147805978284
2016-04,2016-04-01,6,3,AMAT,-0.0518203733724415,0.14318081880257694,0.12020459081238433,0.16599035872630497,0.12282850356283892,0.2822929432653718,0.4763411627373222,0.3981875077219039
2016-04,2016-04-01,6,4,TCOM,-0.006690467381246568,-0.011596821525757917,-0.08273865741674769,-0.008622535887117921,-0.1761138483545608,-0.06932333753467046,0.43258794644344256,0.39427860904066825
2016-04,2016-04-01,6,5,FAST,-0.03266849208302547,-0.04871513249651305,-0.06825918861268343,0.22714989867820745,0.2052578371979854,0.22532060337916882,0.39944412309028965,0.32657601984476736
2016-04,2016-04-01,6,6,BIDU,-0.06000104060883793,-0.07250566342140485,-0.13208637181627214,0.034233565687914025,-0.11106440012847862,-0.024898819353263102,0.38391626205486507,0.3256947281561364
2016-04,2016-04-01,6,7,ADSK,0.062316054104121,0.009174290723510836,-0.05937338199752129,-0.04211574958862818,-0.10738567107313701,0.015468466822929017,0.33912844865792335,0.269949402642246
2016-04,2016-04-01,6,8,ISRG,0.04428699587310736,0.051426298082736244,0.09861509311434347,0.1079851346180345,0.16132113091861133,0.20275249177250232,0.3312991853912728,0.20475940741326748
2016-04,2016-04-01,6,9,AVGO,-0.07427135543023033,-0.019201545314379453,-0.019603482345036727,0.11275292303747975,0.1950500417464307,0.2827969314624297,0.3002307296638902,0.3345741471555004
2016-04,2016-04-01,6,10,LRCX,-0.07645004558129931,0.002411423384059974,0.004228523773118331,0.07122181017985252,0.05024350117615417,0.09123895915812419,0.29715857166060444,0.2067262950740114
2016-03,2016-03-01,4,1,MAT,0.06166706884158435,-0.02912918262446118,-0.0013700532006594157,0.31633335838936993,0.3300735044207459,0.6741621185575457,0.47091871358568893,0.5000845125368558
2016-03,2016-03-01,4,2,DLTR,0.015604032650795574,-0.014019280055982963,0.10703399865846186,0.0797682961856041,0.23874958120131962,0.21634038863754212,0.1777458288901559,0.05627085901516171
2016-03,2016-03-01,4,3,FAST,0.04775127060471651,0.013522816515986413,-0.0032900713661823122,0.15032820385162893,0.169476609340657,0.3356644485695459,0.2661173095778022,0.14503986691793225
2016-03,2016-03-01,4,4,AMAT,0.10583308738551,0.04852840390959323,0.26416717429634917,0.01536888014221982,0.1595718720056214,0.33504882389420443,0.2643748172046463,0.14806799395669556
2016-03,2016-03-01,4,5,NVDA,0.10381659582972369,0.09923657353169757,0.43302447641292985,0.0036430988170268463,0.14962124667910337,0.3650860786064507,0.530340082745421,0.6329697264092691
2016-03,2016-03-01,4,6,ISRG,0.0612608437669131,0.10826089837510877,0.11583756026200631,0.09428434841385225,0.13332410107902315,0.2544504899152473,0.13521516834354363,0.08545110979650783
2016-03,2016-03-01,4,7,AVGO,0.14370090869878838,0.0587566920029432,0.12174008387431168,0.04489734392714917,0.12161922903593192,0.13686254839404577,0.16689086893694305,0.10724767447145522
2016-03,2016-03-01,4,8,ROST,0.0453537910465025,0.026635835918208395,-0.04984060020108694,0.061457481244793444,0.11237226388650168,0.17745034313665942,0.190082567602869,0.0653065209294319
2016-03,2016-03-01,4,9,HSIC,0.016102589912577292,0.004936569591202478,0.017277936402550154,0.06931431581776049,0.10486330337990868,0.268998398364791,0.28364506857372973,0.1592069895234285
2016-03,2016-03-01,4,10,ILMN,0.046078550343310765,-0.14789046386252702,-0.08607611940621407,-0.14887144415140485,0.07168772945067792,0.014630189308032504,-0.1740795835033878,-0.2639132306746168
2016-03,2016-03-01,5,1,MAT,0.06166706884158435,-0.02912918262446118,-0.0013700532006594157,0.31633335838936993,0.3300735044207459,0.6741621185575457,0.47091871358568893,0.5000845125368558
2016-03,2016-03-01,5,2,NVDA,0.10381659582972369,0.09923657353169757,0.43302447641292985,0.0036430988170268463,0.14962124667910337,0.3650860786064507,0.530340082745421,0.6329697264092691
2016-03,2016-03-01,5,3,TCOM,0.07016706688457264,0.06300714903109705,0.05775653040716833,-0.23013314730016543,-0.1303445123062158,0.3386582252189232,0.30286069547966576,0.17284821854028865
2016-03,2016-03-01,5,4,FAST,0.04775127060471651,0.013522816515986413,-0.0032900713661823122,0.15032820385162893,0.169476609340657,0.3356644485695459,0.2661173095778022,0.14503986691793225
2016-03,2016-03-01,5,5,AMAT,0.10583308738551,0.04852840390959323,0.26416717429634917,0.01536888014221982,0.1595718720056214,0.33504882389420443,0.2643748172046463,0.14806799395669556
2016-03,2016-03-01,5,6,BIDU,0.05621534436386311,-0.007158675404990822,-0.02036624989510638,-0.15837655207810952,-0.07679699423982478,0.310259569168037,0.2551367817465058,0.06538960386960158
2016-03,2016-03-01,5,7,HSIC,0.016102589912577292,0.004936569591202478,0.017277936402550154,0.06931431581776049,0.10486330337990868,0.268998398364791,0.28364506857372973,0.1592069895234285
2016-03,2016-03-01,5,8,ADSK,0.06370832253696546,0.12999442791518256,0.07346709193293743,-0.1608467189596109,-0.045350642363108706,0.2589244817264149,0.19388875289928298,0.018949383690200827
2016-03,2016-03-01,5,9,ISRG,0.0612608437669131,0.10826089837510877,0.11583756026200631,0.09428434841385225,0.13332410107902315,0.2544504899152473,0.13521516834354363,0.08545110979650783
2016-03,2016-03-01,5,10,PYPL,0.0038217615855224985,-0.005859857538675128,-0.023948880437797082,0.11600788907736992,0.061097547457637846,0.24682336881122624,0.16227426530856537,-0.0035542603434988163
2016-03,2016-03-01,6,1,NVDA,0.10381659582972369,0.09923657353169757,0.43302447641292985,0.0036430988170268463,0.14962124667910337,0.3650860786064507,0.530340082745421,0.6329697264092691
2016-03,2016-03-01,6,2,MAT,0.06166706884158435,-0.02912918262446118,-0.0013700532006594157,0.31633335838936993,0.3300735044207459,0.6741621185575457,0.47091871358568893,0.5000845125368558
2016-03,2016-03-01,6,3,TCOM,0.07016706688457264,0.06300714903109705,0.05775653040716833,-0.23013314730016543,-0.1303445123062158,0.3386582252189232,0.30286069547966576,0.17284821854028865
2016-03,2016-03-01,6,4,HSIC,0.016102589912577292,0.004936569591202478,0.017277936402550154,0.06931431581776049,0.10486330337990868,0.268998398364791,0.28364506857372973,0.1592069895234285
2016-03,2016-03-01,6,5,MSFT,0.056865658914664774,-0.03746699859177416,0.012165298041316497,-0.04097196721734497,0.0013988377037372768,0.1951240169365045,0.2748561502711713,0.1464655179450498
2016-03,2016-03-01,6,6,FAST,0.04775127060471651,0.013522816515986413,-0.0032900713661823122,0.15032820385162893,0.169476609340657,0.3356644485695459,0.2661173095778022,0.14503986691793225
2016-03,2016-03-01,6,7,AMAT,0.10583308738551,0.04852840390959323,0.26416717429634917,0.01536888014221982,0.1595718720056214,0.33504882389420443,0.2643748172046463,0.14806799395669556
2016-03,2016-03-01,6,8,META,0.05682024608336356,0.07967578380069229,0.08158807443239713,0.025205299630393974,0.06301416721472175,0.20747668616913884,0.25897035261539925,0.16656049251279947
2016-03,2016-03-01,6,9,BIDU,0.05621534436386311,-0.007158675404990822,-0.02036624989510638,-0.15837655207810952,-0.07679699423982478,0.310259569168037,0.2551367817465058,0.06538960386960158
2016-03,2016-03-01,6,10,PAYX,0.029652128211630435,-0.00018966217518090467,0.04354641531955772,-0.019681125642463937,0.022621431341445897,0.11164358468044822,0.231350964274337,0.12614701407062778
2016-02,2016-02-01,4,1,MAT,0.2213959457399597,0.29671585360873776,0.18581768017972378,0.08897815574043522,0.370695657208266,0.20429310308096738,0.22817217280679447,0.04958828294619799
2016-02,2016-02-01,4,2,KLAC,0.03611306143292281,0.09724628186902495,0.05248503362218537,0.01646563851291405,0.3638267170909557,0.4084071033705734,0.30019966440965007,0.20289724266922438
2016-02,2016-02-01,4,3,TCOM,-0.001667827658356602,0.06838221265136002,0.06123423630691205,-0.12889165371285272,0.340894606330302,0.30503727273832504,0.17480759514071176,0.18242015836412873
2016-02,2016-02-01,4,4,META,-0.04579016213730913,0.008428275665215423,0.030237254604732478,0.11402557910714761,0.26542049584579175,0.31938521555733823,0.2225408355941363,0.3242433706583778
2016-02,2016-02-01,4,5,MSFT,-0.032032209631219666,0.023011916576272995,-0.06829905746984954,0.034537355134740766,0.2346733319309946,0.31704397910334525,0.184404614856311,0.2472890988524492
2016-02,2016-02-01,4,6,GOOG,-0.04413531978783569,-0.00277925427047776,-0.0715290558401005,0.04283646888567283,0.23018504311952825,0.2579667050381771,0.1913624928964861,0.44105451198727685
2016-02,2016-02-01,4,7,NVDA,0.1218197257046596,0.2382832307619518,0.23314527140385888,0.024782521057008955,0.21684977303192454,0.3641586501647165,0.45564361990830204,0.4477945437724016
2016-02,2016-02-01,4,8,DLTR,0.0006098489914132532,0.016223397745782853,-0.01341798070837219,0.2379945914483499,0.21559905677880287,0.1770280195395746,0.055627085901516216,0.02334293761496231
2016-02,2016-02-01,4,9,AMAT,0.10338604615123903,0.2201607979935154,0.15693160986707544,0.05092127642031197,0.2099562329531326,0.1459043021388191,0.04049529895843196,-0.08483348987140682
2016-02,2016-02-01,4,10,GOOGL,-0.03710590081690457,-0.0014273421966980449,-0.07312180942703361,0.03079973569266592,0.20057673784053587,0.22429969312409082,0.15954092546730236,0.41868237364860716
2016-02,2016-02-01,5,1,KLAC,0.03611306143292281,0.09724628186902495,0.05248503362218537,0.01646563851291405,0.3638267170909557,0.4084071033705734,0.30019966440965007,0.20289724266922438
2016-02,2016-02-01,5,2,NVDA,0.1218197257046596,0.2382832307619518,0.23314527140385888,0.024782521057008955,0.21684977303192454,0.3641586501647165,0.45564361990830204,0.4477945437724016
2016-02,2016-02-01,5,3,META,-0.04579016213730913,0.008428275665215423,0.030237254604732478,0.11402557910714761,0.26542049584579175,0.31938521555733823,0.2225408355941363,0.3242433706583778
2016-02,2016-02-01,5,4,MSFT,-0.032032209631219666,0.023011916576272995,-0.06829905746984954,0.034537355134740766,0.2346733319309946,0.31704397910334525,0.184404614856311,0.2472890988524492
2016-02,2016-02-01,5,5,TCOM,-0.001667827658356602,0.06838221265136002,0.06123423630691205,-0.12889165371285272,0.340894606330302,0.30503727273832504,0.17480759514071176,0.18242015836412873
2016-02,2016-02-01,5,6,GOOG,-0.04413531978783569,-0.00277925427047776,-0.0715290558401005,0.04283646888567283,0.23018504311952825,0.2579667050381771,0.1913624928964861,0.44105451198727685
2016-02,2016-02-01,5,7,GOOGL,-0.03710590081690457,-0.0014273421966980449,-0.07312180942703361,0.03079973569266592,0.20057673784053587,0.22429969312409082,0.15954092546730236,0.41868237364860716
2016-02,2016-02-01,5,8,MAT,0.2213959457399597,0.29671585360873776,0.18581768017972378,0.08897815574043522,0.370695657208266,0.20429310308096738,0.22817217280679447,0.04958828294619799
2016-02,2016-02-01,5,9,ROST,-0.009337792071295259,0.035592494704769884,0.01704932394946379,0.12285727161458038,0.18854876436489376,0.20130005775744286,0.07534789598645819,0.15460028704394446
2016-02,2016-02-01,5,10,ADBE,-0.01383771739006423,0.06193508552567395,0.05903359981582512,-0.0033367038097924517,0.06997015654151117,0.1792341509339055,0.10085993772202206,0.10711635665222108
2016-02,2016-02-01,6,1,NVDA,0.1218197257046596,0.2382832307619518,0.23314527140385888,0.024782521057008955,0.21684977303192454,0.3641586501647165,0.45564361990830204,0.4477945437724016
2016-02,2016-02-01,6,2,KLAC,0.03611306143292281,0.09724628186902495,0.05248503362218537,0.01646563851291405,0.3638267170909557,0.4084071033705734,0.30019966440965007,0.20289724266922438
2016-02,2016-02-01,6,3,MAT,0.2213959457399597,0.29671585360873776,0.18581768017972378,0.08897815574043522,0.370695657208266,0.20429310308096738,0.22817217280679447,0.04958828294619799
2016-02,2016-02-01,6,4,META,-0.04579016213730913,0.008428275665215423,0.030237254604732478,0.11402557910714761,0.26542049584579175,0.31938521555733823,0.2225408355941363,0.3242433706583778
2016-02,2016-02-01,6,5,GOOG,-0.04413531978783569,-0.00277925427047776,-0.0715290558401005,0.04283646888567283,0.23018504311952825,0.2579667050381771,0.1913624928964861,0.44105451198727685
2016-02,2016-02-01,6,6,MSFT,-0.032032209631219666,0.023011916576272995,-0.06829905746984954,0.034537355134740766,0.2346733319309946,0.31704397910334525,0.184404614856311,0.2472890988524492
2016-02,2016-02-01,6,7,TCOM,-0.001667827658356602,0.06838221265136002,0.06123423630691205,-0.12889165371285272,0.340894606330302,0.30503727273832504,0.17480759514071176,0.18242015836412873
2016-02,2016-02-01,6,8,GOOGL,-0.03710590081690457,-0.0014273421966980449,-0.07312180942703361,0.03079973569266592,0.20057673784053587,0.22429969312409082,0.15954092546730236,0.41868237364860716
2016-02,2016-02-01,6,9,AVGO,0.00544727058834682,0.14993095702060866,0.0645240261915061,0.11554256682163544,0.13070330155533672,0.16056893590663002,0.10124887387037118,0.022414024055919413
2016-02,2016-02-01,6,10,ADBE,-0.01383771739006423,0.06193508552567395,0.05903359981582512,-0.0033367038097924517,0.06997015654151117,0.1792341509339055,0.10085993772202206,0.10711635665222108
2016-01,2016-01-04,4,1,NVDA,-0.09484094433185919,0.015425283548722524,0.1208432798061827,0.34434911235982724,0.5070927497463598,0.6081633507315711,0.5994918624591519,0.4579816529954952
2016-01,2016-01-04,4,2,KLAC,-0.022856368195170895,0.012431279808986284,0.07216721684984417,0.3957279899290804,0.44135115609276476,0.3306126367605975,0.23103421392351287,0.1692658729753287
2016-01,2016-01-04,4,3,TCOM,-0.0720760301197626,-0.07362364738158089,-0.008622535887117921,0.44504792402697024,0.40640538998767317,0.26606018733661796,0.2742640525998459,0.10817098703649553
2016-01,2016-01-04,4,4,ADSK,-0.2099154295993556,-0.09948598679119203,-0.04211574958862818,0.3980065421086345,0.3257858682788186,0.13151974177433523,0.19686449898390812,0.10884357510710463
2016-01,2016-01-04,4,5,MSFT,-0.001642094978773545,-0.033621704679398845,0.021332033844837506,0.23670411755265652,0.3192102476269201,0.1863527186987406,0.2493406348356908,0.17580274344757774
2016-01,2016-01-04,4,6,AMZN,-0.09761538157961003,-0.09097476984348896,-0.060424853747184426,0.2232870454278062,0.2828574167952087,0.19056881435158424,0.4563433920150819,0.47820947532508185
2016-01,2016-01-04,4,7,BIDU,-0.12459921114970329,-0.020811834246914906,0.034233565687914025,0.3381080521539268,0.28181367549636493,0.08803357835745462,-0.07387654088155116,-0.08697161635061468
2016-01,2016-01-04,4,8,GOOG,0.013695609450415924,-0.031044170440203134,0.010878291598886314,0.21356453717549795,0.24097085289754272,0.17526650188649207,0.4215850384994342,0.3892393280826949
2016-01,2016-01-04,4,9,MAT,-0.02442582401604454,0.19156234331540523,0.2650425003696759,0.405014288970692,0.23444545041009102,0.25892238954364566,0.07586722648494937,0.09795983578785372
2016-01,2016-01-04,4,10,INTC,-0.09326300780107011,-0.09863789250045996,-0.03690478667141628,0.14098164443573813,0.23038952273281033,0.1880827442903208,0.14359827243531686,0.017806324477723123
2016-01,2016-01-04,5,1,NVDA,-0.09484094433185919,0.015425283548722524,0.1208432798061827,0.34434911235982724,0.5070927497463598,0.6081633507315711,0.5994918624591519,0.4579816529954952
2016-01,2016-01-04,5,2,KLAC,-0.022856368195170895,0.012431279808986284,0.07216721684984417,0.3957279899290804,0.44135115609276476,0.3306126367605975,0.23103421392351287,0.1692658729753287
2016-01,2016-01-04,5,3,TCOM,-0.0720760301197626,-0.07362364738158089,-0.008622535887117921,0.44504792402697024,0.40640538998767317,0.26606018733661796,0.2742640525998459,0.10817098703649553
2016-01,2016-01-04,5,4,MAT,-0.02442582401604454,0.19156234331540523,0.2650425003696759,0.405014288970692,0.23444545041009102,0.25892238954364566,0.07586722648494937,0.09795983578785372
2016-01,2016-01-04,5,5,AMZN,-0.09761538157961003,-0.09097476984348896,-0.060424853747184426,0.2232870454278062,0.2828574167952087,0.19056881435158424,0.4563433920150819,0.47820947532508185
2016-01,2016-01-04,5,6,INTC,-0.09326300780107011,-0.09863789250045996,-0.03690478667141628,0.14098164443573813,0.23038952273281033,0.1880827442903208,0.14359827243531686,0.017806324477723123
2016-01,2016-01-04,5,7,MSFT,-0.001642094978773545,-0.033621704679398845,0.021332033844837506,0.23670411755265652,0.3192102476269201,0.1863527186987406,0.2493406348356908,0.17580274344757774
2016-01,2016-01-04,5,8,GOOG,0.013695609450415924,-0.031044170440203134,0.010878291598886314,0.21356453717549795,0.24097085289754272,0.17526650188649207,0.4215850384994342,0.3892393280826949
2016-01,2016-01-04,5,9,GOOGL,0.01491901112592342,-0.022740473038106,0.013470374395112339,0.18292861270639604,0.2063028475206965,0.14249601471248363,0.3978281597807096,0.38278632923797273
2016-01,2016-01-04,5,10,ADSK,-0.2099154295993556,-0.09948598679119203,-0.04211574958862818,0.3980065421086345,0.3257858682788186,0.13151974177433523,0.19686449898390812,0.10884357510710463
2016-01,2016-01-04,6,1,NVDA,-0.09484094433185919,0.015425283548722524,0.1208432798061827,0.34434911235982724,0.5070927497463598,0.6081633507315711,0.5994918624591519,0.4579816529954952
2016-01,2016-01-04,6,2,AMZN,-0.09761538157961003,-0.09097476984348896,-0.060424853747184426,0.2232870454278062,0.2828574167952087,0.19056881435158424,0.4563433920150819,0.47820947532508185
2016-01,2016-01-04,6,3,GOOG,0.013695609450415924,-0.031044170440203134,0.010878291598886314,0.21356453717549795,0.24097085289754272,0.17526650188649207,0.4215850384994342,0.3892393280826949
2016-01,2016-01-04,6,4,GOOGL,0.01491901112592342,-0.022740473038106,0.013470374395112339,0.18292861270639604,0.2063028475206965,0.14249601471248363,0.3978281597807096,0.38278632923797273
2016-01,2016-01-04,6,5,TCOM,-0.0720760301197626,-0.07362364738158089,-0.008622535887117921,0.44504792402697024,0.40640538998767317,0.26606018733661796,0.2742640525998459,0.10817098703649553
2016-01,2016-01-04,6,6,MSFT,-0.001642094978773545,-0.033621704679398845,0.021332033844837506,0.23670411755265652,0.3192102476269201,0.1863527186987406,0.2493406348356908,0.17580274344757774
2016-01,2016-01-04,6,7,KLAC,-0.022856368195170895,0.012431279808986284,0.07216721684984417,0.3957279899290804,0.44135115609276476,0.3306126367605975,0.23103421392351287,0.1692658729753287
2016-01,2016-01-04,6,8,ADSK,-0.2099154295993556,-0.09948598679119203,-0.04211574958862818,0.3980065421086345,0.3257858682788186,0.13151974177433523,0.19686449898390812,0.10884357510710463
2016-01,2016-01-04,6,9,META,0.12590464600644635,0.07434928971466159,0.13539408073573544,0.1239144454498915,0.1718445431743818,0.08582981687699398,0.17615943353234553,0.27313510169338184
2016-01,2016-01-04,6,10,COST,-0.051961987648805774,-0.05397953432255376,-0.005396754686212257,0.10647714265827535,0.15656056067977997,0.10219936461373935,0.17511961452886116,0.1264278387295752
