decision_month,decision_date,ranking_window,rank,Ticker,momentum_3m,momentum_4m,momentum_5m,momentum_6m,momentum_7m
2026-06,2026-06-01,4,1,ARM,2.287368312892891,2.823529457931984,2.5635840158703105,2.0282943688499624,1.4238203927917144
2026-06,2026-06-01,4,2,MRVL,1.7150610784543527,1.7909968844147568,1.4577446855491991,1.4116113694799237,1.4310921447528417
2026-06,2026-06-01,4,3,SNDK,1.8452381034539362,1.647811435825373,5.399615303761011,7.380977632663871,7.50891309816817
2026-06,2026-06-01,5,1,SNDK,1.8452381034539362,1.647811435825373,5.399615303761011,7.380977632663871,7.50891309816817
2026-06,2026-06-01,5,2,ARM,2.287368312892891,2.823529457931984,2.5635840158703105,2.0282943688499624,1.4238203927917144
2026-06,2026-06-01,5,3,MU,1.510322902206923,1.3662289434041157,2.2843033088728153,3.3098790484426077,3.4156518289981825
2026-06,2026-06-01,6,1,SNDK,1.8452381034539362,1.647811435825373,5.399615303761011,7.380977632663871,7.50891309816817
2026-06,2026-06-01,6,2,MU,1.510322902206923,1.3662289434041157,2.2843033088728153,3.3098790484426077,3.4156518289981825
2026-06,2026-06-01,6,3,STX,1.4316692114152412,1.1315786909408576,2.2095256240255914,2.425724565728102,2.48442205719061
2026-05,2026-05-01,4,1,SNDK,0.7843184676582662,3.3126000658161425,4.647808965796484,4.734022663146355,8.80019792835991
2026-05,2026-05-01,4,2,STX,0.6819447992621483,1.53251027248997,1.703104343048075,1.749420221938534,1.8426587571994202
2026-05,2026-05-01,4,3,INTC,1.0409752088450959,1.529710514082268,1.4898777037180482,1.5220253859894188,1.77184214115548
2026-05,2026-05-01,5,1,SNDK,0.7843184676582662,3.3126000658161425,4.647808965796484,4.734022663146355,8.80019792835991
2026-05,2026-05-01,5,2,STX,0.6819447992621483,1.53251027248997,1.703104343048075,1.749420221938534,1.8426587571994202
2026-05,2026-05-01,5,3,WDC,0.597626066949853,1.3000879107075827,1.642006266194397,1.7342970762278997,2.308627547950879
2026-05,2026-05-01,6,1,SNDK,0.7843184676582662,3.3126000658161425,4.647808965796484,4.734022663146355,8.80019792835991
2026-05,2026-05-01,6,2,STX,0.6819447992621483,1.53251027248997,1.703104343048075,1.749420221938534,1.8426587571994202
2026-05,2026-05-01,6,3,WDC,0.597626066949853,1.3000879107075827,1.642006266194397,1.7342970762278997,2.308627547950879
2026-04,2026-04-01,4,1,WDC,0.5869605788081338,0.8228693668168301,0.8865460100562541,1.2828090457383374,2.643743417914033
2026-04,2026-04-01,4,2,STX,0.47408381127026744,0.5733805290131553,0.6003393484970556,0.6546101709721375,1.500349810667625
2026-04,2026-04-01,4,3,MU,0.16671269166070668,0.5310372132062071,0.5686118322047142,1.0224199743542095,2.109248257115811
2026-04,2026-04-01,5,1,WDC,0.5869605788081338,0.8228693668168301,0.8865460100562541,1.2828090457383374,2.643743417914033
2026-04,2026-04-01,5,2,STX,0.47408381127026744,0.5733805290131553,0.6003393484970556,0.6546101709721375,1.500349810667625
2026-04,2026-04-01,5,3,MU,0.16671269166070668,0.5310372132062071,0.5686118322047142,1.0224199743542095,2.109248257115811
2026-04,2026-04-01,6,1,WDC,0.5869605788081338,0.8228693668168301,0.8865460100562541,1.2828090457383374,2.643743417914033
2026-04,2026-04-01,6,2,MU,0.16671269166070668,0.5310372132062071,0.5686118322047142,1.0224199743542095,2.109248257115811
2026-04,2026-04-01,6,3,STX,0.47408381127026744,0.5733805290131553,0.6003393484970556,0.6546101709721375,1.500349810667625
2026-03,2026-03-02,4,1,MU,0.7168624182385559,0.7589975477322901,1.2678853380659616,2.4866242541793135,2.9387422357816364
2026-03,2026-03-02,4,2,WDC,0.6527893236965614,0.7105247149598073,1.069815033110591,2.303769501560274,2.5350983826022513
2026-03,2026-03-02,4,3,AMAT,0.4627837723733512,0.5707148124903043,0.7147727753461428,1.3695793870584718,1.0803639716192865
2026-03,2026-03-02,5,1,MU,0.7168624182385559,0.7589975477322901,1.2678853380659616,2.4866242541793135,2.9387422357816364
2026-03,2026-03-02,5,2,WDC,0.6527893236965614,0.7105247149598073,1.069815033110591,2.303769501560274,2.5350983826022513
2026-03,2026-03-02,5,3,AMAT,0.4627837723733512,0.5707148124903043,0.7147727753461428,1.3695793870584718,1.0803639716192865
2026-03,2026-03-02,6,1,MU,0.7168624182385559,0.7589975477322901,1.2678853380659616,2.4866242541793135,2.9387422357816364
2026-03,2026-03-02,6,2,WDC,0.6527893236965614,0.7105247149598073,1.069815033110591,2.303769501560274,2.5350983826022513
2026-03,2026-03-02,6,3,WBD,0.1939672810214823,0.2786002166624737,0.4728681880178489,1.4526678382689808,1.2144522341432746
2026-02,2026-02-02,4,1,MU,0.8661135226609629,1.4059905613089168,2.6989458442110097,3.178596017910218,2.6286182925323343
2026-02,2026-02-02,4,2,WDC,0.7114750020623726,1.0709649250200495,2.305604920551724,2.5370623170428974,3.2412612118494843
2026-02,2026-02-02,4,3,STX,0.6346673345906928,0.6901022901860185,1.5539834188210677,1.812829912416614,2.0023038463262957
2026-02,2026-02-02,5,1,MU,0.8661135226609629,1.4059905613089168,2.6989458442110097,3.178596017910218,2.6286182925323343
2026-02,2026-02-02,5,2,WDC,0.7114750020623726,1.0709649250200495,2.305604920551724,2.5370623170428974,3.2412612118494843
2026-02,2026-02-02,5,3,STX,0.6346673345906928,0.6901022901860185,1.5539834188210677,1.812829912416614,2.0023038463262957
2026-02,2026-02-02,6,1,MU,0.8661135226609629,1.4059905613089168,2.6989458442110097,3.178596017910218,2.6286182925323343
2026-02,2026-02-02,6,2,WDC,0.7114750020623726,1.0709649250200495,2.305604920551724,2.5370623170428974,3.2412612118494843
2026-02,2026-02-02,6,3,STX,0.6346673345906928,0.6901022901860185,1.5539834188210677,1.812829912416614,2.0023038463262957
2026-01,2026-01-02,4,1,MU,0.7334344511805075,1.6649648018228773,2.0105364549188884,1.6142961903547288,2.2190086259307287
2026-01,2026-01-02,4,2,WBD,0.47338499570181236,1.4535284431726239,1.2152292527113215,1.6060330276432189,1.8510000228881838
2026-01,2026-01-02,4,3,WDC,0.4384787348988919,1.296051626342615,1.4568204249181829,1.9459523861023005,2.610270517302957
2026-01,2026-01-02,5,1,MU,0.7334344511805075,1.6649648018228773,2.0105364549188884,1.6142961903547288,2.2190086259307287
2026-01,2026-01-02,5,2,WDC,0.4384787348988919,1.296051626342615,1.4568204249181829,1.9459523861023005,2.610270517302957
2026-01,2026-01-02,5,3,WBD,0.47338499570181236,1.4535284431726239,1.2152292527113215,1.6060330276432189,1.8510000228881838
2026-01,2026-01-02,6,1,WDC,0.4384787348988919,1.296051626342615,1.4568204249181829,1.9459523861023005,2.610270517302957
2026-01,2026-01-02,6,2,MU,0.7334344511805075,1.6649648018228773,2.0105364549188884,1.6142961903547288,2.2190086259307287
2026-01,2026-01-02,6,3,WBD,0.47338499570181236,1.4535284431726239,1.2152292527113215,1.6060330276432189,1.8510000228881838
2025-12,2025-12-01,4,1,MU,1.0308116813206705,1.2941513507079128,0.9922001364419424,1.4530156328295885,2.0967862731199767
2025-12,2025-12-01,4,2,INTC,0.6526228762723931,1.0719833986582974,0.7509845800256278,1.0268489759595805,1.002502464374679
2025-12,2025-12-01,4,3,WBD,1.0542169599242577,0.8547009364014821,1.1819014401092942,1.3870000839233398,1.83155397095038
2025-12,2025-12-01,5,1,WBD,1.0542169599242577,0.8547009364014821,1.1819014401092942,1.3870000839233398,1.83155397095038
2025-12,2025-12-01,5,2,MU,1.0308116813206705,1.2941513507079128,0.9922001364419424,1.4530156328295885,2.0967862731199767
2025-12,2025-12-01,5,3,APP,0.2944803367734685,0.6446185214335736,0.8521192263913193,0.5515663237378099,1.2311712356229214
2025-12,2025-12-01,6,1,MU,1.0308116813206705,1.2941513507079128,0.9922001364419424,1.4530156328295885,2.0967862731199767
2025-12,2025-12-01,6,2,WBD,1.0542169599242577,0.8547009364014821,1.1819014401092942,1.3870000839233398,1.83155397095038
2025-12,2025-12-01,6,3,INTC,0.6526228762723931,1.0719833986582974,0.7509845800256278,1.0268489759595805,1.002502464374679
2025-11,2025-11-03,4,1,WBD,0.7319348184717602,1.0374773099165306,1.2290000915527344,1.6441281267619785,1.183153852325821
2025-11,2025-11-03,4,2,MU,1.239197115913826,0.9444788585842023,1.3942559537881487,2.0226056747441867,1.6498482020808938
2025-11,2025-11-03,4,3,AMD,0.5122306261586838,0.9076481723029044,1.2651138455710145,1.6864975664481574,1.526269672896572
2025-11,2025-11-03,5,1,MU,1.239197115913826,0.9444788585842023,1.3942559537881487,2.0226056747441867,1.6498482020808938
2025-11,2025-11-03,5,2,AMD,0.5122306261586838,0.9076481723029044,1.2651138455710145,1.6864975664481574,1.526269672896572
2025-11,2025-11-03,5,3,WBD,0.7319348184717602,1.0374773099165306,1.2290000915527344,1.6441281267619785,1.183153852325821
2025-11,2025-11-03,6,1,MU,1.239197115913826,0.9444788585842023,1.3942559537881487,2.0226056747441867,1.6498482020808938
2025-11,2025-11-03,6,2,AMD,0.5122306261586838,0.9076481723029044,1.2651138455710145,1.6864975664481574,1.526269672896572
2025-11,2025-11-03,6,3,WBD,0.7319348184717602,1.0374773099165306,1.2290000915527344,1.6441281267619785,1.183153852325821
2025-10,2025-10-01,4,1,WBD,0.7687386767515549,0.9350000381469727,1.295373627636689,0.8952008138269885,0.7558983282834175
2025-10,2025-10-01,4,2,MU,0.508159820277216,0.8570120281955351,1.3443671866456985,1.0552522700720162,1.0163331973614982
2025-10,2025-10-01,4,3,INTC,0.5728664344292367,0.8206686445505049,0.7987987712779636,0.6299319669046888,0.5804748895536931
2025-10,2025-10-01,5,1,APP,1.0912115647924554,0.7518599199820013,1.5191958619520944,1.4905907196772197,1.087182173768181
2025-10,2025-10-01,5,2,MU,0.508159820277216,0.8570120281955351,1.3443671866456985,1.0552522700720162,1.0163331973614982
2025-10,2025-10-01,5,3,WBD,0.7687386767515549,0.9350000381469727,1.295373627636689,0.8952008138269885,0.7558983282834175
2025-10,2025-10-01,6,1,APP,1.0912115647924554,0.7518599199820013,1.5191958619520944,1.4905907196772197,1.087182173768181
2025-10,2025-10-01,6,2,PLTR,0.41528931216812603,0.40071195359312495,0.5916523391185855,1.1841048214655916,1.2170942340909012
2025-10,2025-10-01,6,3,MU,0.508159820277216,0.8570120281955351,1.3443671866456985,1.0552522700720162,1.0163331973614982
2025-09,2025-09-02,4,1,APP,0.1986016934062791,0.7236038062842911,0.7040325086139019,0.4280251859130626,0.3182191543564459
2025-09,2025-09-02,4,2,AMD,0.41603429480479037,0.6794620254688368,0.5792956728164032,0.6524483536298418,0.4204954239321568
2025-09,2025-09-02,4,3,NVDA,0.24320756387463716,0.5302559001204301,0.5505387699856918,0.4975238443071599,0.4641484505854281
2025-09,2025-09-02,5,1,PLTR,0.18971527056559334,0.3518932914246258,0.8551015088776401,0.8831215510188104,0.8759254877633127
2025-09,2025-09-02,5,2,AVGO,0.20197010401598137,0.5149342126374541,0.773925861915594,0.6002913686251048,0.37714867101057425
2025-09,2025-09-02,5,3,APP,0.1986016934062791,0.7236038062842911,0.7040325086139019,0.4280251859130626,0.3182191543564459
2025-09,2025-09-02,6,1,PLTR,0.18971527056559334,0.3518932914246258,0.8551015088776401,0.8831215510188104,0.8759254877633127
2025-09,2025-09-02,6,2,AMD,0.41603429480479037,0.6794620254688368,0.5792956728164032,0.6524483536298418,0.4204954239321568
2025-09,2025-09-02,6,3,AVGO,0.20197010401598137,0.5149342126374541,0.773925861915594,0.6002913686251048,0.37714867101057425
2025-08,2025-08-01,4,1,PLTR,0.32762485648924655,0.8217997604687266,0.8493168024294071,0.8422499188909882,1.0517355933414128
2025-08,2025-08-01,4,2,AVGO,0.46617034172451666,0.7168253680340981,0.5487799557388227,0.3328199473862208,0.2509478507710672
2025-08,2025-08-01,4,3,AMD,0.7765131323072765,0.6705584645602074,0.7479384208544129,0.5025816224057837,0.42336069682184463
2025-08,2025-08-01,5,1,PLTR,0.32762485648924655,0.8217997604687266,0.8493168024294071,0.8422499188909882,1.0517355933414128
2025-08,2025-08-01,5,2,AMD,0.7765131323072765,0.6705584645602074,0.7479384208544129,0.5025816224057837,0.42336069682184463
2025-08,2025-08-01,5,3,AVGO,0.46617034172451666,0.7168253680340981,0.5487799557388227,0.3328199473862208,0.2509478507710672
2025-08,2025-08-01,6,1,PLTR,0.32762485648924655,0.8217997604687266,0.8493168024294071,0.8422499188909882,1.0517355933414128
2025-08,2025-08-01,6,2,AMD,0.7765131323072765,0.6705584645602074,0.7479384208544129,0.5025816224057837,0.42336069682184463
2025-08,2025-08-01,6,3,NVDA,0.5565995159110744,0.5772315588334829,0.5233039721855439,0.48935401537995316,0.2562219595556885
2025-07,2025-07-01,4,1,ZS,0.5284229180370765,0.6278405543372214,0.5366000366210937,0.6917318128862262,0.47388621850519175
2025-07,2025-07-01,4,2,PLTR,0.5432214478605035,0.5665307545454894,0.5605444949780745,0.7379969202370622,0.9683686380053942
2025-07,2025-07-01,4,3,MSTR,0.21985491534767387,0.4877251335767372,0.07551353173994357,0.24429177574641492,-0.018406521758319694
2025-07,2025-07-01,5,1,PLTR,0.5432214478605035,0.5665307545454894,0.5605444949780745,0.7379969202370622,0.9683686380053942
2025-07,2025-07-01,5,2,ZS,0.5284229180370765,0.6278405543372214,0.5366000366210937,0.6917318128862262,0.47388621850519175
2025-07,2025-07-01,5,3,MCHP,0.48937558031663664,0.24650067730804448,0.392593396665768,0.27948190841525355,0.03508666909583047
2025-07,2025-07-01,6,1,PLTR,0.5432214478605035,0.5665307545454894,0.5605444949780745,0.7379969202370622,0.9683686380053942
2025-07,2025-07-01,6,2,ZS,0.5284229180370765,0.6278405543372214,0.5366000366210937,0.6917318128862262,0.47388621850519175
2025-07,2025-07-01,6,3,NFLX,0.3933949910843293,0.32854058705356715,0.3214293452144086,0.4588432294573641,0.44095169670612155
2025-06,2025-06-02,4,1,PLTR,0.5828338070533214,0.5767852478446323,0.756084439404406,0.9888536601902809,2.1498091377291413
2025-06,2025-06-02,4,2,ZS,0.5529424392289344,0.46589996337890627,0.61389401500344,0.40607165315602844,0.6056739063252898
2025-06,2025-06-02,4,3,MELI,0.25262148632393355,0.3586043838007218,0.46937107161827196,0.3283071537341722,0.26207604489554903
2025-06,2025-06-02,5,1,PLTR,0.5828338070533214,0.5767852478446323,0.756084439404406,0.9888536601902809,2.1498091377291413
2025-06,2025-06-02,5,2,ZS,0.5529424392289344,0.46589996337890627,0.61389401500344,0.40607165315602844,0.6056739063252898
2025-06,2025-06-02,5,3,MELI,0.25262148632393355,0.3586043838007218,0.46937107161827196,0.3283071537341722,0.26207604489554903
2025-06,2025-06-02,6,1,PLTR,0.5828338070533214,0.5767852478446323,0.756084439404406,0.9888536601902809,2.1498091377291413
2025-06,2025-06-02,6,2,AVGO,0.3313903259975155,0.1457428653252626,0.07536248817830304,0.5021981748318567,0.4807658897315894
2025-06,2025-06-02,6,3,ZS,0.5529424392289344,0.46589996337890627,0.61389401500344,0.40607165315602844,0.6056739063252898
2025-05,2025-05-01,4,1,PLTR,0.38762837249267035,0.545418182939867,0.7502635640385344,1.7719466131638368,2.1870543024157314
2025-05,2025-05-01,4,2,MELI,0.20201162459283517,0.3000113425106232,0.17520645366362242,0.11660914330386474,0.11054531653012445
2025-05,2025-05-01,4,3,TTWO,0.2638791256624826,0.28459053236643506,0.25123704169948247,0.4358896075329115,0.5627990752654393
2025-05,2025-05-01,5,1,PLTR,0.38762837249267035,0.545418182939867,0.7502635640385344,1.7719466131638368,2.1870543024157314
2025-05,2025-05-01,5,2,NFLX,0.15785444841238894,0.2782583714223743,0.2625815659541402,0.4991006375756104,0.6051860392223471
2025-05,2025-05-01,5,3,TTWO,0.2638791256624826,0.28459053236643506,0.25123704169948247,0.4358896075329115,0.5627990752654393
2025-05,2025-05-01,6,1,PLTR,0.38762837249267035,0.545418182939867,0.7502635640385344,1.7719466131638368,2.1870543024157314
2025-05,2025-05-01,6,2,APP,-0.23519596002852017,-0.1822517665381157,-0.17939459984285588,0.7091053159706795,1.1392269674028337
2025-05,2025-05-01,6,3,MSTR,0.09942669085751943,0.27195758035417117,0.0034184021884706706,0.6612250008718454,1.3455651876393024
2025-04,2025-04-01,4,1,PLTR,0.12621355972377923,0.27549331350617745,1.0200382634536336,1.3225453217643866,1.7754834372310073
2025-04,2025-04-01,4,2,PDD,0.2611208918478001,0.23449179932611885,0.013520279660094392,-0.161013437561913,0.25002560042359323
2025-04,2025-04-01,4,3,EXC,0.23067586759377012,0.20790349314664724,0.22711131741193902,0.14825371042598667,0.21627156344694054
2025-04,2025-04-01,5,1,PLTR,0.12621355972377923,0.27549331350617745,1.0200382634536336,1.3225453217643866,1.7754834372310073
2025-04,2025-04-01,5,2,APP,-0.17285969566175896,-0.16996971359495894,0.7287348762753214,1.1637965971205326,2.2077615002542985
2025-04,2025-04-01,5,3,MSTR,0.020032595754861715,-0.1953194876770129,0.33220138465651794,0.8810005803760852,1.5017984775765219
2025-04,2025-04-01,6,1,PLTR,0.12621355972377923,0.27549331350617745,1.0200382634536336,1.3225453217643866,1.7754834372310073
2025-04,2025-04-01,6,2,APP,-0.17285969566175896,-0.16996971359495894,0.7287348762753214,1.1637965971205326,2.2077615002542985
2025-04,2025-04-01,6,3,MSTR,0.020032595754861715,-0.1953194876770129,0.33220138465651794,0.8810005803760852,1.5017984775765219
2025-03,2025-03-03,4,1,APP,-0.009542264995874294,1.0628630762308693,1.5820131044565477,2.8277545313869563,3.4924758661583244
2025-03,2025-03-03,4,2,PLTR,0.25651451929297964,0.989980959272645,1.2879868421190297,1.7341854324201873,2.198619571049871
2025-03,2025-03-03,4,3,FTNT,0.11770878364063142,0.3520304161098726,0.39286186287098035,0.38130435251384753,0.8625874037497541
2025-03,2025-03-03,5,1,APP,-0.009542264995874294,1.0628630762308693,1.5820131044565477,2.8277545313869563,3.4924758661583244
2025-03,2025-03-03,5,2,PLTR,0.25651451929297964,0.989980959272645,1.2879868421190297,1.7341854324201873,2.198619571049871
2025-03,2025-03-03,5,3,TEAM,0.031367519876368766,0.22228657793830142,0.6987981931067744,0.6741147503767422,0.5828907442024045
2025-03,2025-03-03,6,1,APP,-0.009542264995874294,1.0628630762308693,1.5820131044565477,2.8277545313869563,3.4924758661583244
2025-03,2025-03-03,6,2,PLTR,0.25651451929297964,0.989980959272645,1.2879868421190297,1.7341854324201873,2.198619571049871
2025-03,2025-03-03,6,3,MSTR,-0.34020508487225243,0.09233377230055906,0.5423197148166226,1.0513407357338522,0.6597323643457407
2025-02,2025-02-03,4,1,APP,1.234697029103577,1.797091615105233,3.1466017681877707,3.866693571231462,3.308417870269171
2025-02,2025-02-03,4,2,PLTR,0.9976145401123806,1.2967635756039328,1.7446737868096869,2.2108894980345464,2.2357032681329128
2025-02,2025-02-03,4,3,MSTR,0.5109920603948048,1.133443918675317,1.8375572040863668,1.2958572631375813,1.5409781768831863
2025-02,2025-02-03,5,1,APP,1.234697029103577,1.797091615105233,3.1466017681877707,3.866693571231462,3.308417870269171
2025-02,2025-02-03,5,2,MSTR,0.5109920603948048,1.133443918675317,1.8375572040863668,1.2958572631375813,1.5409781768831863
2025-02,2025-02-03,5,3,PLTR,0.9976145401123806,1.2967635756039328,1.7446737868096869,2.2108894980345464,2.2357032681329128
2025-02,2025-02-03,6,1,APP,1.234697029103577,1.797091615105233,3.1466017681877707,3.866693571231462,3.308417870269171
2025-02,2025-02-03,6,2,PLTR,0.9976145401123806,1.2967635756039328,1.7446737868096869,2.2108894980345464,2.2357032681329128
2025-02,2025-02-03,6,3,MSTR,0.5109920603948048,1.133443918675317,1.8375572040863668,1.2958572631375813,1.5409781768831863
2025-01,2025-01-02,4,1,APP,1.6159970512520148,2.878134680936252,3.5516049467009188,3.029474180723825,3.132769182484976
2025-01,2025-01-02,4,2,PLTR,1.0622601297164507,1.464437950748645,1.8830522492854942,1.9053324914860243,2.5267356246566863
2025-01,2025-01-02,4,3,MSTR,0.84405928614867,1.4526652265706264,0.9844425572665088,1.196314776294649,0.8434814503805486
2025-01,2025-01-02,5,1,APP,1.6159970512520148,2.878134680936252,3.5516049467009188,3.029474180723825,3.132769182484976
2025-01,2025-01-02,5,2,PLTR,1.0622601297164507,1.464437950748645,1.8830522492854942,1.9053324914860243,2.5267356246566863
2025-01,2025-01-02,5,3,AXON,0.4941385411814925,0.679496520114526,0.9907551997927131,1.06248057763601,1.1415646172713516
2025-01,2025-01-02,6,1,APP,1.6159970512520148,2.878134680936252,3.5516049467009188,3.029474180723825,3.132769182484976
2025-01,2025-01-02,6,2,PLTR,1.0622601297164507,1.464437950748645,1.8830522492854942,1.9053324914860243,2.5267356246566863
2025-01,2025-01-02,6,3,MSTR,0.84405928614867,1.4526652265706264,0.9844425572665088,1.196314776294649,0.8434814503805486
2024-12,2024-12-02,4,1,APP,2.8646318728289923,3.5357572639276844,3.0154444419159043,3.1183797933033652,3.8837110233814585
2024-12,2024-12-02,4,2,FTNT,0.23583564228119003,0.6664335388712643,0.5926483228907722,0.6210884512179686,0.5003935389006657
2024-12,2024-12-02,4,3,TSLA,0.6955839790544509,0.6466383626895797,0.7015629243273562,1.025582902815731,0.9839434715248827
2024-12,2024-12-02,5,1,APP,2.8646318728289923,3.5357572639276844,3.0154444419159043,3.1183797933033652,3.8837110233814585
2024-12,2024-12-02,5,2,TSLA,0.6955839790544509,0.6466383626895797,0.7015629243273562,1.025582902815731,0.9839434715248827
2024-12,2024-12-02,5,3,DASH,0.41039576819673096,0.6300369694238959,0.6253800722974938,0.5914996896126572,0.3837282000943709
2024-12,2024-12-02,6,1,APP,2.8646318728289923,3.5357572639276844,3.0154444419159043,3.1183797933033652,3.8837110233814585
2024-12,2024-12-02,6,2,TSLA,0.6955839790544509,0.6466383626895797,0.7015629243273562,1.025582902815731,0.9839434715248827
2024-12,2024-12-02,6,3,TEAM,0.6231990227668023,0.5347494600102858,0.4916129306188639,0.6677958094131089,0.5389245720195484
2024-11,2024-11-01,4,1,DASH,0.43863223708379406,0.43452216936355526,0.404620141587849,0.22124591856420373,0.1259313103950046
2024-11,2024-11-01,4,2,ILMN,0.22402939415248535,0.419526014282805,0.4893419331107516,0.23478721663655722,0.15998550530910594
2024-11,2024-11-01,4,3,PYPL,0.18282047487325048,0.3362739224597384,0.21730229065711137,0.16797705274944885,0.18791334449726627
2024-11,2024-11-01,5,1,ILMN,0.22402939415248535,0.419526014282805,0.4893419331107516,0.23478721663655722,0.15998550530910594
2024-11,2024-11-01,5,2,GILD,0.18115505295921586,0.3162377314861413,0.441817330706062,0.3960384437336333,0.2548638822302218
2024-11,2024-11-01,5,3,TSLA,0.14811396766017637,0.18640996380163832,0.4123319825840852,0.3832990062161823,0.4209564775309498
2024-11,2024-11-01,6,1,NVDA,0.23991913969381318,0.08939308258576673,0.17758855742467605,0.6307933351899666,0.4986519755955867
2024-11,2024-11-01,6,2,ARM,0.16434855765140477,-0.10923632754201307,0.11296407072602199,0.48473076260077086,0.11480570203292606
2024-11,2024-11-01,6,3,CHTR,-0.027800649792799947,0.23805825226704003,0.2804485663871408,0.4112051328754325,0.28977651981892016
2024-10,2024-10-01,4,1,TSLA,0.22948626828958818,0.4636110887750997,0.43352397988271263,0.4725487228405836,0.27329248811107343
2024-10,2024-10-01,4,2,GILD,0.23433136650975173,0.35209644389881567,0.30916626892945587,0.1767766669233113,0.19820237297463827
2024-10,2024-10-01,4,3,FTNT,0.27802840123452155,0.30085032068434625,0.20399810063739587,0.12783836932996895,0.0858886316393277
2024-10,2024-10-01,5,1,CEG,0.29775526955893117,0.277752658898087,0.44403736007213723,0.4330117147913677,0.5708880442199908
2024-10,2024-10-01,5,2,TSLA,0.22948626828958818,0.4636110887750997,0.43352397988271263,0.4725487228405836,0.27329248811107343
2024-10,2024-10-01,5,3,ARM,-0.1432349035933329,0.07048457277282072,0.42806171186509756,0.07225591288579514,-0.039118722476643164
2024-10,2024-10-01,6,1,TSLA,0.22948626828958818,0.4636110887750997,0.43352397988271263,0.4725487228405836,0.27329248811107343
2024-10,2024-10-01,6,2,CEG,0.29775526955893117,0.277752658898087,0.44403736007213723,0.4330117147913677,0.5708880442199908
2024-10,2024-10-01,6,3,MELI,0.2932649904615374,0.2202889892815556,0.4185416532221229,0.35133273368687234,0.2811161786932259
2024-09,2024-09-03,4,1,MELI,0.17543146268299026,0.3663964068915404,0.3016580709001835,0.23402265939873668,0.13835885018129557
2024-09,2024-09-03,4,2,CHTR,0.21032776168780476,0.3339237471870833,0.2191448913207963,0.18167556658585493,-0.09394775135796196
2024-09,2024-09-03,4,3,AAPL,0.14945031409773102,0.3191396605152508,0.3134761396519805,0.24307219812805214,0.19669979108911728
2024-09,2024-09-03,5,1,AAPL,0.14945031409773102,0.3191396605152508,0.3134761396519805,0.24307219812805214,0.19669979108911728
2024-09,2024-09-03,5,2,MELI,0.17543146268299026,0.3663964068915404,0.3016580709001835,0.23402265939873668,0.13835885018129557
2024-09,2024-09-03,5,3,AZN,0.091870787869063,0.1287379278126899,0.2824812936222505,0.3350908479437771,0.3099789610674164
2024-09,2024-09-03,6,1,AZN,0.091870787869063,0.1287379278126899,0.2824812936222505,0.3350908479437771,0.3099789610674164
2024-09,2024-09-03,6,2,NVDA,-0.0607925359344923,0.30066928988198116,0.19527751237165614,0.31277655311673014,0.7137724177664069
2024-09,2024-09-03,6,3,XEL,0.14249143879258686,0.17435697401621741,0.18537768727435555,0.28779881771983007,0.04409860313939484
2024-08,2024-08-01,4,1,CHTR,0.4515594281920363,0.3266584878338341,0.28588482914330826,-0.014045078120578869,-0.03713828045833656
2024-08,2024-08-01,4,2,AAPL,0.2915307965118803,0.28598581001003853,0.21705538406980218,0.1716535258800671,0.17935346600462898
2024-08,2024-08-01,4,3,TSLA,0.2048446802152457,0.23764409941533837,0.07017371330208144,0.14825796838669136,-0.12704290230744797
2024-08,2024-08-01,5,1,NVDA,0.3152416822863757,0.20866912012154692,0.3274845924470362,0.7329731203260761,1.2675654850931584
2024-08,2024-08-01,5,2,CHTR,0.4515594281920363,0.3266584878338341,0.28588482914330826,-0.014045078120578869,-0.03713828045833656
2024-08,2024-08-01,5,3,BKR,0.18843713178360155,0.13335104446054613,0.2649953597038215,0.333396135739809,0.12511439838137406
2024-08,2024-08-01,6,1,NVDA,0.3152416822863757,0.20866912012154692,0.3274845924470362,0.7329731203260761,1.2675654850931584
2024-08,2024-08-01,6,2,ARM,0.27516004794612847,-0.04254984926370409,-0.14199967288740856,0.7230574010269393,0.7630586965247732
2024-08,2024-08-01,6,3,CEG,-0.03640305190659532,-0.04376039489305328,0.04824360301258612,0.39615248099190015,0.5461252637942051
2024-07,2024-07-01,4,1,NVDA,0.37567605261308357,0.510908762075911,0.9724253575825719,1.580884614029793,1.6585475702409962
2024-07,2024-07-01,4,2,MU,0.05808539415181602,0.38357302661903625,0.5377522150222671,0.5988217754120055,0.7361151987953236
2024-07,2024-07-01,4,3,GOOG,0.1801913630780818,0.3376300037769824,0.2942324083536172,0.3234447021763085,0.3853881681335851
2024-07,2024-07-01,5,1,ARM,0.2515168012596587,0.12152243544159336,1.252268993076746,1.3045560947594739,1.4856024732132442
2024-07,2024-07-01,5,2,NVDA,0.37567605261308357,0.510908762075911,0.9724253575825719,1.580884614029793,1.6585475702409962
2024-07,2024-07-01,5,3,CEG,0.1042233835647659,0.21046554852664134,0.6122153990482304,0.7853973638864924,0.7164419005143341
2024-07,2024-07-01,6,1,NVDA,0.37567605261308357,0.510908762075911,0.9724253575825719,1.580884614029793,1.6585475702409962
2024-07,2024-07-01,6,2,ARM,0.2515168012596587,0.12152243544159336,1.252268993076746,1.3045560947594739,1.4856024732132442
2024-07,2024-07-01,6,3,CEG,0.1042233835647659,0.21046554852664134,0.6122153990482304,0.7853973638864924,0.7164419005143341
2024-06,2024-06-03,4,1,NVDA,0.39774927621866385,0.8247005942095824,1.3875893050667112,1.4594356955026657,1.7174364802440474
2024-06,2024-06-03,4,2,CEG,0.22941481145083187,0.637453864962588,0.8133469111607801,0.7433119827785775,0.8238786498678063
2024-06,2024-06-03,4,3,MU,0.34833128810257663,0.4985832948263089,0.5580973193410603,0.6918936675185052,0.8510882291847903
2024-06,2024-06-03,5,1,NVDA,0.39774927621866385,0.8247005942095824,1.3875893050667112,1.4594356955026657,1.7174364802440474
2024-06,2024-06-03,5,2,CEG,0.22941481145083187,0.637453864962588,0.8133469111607801,0.7433119827785775,0.8238786498678063
2024-06,2024-06-03,5,3,MU,0.34833128810257663,0.4985832948263089,0.5580973193410603,0.6918936675185052,0.8510882291847903
2024-06,2024-06-03,6,1,NVDA,0.39774927621866385,0.8247005942095824,1.3875893050667112,1.4594356955026657,1.7174364802440474
2024-06,2024-06-03,6,2,MRNA,0.5550180004276182,0.4928298559437432,0.31395562065972227,0.8516848795400536,0.9398951869331895
2024-06,2024-06-03,6,3,CEG,0.22941481145083187,0.637453864962588,0.8133469111607801,0.7433119827785775,0.8238786498678063
2024-05,2024-05-01,4,1,NVDA,0.317608119987141,0.7240675349881647,0.7759474914755944,0.962248701667042,0.8545886130908942
2024-05,2024-05-01,4,2,CEG,0.448896744385046,0.6045352435511595,0.5425650214291875,0.6138542248378003,0.7697999788820789
2024-05,2024-05-01,4,3,MU,0.2826290440460477,0.33356676411421105,0.4480823087303538,0.5843360419411079,0.6206055006719211
2024-05,2024-05-01,5,1,NVDA,0.317608119987141,0.7240675349881647,0.7759474914755944,0.962248701667042,0.8545886130908942
2024-05,2024-05-01,5,2,CEG,0.448896744385046,0.6045352435511595,0.5425650214291875,0.6138542248378003,0.7697999788820789
2024-05,2024-05-01,5,3,MU,0.2826290440460477,0.33356676411421105,0.4480823087303538,0.5843360419411079,0.6206055006719211
2024-05,2024-05-01,6,1,NVDA,0.317608119987141,0.7240675349881647,0.7759474914755944,0.962248701667042,0.8545886130908942
2024-05,2024-05-01,6,2,DASH,0.18788439384284428,0.3213767395213476,0.31973490026885387,0.6793148421876358,0.6044813087522904
2024-05,2024-05-01,6,3,CRWD,-0.013127543641248574,0.1966462925666539,0.2570310342333657,0.6565180394214887,0.7425977004894171
2024-04,2024-04-01,4,1,NVDA,0.8760845688397549,0.9325389616189874,1.1352669977911587,1.0181141445770772,0.863213815606489
2024-04,2024-04-01,4,2,MU,0.5110517395372001,0.6408082073442012,0.7951960086353518,0.8362925852613228,0.7728998492701025
2024-04,2024-04-01,4,3,CEG,0.6168805972236266,0.5544335739143129,0.626271279097907,0.7834168855574779,0.7408634877528173
2024-04,2024-04-01,5,1,NVDA,0.8760845688397549,0.9325389616189874,1.1352669977911587,1.0181141445770772,0.863213815606489
2024-04,2024-04-01,5,2,DASH,0.43323658834923573,0.4314557608089278,0.8214755892048593,0.7403070965660044,0.6450499582807208
2024-04,2024-04-01,5,3,MU,0.5110517395372001,0.6408082073442012,0.7951960086353518,0.8362925852613228,0.7728998492701025
2024-04,2024-04-01,6,1,NVDA,0.8760845688397549,0.9325389616189874,1.1352669977911587,1.0181141445770772,0.863213815606489
2024-04,2024-04-01,6,2,CRWD,0.29446310959523747,0.3597838488609242,0.791925906368617,0.8850419310712032,0.9821993723671774
2024-04,2024-04-01,6,3,MU,0.5110517395372001,0.6408082073442012,0.7951960086353518,0.8362925852613228,0.7728998492701025
2024-03,2024-03-01,4,1,NVDA,0.7595685702347035,0.944151591761534,0.8374844132348331,0.6964483173067453,0.7694756837026036
2024-03,2024-03-01,4,2,AMD,0.6693302612120173,0.8756016074831903,0.9622349760505562,0.8514390592945822,0.7231292688684952
2024-03,2024-03-01,4,3,CRWD,0.3385525581308382,0.763947268501463,0.855609405224907,0.9512498569754662,0.8956374631022985
2024-03,2024-03-01,5,1,AMD,0.6693302612120173,0.8756016074831903,0.9622349760505562,0.8514390592945822,0.7231292688684952
2024-03,2024-03-01,5,2,CRWD,0.3385525581308382,0.763947268501463,0.855609405224907,0.9512498569754662,0.8956374631022985
2024-03,2024-03-01,5,3,NVDA,0.7595685702347035,0.944151591761534,0.8374844132348331,0.6964483173067453,0.7694756837026036
2024-03,2024-03-01,6,1,CRWD,0.3385525581308382,0.763947268501463,0.855609405224907,0.9512498569754662,0.8956374631022985
2024-03,2024-03-01,6,2,AMD,0.6693302612120173,0.8756016074831903,0.9622349760505562,0.8514390592945822,0.7231292688684952
2024-03,2024-03-01,6,3,META,0.5480355126808256,0.6124193649494631,0.638853129698933,0.6965818233640844,0.5581573608147974
2024-02,2024-02-01,4,1,CRWD,0.6785533214023609,0.7657780286208957,0.8567884577947258,0.8038682996279545,1.0510412534034592
2024-02,2024-02-01,4,2,AMD,0.5779340455655062,0.6508182557298956,0.5576062172770762,0.4496598464246977,0.4719391830144988
2024-02,2024-02-01,4,3,ASML,0.46405395124942417,0.5335829746966017,0.3476139968788716,0.25978354105002976,0.21928782433153793
2024-02,2024-02-01,5,1,CRWD,0.6785533214023609,0.7657780286208957,0.8567884577947258,0.8038682996279545,1.0510412534034592
2024-02,2024-02-01,5,2,AMD,0.5779340455655062,0.6508182557298956,0.5576062172770762,0.4496598464246977,0.4719391830144988
2024-02,2024-02-01,5,3,ZS,0.5196936280502236,0.4796444680321774,0.503093763223063,0.46228496987748247,0.6239852889406199
2024-02,2024-02-01,6,1,CRWD,0.6785533214023609,0.7657780286208957,0.8567884577947258,0.8038682996279545,1.0510412534034592
2024-02,2024-02-01,6,2,ZS,0.5196936280502236,0.4796444680321774,0.503093763223063,0.46228496987748247,0.6239852889406199
2024-02,2024-02-01,6,3,AMD,0.5779340455655062,0.6508182557298956,0.5576062172770762,0.4496598464246977,0.4719391830144988
2024-01,2024-01-02,4,1,CRWD,0.4562345709957174,0.5312907395151543,0.48764756207387494,0.6914907374157597,0.5670580425729408
2024-01,2024-01-02,4,2,PDD,0.46122205342857336,0.41001063122030357,0.6166056755448466,1.0429232363486656,1.10797520783448
2024-01,2024-01-02,4,3,ZS,0.31997014061056217,0.3408889289675354,0.30448397503819624,0.448734568678709,0.572063075536712
2024-01,2024-01-02,5,1,PDD,0.46122205342857336,0.41001063122030357,0.6166056755448466,1.0429232363486656,1.10797520783448
2024-01,2024-01-02,5,2,CRWD,0.4562345709957174,0.5312907395151543,0.48764756207387494,0.6914907374157597,0.5670580425729408
2024-01,2024-01-02,5,3,INTC,0.35243029065880127,0.3099474320971436,0.3444053664955764,0.43157973465795574,0.5460876045479044
2024-01,2024-01-02,6,1,PDD,0.46122205342857336,0.41001063122030357,0.6166056755448466,1.0429232363486656,1.10797520783448
2024-01,2024-01-02,6,2,CRWD,0.4562345709957174,0.5312907395151543,0.48764756207387494,0.6914907374157597,0.5670580425729408
2024-01,2024-01-02,6,3,ZS,0.31997014061056217,0.3408889289675354,0.30448397503819624,0.448734568678709,0.572063075536712
2023-12,2023-12-01,4,1,PDD,0.4064285311727869,0.6124987254701701,1.037733236174224,1.1026199446010296,1.1179473979970251
2023-12,2023-12-01,4,2,CRWD,0.4577312225230825,0.41618455815390365,0.6102355985776167,0.49178035053471625,0.9785335210699162
2023-12,2023-12-01,4,3,MELI,0.16204523841723506,0.36484631232995857,0.38388273069371737,0.3131826076831268,0.2789919703791546
2023-12,2023-12-01,5,1,PDD,0.4064285311727869,0.6124987254701701,1.037733236174224,1.1026199446010296,1.1179473979970251
2023-12,2023-12-01,5,2,CRWD,0.4577312225230825,0.41618455815390365,0.6102355985776167,0.49178035053471625,0.9785335210699162
2023-12,2023-12-01,5,3,MELI,0.16204523841723506,0.36484631232995857,0.38388273069371737,0.3131826076831268,0.2789919703791546
2023-12,2023-12-01,6,1,PDD,0.4064285311727869,0.6124987254701701,1.037733236174224,1.1026199446010296,1.1179473979970251
2023-12,2023-12-01,6,2,CRWD,0.4577312225230825,0.41618455815390365,0.6102355985776167,0.49178035053471625,0.9785335210699162
2023-12,2023-12-01,6,3,ZS,0.2503472198136496,0.21640046110035183,0.35091072874329576,0.4659116451819205,1.2315754287407743
2023-11,2023-11-01,4,1,PDD,0.14252419235458258,0.4438209985035513,0.4897960017509291,0.500656156885009,0.37533411734099076
2023-11,2023-11-01,4,2,CEG,0.19581687899634215,0.2571745253230866,0.2956478560359441,0.49990066135501565,0.5083179970597189
2023-11,2023-11-01,4,3,CRWD,0.0746565370475678,0.22191009797049532,0.13202159726347107,0.5013890456179215,0.30611499170684
2023-11,2023-11-01,5,1,PDD,0.14252419235458258,0.4438209985035513,0.4897960017509291,0.500656156885009,0.37533411734099076
2023-11,2023-11-01,5,2,CEG,0.19581687899634215,0.2571745253230866,0.2956478560359441,0.49990066135501565,0.5083179970597189
2023-11,2023-11-01,5,3,ADBE,-0.008377300656458697,0.12219453347842091,0.2759226713532512,0.45529870074151635,0.4325931888983394
2023-11,2023-11-01,6,1,ZS,-0.037776468304599575,0.06862676724137029,0.15959729175406379,0.7652692998366739,0.3875109989310064
2023-11,2023-11-01,6,2,CRWD,0.0746565370475678,0.22191009797049532,0.13202159726347107,0.5013890456179215,0.30611499170684
2023-11,2023-11-01,6,3,PDD,0.14252419235458258,0.4438209985035513,0.4897960017509291,0.500656156885009,0.37533411734099076
2023-10,2023-10-02,4,1,PDD,0.39809225542086746,0.4426111369510073,0.4531273289175761,0.33177449286543537,0.09479346624156393
2023-10,2023-10-02,4,2,CHTR,0.19092880353692232,0.33680877594847836,0.19642025679028796,0.23101544178695366,0.20952167944152844
2023-10,2023-10-02,4,3,ODFL,0.09701908872668574,0.2720786490140401,0.2717184400124535,0.2090477270951976,0.19333685598001393
2023-10,2023-10-02,5,1,ZS,0.0975510158196351,0.19098381635325667,0.8130493944415123,0.42506640580309707,0.25264712185789406
2023-10,2023-10-02,5,2,TSLA,-0.10085054850279351,0.21241326582270292,0.5547179339846879,0.2917800512626987,0.24081472013701832
2023-10,2023-10-02,5,3,NVDA,0.05594269788821782,0.12623393424912432,0.5493022702635948,0.6016564863683238,0.9736511282514051
2023-10,2023-10-02,6,1,NVDA,0.05594269788821782,0.12623393424912432,0.5493022702635948,0.6016564863683238,0.9736511282514051
2023-10,2023-10-02,6,2,META,0.07272227458034441,0.12549076116624924,0.2616991778424922,0.4399963474011608,0.769231042338951
2023-10,2023-10-02,6,3,ZS,0.0975510158196351,0.19098381635325667,0.8130493944415123,0.42506640580309707,0.25264712185789406
2023-09,2023-09-01,4,1,ZS,0.17240365072383512,0.784764578493137,0.40283439098544815,0.2331049663056861,0.2042274919236433
2023-09,2023-09-01,4,2,NVDA,0.21986463055020522,0.6781052177989491,0.7348119592175697,1.1377327846230871,1.316872310790064
2023-09,2023-09-01,4,3,TSLA,0.18065723526659627,0.5139961177447092,0.2579452129810249,0.20831478692290917,0.3505870104230122
2023-09,2023-09-01,5,1,NVDA,0.21986463055020522,0.6781052177989491,0.7348119592175697,1.1377327846230871,1.316872310790064
2023-09,2023-09-01,5,2,ADBE,0.31976572225578503,0.5053054420962488,0.4818197270841347,0.7416352695546347,0.46699833890964837
2023-09,2023-09-01,5,3,CEG,0.21036193298300487,0.40116981269467744,0.40903307790724996,0.4520527155433034,0.2685375315806926
2023-09,2023-09-01,6,1,NVDA,0.21986463055020522,0.6781052177989491,0.7348119592175697,1.1377327846230871,1.316872310790064
2023-09,2023-09-01,6,2,ADBE,0.31976572225578503,0.5053054420962488,0.4818197270841347,0.7416352695546347,0.46699833890964837
2023-09,2023-09-01,6,3,META,0.08719428145654007,0.21876800627611392,0.3909983522126794,0.709030352068946,0.9356058530775362
2023-08,2023-08-01,4,1,NVDA,0.608848767586208,0.6632151863765867,1.049507217718181,1.2212535437785577,2.24971813609136
2023-08,2023-08-01,4,2,DDOG,0.7576451722674085,0.6265742171584625,0.5281839282475844,0.3899637386949806,0.5945346481842486
2023-08,2023-08-01,4,3,MRVL,0.6494932591042373,0.5755465567380837,0.457102737143565,0.4330914845898297,0.8394736621659618
2023-08,2023-08-01,5,1,NVDA,0.608848767586208,0.6632151863765867,1.049507217718181,1.2212535437785577,2.24971813609136
2023-08,2023-08-01,5,2,META,0.32704160590331455,0.5145726484643083,0.8608581545200755,1.1075622976945305,1.587061015167397
2023-08,2023-08-01,5,3,ADBE,0.46759316996770095,0.4446958403097492,0.6980022490411,0.4302457709444083,0.6297636047189383
2023-08,2023-08-01,6,1,NVDA,0.608848767586208,0.6632151863765867,1.049507217718181,1.2212535437785577,2.24971813609136
2023-08,2023-08-01,6,2,META,0.32704160590331455,0.5145726484643083,0.8608581545200755,1.1075622976945305,1.587061015167397
2023-08,2023-08-01,6,3,TTD,0.4307277568567429,0.48941456194769395,0.6251579732852777,0.7214681836681518,1.0456611112069165
2023-07,2023-07-03,4,1,NVDA,0.5168024643491358,0.8690892339125165,1.0257167423342115,1.9636456651180345,1.4759027354158234
2023-07,2023-07-03,4,2,META,0.3423757309080733,0.649290859585334,0.8679463693409382,1.2929292461872652,1.374792485268443
2023-07,2023-07-03,4,3,ADBE,0.27659968584750483,0.5004328781271128,0.2638309399997185,0.44013407371880664,0.4100433352997872
2023-07,2023-07-03,5,1,NVDA,0.5168024643491358,0.8690892339125165,1.0257167423342115,1.9636456651180345,1.4759027354158234
2023-07,2023-07-03,5,2,META,0.3423757309080733,0.649290859585334,0.8679463693409382,1.2929292461872652,1.374792485268443
2023-07,2023-07-03,5,3,PANW,0.29699993386018764,0.36214826181711324,0.5942899915069726,0.8392199711267776,0.4273543055018372
2023-07,2023-07-03,6,1,NVDA,0.5168024643491358,0.8690892339125165,1.0257167423342115,1.9636456651180345,1.4759027354158234
2023-07,2023-07-03,6,2,TSLA,0.43666889760284966,0.37998718463420356,0.5424728607877982,1.5885292439778067,0.4371854736012366
2023-07,2023-07-03,6,3,META,0.3423757309080733,0.649290859585334,0.8679463693409382,1.2929292461872652,1.374792485268443
2023-06,2023-06-01,4,1,NVDA,0.752434435006849,0.899286406676999,1.7786767065369062,1.3213751021335254,1.937822525121672
2023-06,2023-06-01,4,2,META,0.5719640741481067,0.7803679490333217,1.1854255594893086,1.263450651352949,1.8635503120555827
2023-06,2023-06-01,4,3,CRWD,0.31062311165185186,0.4257918828213376,0.5254648035815015,0.2698476943603174,-0.018563481904937174
2023-06,2023-06-01,5,1,NVDA,0.752434435006849,0.899286406676999,1.7786767065369062,1.3213751021335254,1.937822525121672
2023-06,2023-06-01,5,2,META,0.5719640741481067,0.7803679490333217,1.1854255594893086,1.263450651352949,1.8635503120555827
2023-06,2023-06-01,5,3,TSLA,0.02342555555513748,0.14392811908533742,0.919704044419027,0.06584492822373655,-0.08910544464546599
2023-06,2023-06-01,6,1,NVDA,0.752434435006849,0.899286406676999,1.7786767065369062,1.3213751021335254,1.937822525121672
2023-06,2023-06-01,6,2,META,0.5719640741481067,0.7803679490333217,1.1854255594893086,1.263450651352949,1.8635503120555827
2023-06,2023-06-01,6,3,AMD,0.5259931003144043,0.411507586037559,0.8661356995500897,0.5419462576728438,1.0025142729846221
2023-05,2023-05-01,4,1,NVDA,0.3806478200627612,1.0199028035226614,0.6874766559910823,1.1355906359257752,1.3115655381923883
2023-05,2023-05-01,4,2,META,0.5881659537418324,0.9494950298912368,1.0190968189498948,1.5544119208070284,0.7544183586860933
2023-05,2023-05-01,4,3,MELI,0.06370799632951685,0.5635327587335517,0.372620919022711,0.40497529388778086,0.46395788539571825
2023-05,2023-05-01,5,1,META,0.5881659537418324,0.9494950298912368,1.0190968189498948,1.5544119208070284,0.7544183586860933
2023-05,2023-05-01,5,2,NVDA,0.3806478200627612,1.0199028035226614,0.6874766559910823,1.1355906359257752,1.3115655381923883
2023-05,2023-05-01,5,3,ALGN,0.12317271774086325,0.49486521762319713,0.5727312278972738,0.6436858519899025,0.47157293391969235
2023-05,2023-05-01,6,1,META,0.5881659537418324,0.9494950298912368,1.0190968189498948,1.5544119208070284,0.7544183586860933
2023-05,2023-05-01,6,2,NVDA,0.3806478200627612,1.0199028035226614,0.6874766559910823,1.1355906359257752,1.3115655381923883
2023-05,2023-05-01,6,3,ALGN,0.12317271774086325,0.49486521762319713,0.5727312278972738,0.6436858519899025,0.47157293391969235
2023-04,2023-04-03,4,1,META,0.7081128579672502,0.7690967071208696,1.238130274545369,0.5371901496423435,0.28852189431777653
2023-04,2023-04-03,4,2,NVDA,0.9538771427232242,0.6323171893567829,1.065783424069748,1.2360061390598216,1.007979938992194
2023-04,2023-04-03,4,3,ALGN,0.5420671188332475,0.6223918281801555,0.6955869172440285,0.5180393574014714,0.33209896144737305
2023-04,2023-04-03,5,1,META,0.7081128579672502,0.7690967071208696,1.238130274545369,0.5371901496423435,0.28852189431777653
2023-04,2023-04-03,5,2,NVDA,0.9538771427232242,0.6323171893567829,1.065783424069748,1.2360061390598216,1.007979938992194
2023-04,2023-04-03,5,3,ALGN,0.5420671188332475,0.6223918281801555,0.6955869172440285,0.5180393574014714,0.33209896144737305
2023-04,2023-04-03,6,1,NVDA,0.9538771427232242,0.6323171893567829,1.065783424069748,1.2360061390598216,1.007979938992194
2023-04,2023-04-03,6,2,BKNG,0.31147375053843507,0.2935994611792263,0.41051159485175415,0.5874334650101278,0.43869107584306843
2023-04,2023-04-03,6,3,ASML,0.22905726388643566,0.10501755446869665,0.42514824119435013,0.5694196670493399,0.44170722800168427
2023-03,2023-03-01,4,1,META,0.43988701050918055,0.8216385216102502,0.25113574641990977,0.04874195453357322,0.08434934896590285
2023-03,2023-03-01,4,2,PDD,0.08717462667760811,0.6893672656640433,0.45315241337897416,0.2747130110556788,0.9089956707304248
2023-03,2023-03-01,4,3,NVDA,0.3246573199895222,0.676423646120712,0.8145627081304339,0.6295149876025357,0.23152490430039419
2023-03,2023-03-01,5,1,NVDA,0.3246573199895222,0.676423646120712,0.8145627081304339,0.6295149876025357,0.23152490430039419
2023-03,2023-03-01,5,2,BKNG,0.23881581957823883,0.3507767511034776,0.5202060204862624,0.37776283751365725,0.33862688453017475
2023-03,2023-03-01,5,3,PDD,0.08717462667760811,0.6893672656640433,0.45315241337897416,0.2747130110556788,0.9089956707304248
2023-03,2023-03-01,6,1,NVDA,0.3246573199895222,0.676423646120712,0.8145627081304339,0.6295149876025357,0.23152490430039419
2023-03,2023-03-01,6,2,MELI,0.28449215009325757,0.31476922073920566,0.36996485030752435,0.407468649645373,0.4849687509466798
2023-03,2023-03-01,6,3,BKNG,0.23881581957823883,0.3507767511034776,0.5202060204862624,0.37776283751365725,0.33862688453017475
2023-02,2023-02-01,4,1,NVDA,0.546803322971021,0.6742615347680119,0.5035216208547746,0.13630395198819123,0.4428550667387403
2023-02,2023-02-01,4,2,PDD,0.9109297554884497,0.6437350494619785,0.44189311113299823,1.1593626823729708,0.5887072484074138
2023-02,2023-02-01,4,3,ASML,0.43164023925786754,0.5765688667920921,0.44827465745344597,0.17997806654083437,0.5165825725845672
2023-02,2023-02-01,5,1,NFLX,0.2623889198040863,0.5143491603484678,0.5735959732423956,0.6002387537385374,1.0116143164235587
2023-02,2023-02-01,5,2,NVDA,0.546803322971021,0.6742615347680119,0.5035216208547746,0.13630395198819123,0.4428550667387403
2023-02,2023-02-01,5,3,BIIB,0.041279807191333395,0.10329178801147543,0.4595325887312858,0.3934818587314348,0.3844181709332064
2023-02,2023-02-01,6,1,PDD,0.9109297554884497,0.6437350494619785,0.44189311113299823,1.1593626823729708,0.5887072484074138
2023-02,2023-02-01,6,2,NFLX,0.2623889198040863,0.5143491603484678,0.5735959732423956,0.6002387537385374,1.0116143164235587
2023-02,2023-02-01,6,3,MELI,0.32082798919990996,0.37627797332287005,0.4139545990647753,0.49181183921756944,0.8399727503627474
2023-01,2023-01-03,4,1,DXCM,0.35008235849372515,0.38095812263268836,0.3686031355236361,0.47790812077971756,0.6167694330095363
2023-01,2023-01-03,4,2,BIIB,0.0315172814021043,0.3645828822485646,0.302829074067984,0.29435502332393115,0.3631500244140624
2023-01,2023-01-03,4,3,GILD,0.38154986038485417,0.34064064447137055,0.46098314724300704,0.3963210271679236,0.36116500019427433
2023-01,2023-01-03,5,1,PDD,0.3492417672867889,0.1835620406953753,0.7724890168471406,0.3040728043392211,0.7251020159040178
2023-01,2023-01-03,5,2,GILD,0.38154986038485417,0.34064064447137055,0.46098314724300704,0.3963210271679236,0.36116500019427433
2023-01,2023-01-03,5,3,ROST,0.35100698160496147,0.31669528067671693,0.4160475357828026,0.632680055023088,0.4151837557565252
2023-01,2023-01-03,6,1,NFLX,0.2338939787338281,0.2821683711943921,0.3038769489066493,0.6390663775312115,0.5289513389308327
2023-01,2023-01-03,6,2,ROST,0.35100698160496147,0.31669528067671693,0.4160475357828026,0.632680055023088,0.4151837557565252
2023-01,2023-01-03,6,3,DXCM,0.35008235849372515,0.38095812263268836,0.3686031355236361,0.47790812077971756,0.6167694330095363
2022-12,2022-12-01,4,1,PDD,0.1725007002335821,0.7559236794959898,0.2918851937368343,0.7089795482401946,0.8750559370774824
2022-12,2022-12-01,4,2,GILD,0.36869720496224856,0.4915582026956482,0.42554285146884885,0.3896510887844611,0.492417400700226
2022-12,2022-12-01,4,3,CEG,0.14656503356810435,0.4515171265116953,0.6455567745680555,0.48914494634034433,0.6326047033843722
2022-12,2022-12-01,5,1,NFLX,0.3778038642963386,0.40113166034270553,0.7613224905064495,0.6429940953367794,0.5890404618794187
2022-12,2022-12-01,5,2,ROST,0.3376416897339194,0.4385744722458129,0.6586532507912637,0.43769695093099936,0.1729178188209879
2022-12,2022-12-01,5,3,CEG,0.14656503356810435,0.4515171265116953,0.6455567745680555,0.48914494634034433,0.6326047033843722
2022-12,2022-12-01,6,1,ENPH,0.11402829886743038,0.11787526656297498,0.604332710206346,0.7206421751779835,0.8653834526488497
2022-12,2022-12-01,6,2,PDD,0.1725007002335821,0.7559236794959898,0.2918851937368343,0.7089795482401946,0.8750559370774824
2022-12,2022-12-01,6,3,DXCM,0.42067881774140914,0.40796846237897677,0.5204174024893469,0.6632728024145709,0.1596010662937657
2022-11,2022-11-01,4,1,CEG,0.465408088891363,0.6613046888238561,0.5033960054905715,0.6482286668232893,0.6533422949154442
2022-11,2022-11-01,4,2,NFLX,0.26762737586993635,0.5934980772294383,0.4864443881970013,0.43763162867269356,-0.23220073517725515
2022-11,2022-11-01,4,3,DXCM,0.4200166803697858,0.5334278645782915,0.6775057016854928,0.1695239635761916,-0.10423839362387755
2022-11,2022-11-01,5,1,DXCM,0.4200166803697858,0.5334278645782915,0.6775057016854928,0.1695239635761916,-0.10423839362387755
2022-11,2022-11-01,5,2,CEG,0.465408088891363,0.6613046888238561,0.5033960054905715,0.6482286668232893,0.6533422949154442
2022-11,2022-11-01,5,3,NFLX,0.26762737586993635,0.5934980772294383,0.4864443881970013,0.43763162867269356,-0.23220073517725515
2022-11,2022-11-01,6,1,CEG,0.465408088891363,0.6613046888238561,0.5033960054905715,0.6482286668232893,0.6533422949154442
2022-11,2022-11-01,6,2,NFLX,0.26762737586993635,0.5934980772294383,0.4864443881970013,0.43763162867269356,-0.23220073517725515
2022-11,2022-11-01,6,3,ORLY,0.17632124229389312,0.31115575824482655,0.3352331394043395,0.3657577922994275,0.2495691726425806
2022-10,2022-10-03,4,1,CEG,0.505991902153768,0.36284585556790616,0.4941383370746377,0.4987739000446447,0.819603429581423
2022-10,2022-10-03,4,2,BIIB,0.2548069205050649,0.32149993896484386,0.27484072185875186,0.25468784928068167,0.25653699911830663
2022-10,2022-10-03,4,3,PDD,-0.033477293723569446,0.2785714597118145,0.4028213555739466,0.46893316024536413,0.22891334029875998
2022-10,2022-10-03,5,1,CEG,0.505991902153768,0.36284585556790616,0.4941383370746377,0.4987739000446447,0.819603429581423
2022-10,2022-10-03,5,2,PDD,-0.033477293723569446,0.2785714597118145,0.4028213555739466,0.46893316024536413,0.22891334029875998
2022-10,2022-10-03,5,3,BIIB,0.2548069205050649,0.32149993896484386,0.27484072185875186,0.25468784928068167,0.25653699911830663
2022-10,2022-10-03,6,1,CEG,0.505991902153768,0.36284585556790616,0.4941383370746377,0.4987739000446447,0.819603429581423
2022-10,2022-10-03,6,2,PDD,-0.033477293723569446,0.2785714597118145,0.4028213555739466,0.46893316024536413,0.22891334029875998
2022-10,2022-10-03,6,3,BIIB,0.2548069205050649,0.32149993896484386,0.27484072185875186,0.25468784928068167,0.25653699911830663
2022-09,2022-09-01,4,1,PDD,0.4575509830397002,0.5991938740027527,0.6745602723040824,0.40094152236652514,0.19832214760805056
2022-09,2022-09-01,4,2,CEG,0.29878803447034574,0.423909377651013,0.42832705533178794,0.7340766398242182,0.6702211186206535
2022-09,2022-09-01,4,3,ORLY,0.13105776178146833,0.15691477848049695,0.05849298515069856,0.07608293497400442,0.0753132018758147
2022-09,2022-09-01,5,1,PDD,0.4575509830397002,0.5991938740027527,0.6745602723040824,0.40094152236652514,0.19832214760805056
2022-09,2022-09-01,5,2,CEG,0.29878803447034574,0.423909377651013,0.42832705533178794,0.7340766398242182,0.6702211186206535
2022-09,2022-09-01,5,3,GILD,0.015309364077199739,0.09039267070132584,0.1020879170734812,0.10520787080725635,-0.027313821114341774
2022-09,2022-09-01,6,1,CEG,0.29878803447034574,0.423909377651013,0.42832705533178794,0.7340766398242182,0.6702211186206535
2022-09,2022-09-01,6,2,PDD,0.4575509830397002,0.5991938740027527,0.6745602723040824,0.40094152236652514,0.19832214760805056
2022-09,2022-09-01,6,3,VRTX,0.07716865841031062,0.10780280070667136,0.09036264836399299,0.25796527433277117,0.1813075302489371
2022-08,2022-08-01,4,1,MNST,0.16212386859905048,0.19890439481907007,0.1833472773200926,0.13900770756770275,0.020198849489844406
2022-08,2022-08-01,4,2,CEG,0.12475745105940894,0.12824701013235185,0.369761062019202,0.31932107307589286,
2022-08,2022-08-01,4,3,PDD,0.06784592005484402,0.11817108840598589,-0.06453513034659064,-0.19983221732100465,-0.1499108747978245
2022-08,2022-08-01,5,1,CEG,0.12475745105940894,0.12824701013235185,0.369761062019202,0.31932107307589286,
2022-08,2022-08-01,5,2,CDNS,0.22958327152521885,0.11718884158129073,0.22925659195303383,0.22049991782335443,0.010264192981190634
2022-08,2022-08-01,5,3,ADP,0.10553637642441016,0.03839923894514641,0.2044622544075445,0.18541898870773754,-0.0013739119537187205
2022-08,2022-08-01,6,1,CEG,0.12475745105940894,0.12824701013235185,0.369761062019202,0.31932107307589286,
2022-08,2022-08-01,6,2,TMUS,0.13757918123635093,0.09964834432140401,0.16779015141580067,0.3125511829958372,0.2565759760028592
2022-08,2022-08-01,6,3,DLTR,0.020259502140227648,0.04553728971429516,0.19311426834869017,0.241731195026617,0.1807749847947142
2022-07,2022-07-01,4,1,PDD,0.5198123651998732,0.27147901680778985,0.08758391534136889,0.1554367461297823,0.043632250166505404
2022-07,2022-07-01,4,2,VRTX,0.07954166414885644,0.24548096702715227,0.16958399023477289,0.2911517948156732,0.40156101133765243
2022-07,2022-07-01,4,3,CEG,-0.004792855857193246,0.20824250580574089,0.16375026528034664,,
2022-07,2022-07-01,5,1,TMUS,0.046268261860844095,0.11110227032989473,0.24883618652097783,0.19557817651234655,0.2819528364548809
2022-07,2022-07-01,5,2,VRTX,0.07954166414885644,0.24548096702715227,0.16958399023477289,0.2911517948156732,0.40156101133765243
2022-07,2022-07-01,5,3,DLTR,-0.01982053909860304,0.11853122011875228,0.16410904259400305,0.10696328043756642,0.17850676530487553
2022-07,2022-07-01,6,1,VRTX,0.07954166414885644,0.24548096702715227,0.16958399023477289,0.2911517948156732,0.40156101133765243
2022-07,2022-07-01,6,2,TMUS,0.046268261860844095,0.11110227032989473,0.24883618652097783,0.19557817651234655,0.2819528364548809
2022-07,2022-07-01,6,3,PDD,0.5198123651998732,0.27147901680778985,0.08758391534136889,0.1554367461297823,0.043632250166505404
2022-06,2022-06-01,4,1,CEG,0.33514984262338543,0.2859843748882245,,,
2022-06,2022-06-01,4,2,TMUS,0.09282867792769078,0.2282973719950825,0.1759152626060776,0.2608693734490226,0.1614014710082794
2022-06,2022-06-01,4,3,EXC,0.1731385719152283,0.2110523727630116,0.22717992004092102,0.33936051405789325,0.3087585616528852
2022-06,2022-06-01,5,1,EXC,0.1731385719152283,0.2110523727630116,0.22717992004092102,0.33936051405789325,0.3087585616528852
2022-06,2022-06-01,5,2,VRTX,0.1678442967225584,0.09667833447021645,0.2106682476069559,0.31419513981516767,0.45312843868015884
2022-06,2022-06-01,5,3,TMUS,0.09282867792769078,0.2282973719950825,0.1759152626060776,0.2608693734490226,0.1614014710082794
2022-06,2022-06-01,6,1,EXC,0.1731385719152283,0.2110523727630116,0.22717992004092102,0.33936051405789325,0.3087585616528852
2022-06,2022-06-01,6,2,VRTX,0.1678442967225584,0.09667833447021645,0.2106682476069559,0.31419513981516767,0.45312843868015884
2022-06,2022-06-01,6,3,AEP,0.14006213769662268,0.17421740365957628,0.1707720218841935,0.2922534100632519,0.23006741383543394
2022-05,2022-05-02,4,1,VRTX,0.06635181775617172,0.17718956047309176,0.27785361685403953,0.4129449842449291,0.45250891372147106
2022-05,2022-05-02,4,2,KHC,0.17421707334606773,0.17389232911382368,0.29028197392649213,0.16807987872299157,0.16967206937332535
2022-05,2022-05-02,4,3,AZN,0.17074746241345484,0.15809824281288365,0.23047942180441972,0.08115134453240191,0.13151323963776407
2022-05,2022-05-02,5,1,KHC,0.17421707334606773,0.17389232911382368,0.29028197392649213,0.16807987872299157,0.16967206937332535
2022-05,2022-05-02,5,2,VRTX,0.06635181775617172,0.17718956047309176,0.27785361685403953,0.4129449842449291,0.45250891372147106
2022-05,2022-05-02,5,3,EXC,0.14036596001336688,0.15555217850222913,0.2611850426690936,0.232369257639911,0.38967098596674976
2022-05,2022-05-02,6,1,DLTR,0.2170738840675357,0.15732809380139923,0.23212667694199163,0.47508127240609355,0.6674831525329892
2022-05,2022-05-02,6,2,VRTX,0.06635181775617172,0.17718956047309176,0.27785361685403953,0.4129449842449291,0.45250891372147106
2022-05,2022-05-02,6,3,EXC,0.14036596001336688,0.15555217850222913,0.2611850426690936,0.232369257639911,0.38967098596674976
2022-04,2022-04-01,4,1,VRTX,0.19601849349062106,0.29829265315358233,0.4355447824075207,0.47574152974368134,0.3500557711296186
2022-04,2022-04-01,4,2,EXC,0.18057030722192025,0.2884901616622848,0.25905050431263854,0.4197578727830593,0.3679481552837982
2022-04,2022-04-01,4,3,AEP,0.15557460904181708,0.27547908662315646,0.2141003066936642,0.27004614813177197,0.14205906713230254
2022-04,2022-04-01,5,1,DLTR,0.1293475578641241,0.20233774764173473,0.4394184687689746,0.6271686794599312,0.7716412541439635
2022-04,2022-04-01,5,2,VRTX,0.19601849349062106,0.29829265315358233,0.4355447824075207,0.47574152974368134,0.3500557711296186
2022-04,2022-04-01,5,3,EXC,0.18057030722192025,0.2884901616622848,0.25905050431263854,0.4197578727830593,0.3679481552837982
2022-04,2022-04-01,6,1,DLTR,0.1293475578641241,0.20233774764173473,0.4394184687689746,0.6271686794599312,0.7716412541439635
2022-04,2022-04-01,6,2,VRTX,0.19601849349062106,0.29829265315358233,0.4355447824075207,0.47574152974368134,0.3500557711296186
2022-04,2022-04-01,6,3,EXC,0.18057030722192025,0.2884901616622848,0.25905050431263854,0.4197578727830593,0.3679481552837982
2022-03,2022-03-01,4,1,DLTR,0.0536199116371161,0.26137598428383324,0.4259032652296859,0.5525059454425791,0.4129248644273993
2022-03,2022-03-01,4,2,VRTX,0.12531708508003048,0.24428268627780492,0.2791238959481763,0.1701836418566991,0.16322102622892798
2022-03,2022-03-01,4,3,MU,0.014115911092126732,0.2213858946121139,0.21639580867961872,0.1729881547174632,0.11376460575433134
2022-03,2022-03-01,5,1,DLTR,0.0536199116371161,0.26137598428383324,0.4259032652296859,0.5525059454425791,0.4129248644273993
2022-03,2022-03-01,5,2,VRTX,0.12531708508003048,0.24428268627780492,0.2791238959481763,0.1701836418566991,0.16322102622892798
2022-03,2022-03-01,5,3,QCOM,-0.06798405293499643,0.218817231156325,0.27658107793687914,0.12194456953692878,0.10892100748217959
2022-03,2022-03-01,6,1,DLTR,0.0536199116371161,0.26137598428383324,0.4259032652296859,0.5525059454425791,0.4129248644273993
2022-03,2022-03-01,6,2,LCID,-0.5113414218243651,-0.3159047296817501,0.015440827707133176,0.40472176767973944,0.05132518765197425
2022-03,2022-03-01,6,3,PANW,0.09199866075348129,0.13464228538370304,0.18548438164078895,0.252987173965211,0.44072239570302263
2022-02,2022-02-01,4,1,QCOM,0.31889019943407537,0.3813968406703552,0.21406365059893817,0.1999707678297682,0.2686626544576043
2022-02,2022-02-01,4,2,DLTR,0.2119899142657482,0.3700755347408806,0.4917213988201441,0.3576052712574669,0.3436092540558504
2022-02,2022-02-01,4,3,VRTX,0.3250270320897115,0.36212916744293167,0.2461195314126019,0.23870509575212928,0.21487560212450374
2022-02,2022-02-01,5,1,LCID,-0.17985213217879492,0.21739129895631382,0.6840922787093826,0.26041232625153055,0.08080805523108925
2022-02,2022-02-01,5,2,DLTR,0.2119899142657482,0.3700755347408806,0.4917213988201441,0.3576052712574669,0.3436092540558504
2022-02,2022-02-01,5,3,TSLA,-0.22947405754673922,0.20127180846226822,0.26857736077475036,0.31222956002388735,0.37368715034004096
2022-02,2022-02-01,6,1,DLTR,0.2119899142657482,0.3700755347408806,0.4917213988201441,0.3576052712574669,0.3436092540558504
2022-02,2022-02-01,6,2,DDOG,-0.10544793275270503,0.021355976817692968,0.08845837908890752,0.323837699680424,0.41321601999212176
2022-02,2022-02-01,6,3,TSLA,-0.22947405754673922,0.20127180846226822,0.26857736077475036,0.31222956002388735,0.37368715034004096
2022-01,2022-01-03,4,1,LCID,0.6631449721330254,1.3007307579286955,0.7219183552707051,0.47655111749157,0.8984228952036877
2022-01,2022-01-03,4,2,TSLA,0.5476638240229965,0.6343772287130294,0.6906167318304912,0.7697958889320746,0.9230326011535586
2022-01,2022-01-03,4,3,DLTR,0.4408041777124043,0.568729875765239,0.4276901505887283,0.4129716043888374,0.4276901505887283
2022-01,2022-01-03,5,1,LCID,0.6631449721330254,1.3007307579286955,0.7219183552707051,0.47655111749157,0.8984228952036877
2022-01,2022-01-03,5,2,TSLA,0.5476638240229965,0.6343772287130294,0.6906167318304912,0.7697958889320746,0.9230326011535586
2022-01,2022-01-03,5,3,NVDA,0.4523523722722522,0.34239522458273663,0.5255697356603299,0.490699150096791,0.8529257677283779
2022-01,2022-01-03,6,1,TSLA,0.5476638240229965,0.6343772287130294,0.6906167318304912,0.7697958889320746,0.9230326011535586
2022-01,2022-01-03,6,2,AMD,0.46647154678848257,0.3659424348680056,0.3830434437246282,0.6101169159159099,0.8591759687188205
2022-01,2022-01-03,6,3,DDOG,0.13228280507769963,0.2066730255254572,0.46761628470826144,0.5667017529805309,0.783086707971796
2021-12,2021-12-01,4,1,NVDA,0.4009556871846558,0.5921209776610052,0.5557292025219926,0.9337575437494212,1.119844013160535
2021-12,2021-12-01,4,2,TSLA,0.4916426905446165,0.5429706473169222,0.6152348766876794,0.7550890166577118,0.598773522211697
2021-12,2021-12-01,4,3,AMD,0.3556687290332978,0.37264111553367396,0.5980066928703791,0.8451924899791614,0.8982812834787628
2021-12,2021-12-01,5,1,TSLA,0.4916426905446165,0.5429706473169222,0.6152348766876794,0.7550890166577118,0.598773522211697
2021-12,2021-12-01,5,2,AMD,0.3556687290332978,0.37264111553367396,0.5980066928703791,0.8451924899791614,0.8982812834787628
2021-12,2021-12-01,5,3,NVDA,0.4009556871846558,0.5921209776610052,0.5557292025219926,0.9337575437494212,1.119844013160535
2021-12,2021-12-01,6,1,NVDA,0.4009556871846558,0.5921209776610052,0.5557292025219926,0.9337575437494212,1.119844013160535
2021-12,2021-12-01,6,2,AMD,0.3556687290332978,0.37264111553367396,0.5980066928703791,0.8451924899791614,0.8982812834787628
2021-12,2021-12-01,6,3,TSLA,0.4916426905446165,0.5429706473169222,0.6152348766876794,0.7550890166577118,0.598773522211697
2021-11,2021-11-01,4,1,TSLA,0.7030309918520175,0.7827915643779473,0.9371534993388877,0.764622588260865,0.8263544461253132
2021-11,2021-11-01,4,2,TEAM,0.39543689437036855,0.7418257454860129,0.9404259976671774,0.9572155480548343,1.0180221446034672
2021-11,2021-11-01,4,3,DXCM,0.22669406872807984,0.46956710925162937,0.7153991207846591,0.6482381886622515,0.7161970438611491
2021-11,2021-11-01,5,1,TEAM,0.39543689437036855,0.7418257454860129,0.9404259976671774,0.9572155480548343,1.0180221446034672
2021-11,2021-11-01,5,2,TSLA,0.7030309918520175,0.7827915643779473,0.9371534993388877,0.764622588260865,0.8263544461253132
2021-11,2021-11-01,5,3,MRNA,-0.027235141290731346,0.43409473247600006,0.8258962782470625,0.8125470685071383,1.543719393926208
2021-11,2021-11-01,6,1,TEAM,0.39543689437036855,0.7418257454860129,0.9404259976671774,0.9572155480548343,1.0180221446034672
2021-11,2021-11-01,6,2,MRNA,-0.027235141290731346,0.43409473247600006,0.8258962782470625,0.8125470685071383,1.543719393926208
2021-11,2021-11-01,6,3,TSLA,0.7030309918520175,0.7827915643779473,0.9371534993388877,0.764622588260865,0.8263544461253132
2021-10,2021-10-01,4,1,MRNA,0.45076770640301245,0.8471243884626836,0.8336199790550529,1.5732930100703402,1.167026744373394
2021-10,2021-10-01,4,2,TEAM,0.5177031007881927,0.690749238918714,0.7053784592929233,0.7583610038266686,0.5595228676767521
2021-10,2021-10-01,4,3,DXCM,0.2883515781750554,0.5038695072513357,0.44499033640783825,0.5045690366898941,0.38634120123713633
2021-10,2021-10-01,5,1,MRNA,0.45076770640301245,0.8471243884626836,0.8336199790550529,1.5732930100703402,1.167026744373394
2021-10,2021-10-01,5,2,TEAM,0.5177031007881927,0.690749238918714,0.7053784592929233,0.7583610038266686,0.5595228676767521
2021-10,2021-10-01,5,3,DXCM,0.2883515781750554,0.5038695072513357,0.44499033640783825,0.5045690366898941,0.38634120123713633
2021-10,2021-10-01,6,1,MRNA,0.45076770640301245,0.8471243884626836,0.8336199790550529,1.5732930100703402,1.167026744373394
2021-10,2021-10-01,6,2,TEAM,0.5177031007881927,0.690749238918714,0.7053784592929233,0.7583610038266686,0.5595228676767521
2021-10,2021-10-01,6,3,DXCM,0.2883515781750554,0.5038695072513357,0.44499033640783825,0.5045690366898941,0.38634120123713633
2021-09,2021-09-01,4,1,MRNA,1.1116646523787472,1.0962261772140733,1.9418332211515938,1.4773825766337332,1.4761240349285591
2021-09,2021-09-01,4,2,TEAM,0.6022933832777275,0.6161572387026149,0.6663678663826427,0.47793245410350416,0.582577680991448
2021-09,2021-09-01,4,3,NVDA,0.3803131401218536,0.5131413738150055,0.6254347447784367,0.6224717922792757,0.6965966098909335
2021-09,2021-09-01,5,1,MRNA,1.1116646523787472,1.0962261772140733,1.9418332211515938,1.4773825766337332,1.4761240349285591
2021-09,2021-09-01,5,2,TEAM,0.6022933832777275,0.6161572387026149,0.6663678663826427,0.47793245410350416,0.582577680991448
2021-09,2021-09-01,5,3,NVDA,0.3803131401218536,0.5131413738150055,0.6254347447784367,0.6224717922792757,0.6965966098909335
2021-09,2021-09-01,6,1,MRNA,1.1116646523787472,1.0962261772140733,1.9418332211515938,1.4773825766337332,1.4761240349285591
2021-09,2021-09-01,6,2,NVDA,0.3803131401218536,0.5131413738150055,0.6254347447784367,0.6224717922792757,0.6965966098909335
2021-09,2021-09-01,6,3,TEAM,0.6022933832777275,0.6161572387026149,0.6663678663826427,0.47793245410350416,0.582577680991448
2021-08,2021-08-02,4,1,MRNA,0.8632941478911467,1.614937588618682,1.2020965615761963,1.200977868650968,2.102210462164575
2021-08,2021-08-02,4,2,TEAM,0.4025826291040875,0.4461579400292508,0.28262420108256703,0.3734405981118003,0.393073026314229
2021-08,2021-08-02,4,3,DOCU,0.3719200266386813,0.43051052260300193,0.23700540377074275,0.28226300028742,0.32682883523458184
2021-08,2021-08-02,5,1,MRNA,0.8632941478911467,1.614937588618682,1.2020965615761963,1.200977868650968,2.102210462164575
2021-08,2021-08-02,5,2,NVDA,0.3314591308725867,0.43026948441460977,0.427662292365262,0.4928869745669484,0.5069465751526188
2021-08,2021-08-02,5,3,ORLY,0.08319516088304857,0.1837461539969698,0.33220303390289607,0.37703299980947924,0.32416232978782533
2021-08,2021-08-02,6,1,MRNA,0.8632941478911467,1.614937588618682,1.2020965615761963,1.200977868650968,2.102210462164575
2021-08,2021-08-02,6,2,NVDA,0.3314591308725867,0.43026948441460977,0.427662292365262,0.4928869745669484,0.5069465751526188
2021-08,2021-08-02,6,3,GOOG,0.13553117649327096,0.2722676055050013,0.30664297617496383,0.43045208199040985,0.5737340551394483
2021-07,2021-07-01,4,1,MRNA,0.7737457200853206,0.49371035404851393,0.4929515302827576,1.104269162681999,0.667328627538907
2021-07,2021-07-01,4,2,NVDA,0.4637264931155003,0.46105831336556147,0.5278087379421736,0.5421972221293272,0.5107972345391336
2021-07,2021-07-01,4,3,META,0.18660016560668824,0.337775283105588,0.35258215879696464,0.3177288186968916,0.2367475141903148
2021-07,2021-07-01,5,1,NVDA,0.4637264931155003,0.46105831336556147,0.5278087379421736,0.5421972221293272,0.5107972345391336
2021-07,2021-07-01,5,2,MRNA,0.7737457200853206,0.49371035404851393,0.4929515302827576,1.104269162681999,0.667328627538907
2021-07,2021-07-01,5,3,AMAT,-0.023521714032591845,0.13039828938644438,0.36798211096965705,0.5938007097270186,0.6429744267943045
2021-07,2021-07-01,6,1,MRNA,0.7737457200853206,0.49371035404851393,0.4929515302827576,1.104269162681999,0.667328627538907
2021-07,2021-07-01,6,2,AMAT,-0.023521714032591845,0.13039828938644438,0.36798211096965705,0.5938007097270186,0.6429744267943045
2021-07,2021-07-01,6,3,NVDA,0.4637264931155003,0.46105831336556147,0.5278087379421736,0.5421972221293272,0.5107972345391336
2021-06,2021-06-01,4,1,AMAT,0.13252873149491418,0.3705603231982204,0.5968045183636672,0.6460709122851678,1.306082429206155
2021-06,2021-06-01,4,2,KHC,0.20526337493168012,0.34445785470321777,0.30596626079838707,0.34892067539352767,0.4284217873482008
2021-06,2021-06-01,4,3,LRCX,0.08651432113514868,0.2974690569637459,0.3610641163037889,0.39480972954188465,0.8586202781305836
2021-06,2021-06-01,5,1,MRNA,0.1731893953156871,0.17259340025380276,0.6527342532353908,0.30955259099139476,1.7516018772562187
2021-06,2021-06-01,5,2,AMAT,0.13252873149491418,0.3705603231982204,0.5968045183636672,0.6460709122851678,1.306082429206155
2021-06,2021-06-01,5,3,GOOG,0.1673304904940498,0.27793923890844585,0.4059446841943861,0.35132088849288157,0.4943205275438345
2021-06,2021-06-01,6,1,AMAT,0.13252873149491418,0.3705603231982204,0.5968045183636672,0.6460709122851678,1.306082429206155
2021-06,2021-06-01,6,2,ASML,0.1545610494261691,0.21528892618186557,0.34748787429622485,0.49974212548504804,0.844812662633786
2021-06,2021-06-01,6,3,BIDU,-0.3172067917565986,-0.16565377719846508,-0.06909592027986644,0.4388992957958695,0.5055576481135504
2021-05,2021-05-03,4,1,MRNA,0.1812294216358743,0.6649064591737268,0.31919730174475647,1.7718671223461104,1.6562902686706087
2021-05,2021-05-03,4,2,AMAT,0.3151086377290646,0.5321991884053281,0.5794723066324328,1.2127803283311742,1.201105365975168
2021-05,2021-05-03,4,3,CDW,0.3003562019539896,0.4128435262278538,0.36083326003597893,0.42512072650266663,0.4591624151314151
2021-05,2021-05-03,5,1,AMAT,0.3151086377290646,0.5321991884053281,0.5794723066324328,1.2127803283311742,1.201105365975168
2021-05,2021-05-03,5,2,BIDU,-0.15275537244812376,-0.05470479909320003,0.46114366510557625,0.528832508584705,0.620719710458286
2021-05,2021-05-03,5,3,ASML,0.18386643412492298,0.3126472482403897,0.4609648158179771,0.7971132143879434,0.7247453772030865
2021-05,2021-05-03,6,1,MRNA,0.1812294216358743,0.6649064591737268,0.31919730174475647,1.7718671223461104,1.6562902686706087
2021-05,2021-05-03,6,2,AMAT,0.3151086377290646,0.5321991884053281,0.5794723066324328,1.2127803283311742,1.201105365975168
2021-05,2021-05-03,6,3,ASML,0.18386643412492298,0.3126472482403897,0.4609648158179771,0.7971132143879434,0.7247453772030865
2021-04,2021-04-01,4,1,AMAT,0.6321926791726067,0.6825509080999084,1.3571895089425308,1.3447526219951347,1.2977741339128142
2021-04,2021-04-01,4,2,BIDU,0.01337635542279969,0.5663767685199399,0.6389406336933405,0.7374456484816567,0.7308752573861261
2021-04,2021-04-01,4,3,ASML,0.27419984323422675,0.4181731929742887,0.7444758133739833,0.6742276283267405,0.6530675845422957
2021-04,2021-04-01,5,1,AMAT,0.6321926791726067,0.6825509080999084,1.3571895089425308,1.3447526219951347,1.2977741339128142
2021-04,2021-04-01,5,2,MRNA,0.18634206631420636,-0.059995686721823094,0.9751155095551032,0.8927603221798694,1.093335497324591
2021-04,2021-04-01,5,3,MU,0.2479407134211935,0.37760884018207763,0.8589821294767286,0.9284226304407834,1.01944960621441
2021-04,2021-04-01,6,1,AMAT,0.6321926791726067,0.6825509080999084,1.3571895089425308,1.3447526219951347,1.2977741339128142
2021-04,2021-04-01,6,2,PDD,-0.13700687295095537,0.0541233320127823,0.570945081434749,0.9337631611667818,0.5754158462590162
2021-04,2021-04-01,6,3,MU,0.2479407134211935,0.37760884018207763,0.8589821294767286,0.9284226304407834,1.01944960621441
2021-03,2021-03-01,4,1,MRNA,0.11623289148382931,1.3454029573083597,1.2476081199506872,1.4857863969533511,1.0184661082409296
2021-03,2021-03-01,4,2,BIDU,1.1073720101839855,1.204997984656067,1.3375246635494245,1.3286849906374174,1.4519284868483928
2021-03,2021-03-01,4,3,AMAT,0.453447375337126,1.0362242167244395,1.025480791010521,0.9848991005119765,0.8959174151665144
2021-03,2021-03-01,5,1,PDD,0.3633367734711179,1.0317614965737256,1.5010075659443434,1.0375437024175396,0.938456693353791
2021-03,2021-03-01,5,2,BIDU,1.1073720101839855,1.204997984656067,1.3375246635494245,1.3286849906374174,1.4519284868483928
2021-03,2021-03-01,5,3,MRNA,0.11623289148382931,1.3454029573083597,1.2476081199506872,1.4857863969533511,1.0184661082409296
2021-03,2021-03-01,6,1,MRNA,0.11623289148382931,1.3454029573083597,1.2476081199506872,1.4857863969533511,1.0184661082409296
2021-03,2021-03-01,6,2,BIDU,1.1073720101839855,1.204997984656067,1.3375246635494245,1.3286849906374174,1.4519284868483928
2021-03,2021-03-01,6,3,MU,0.41264173278987903,0.9062564495901018,0.9774628376056538,1.0708046491829393,0.8805319632998352
2021-02,2021-02-01,4,1,PDD,0.8987120879600377,1.3372296923364408,0.9041156474571719,0.8115173271393528,1.0358105667251958
2021-02,2021-02-01,4,2,MRNA,1.3465950572983325,1.2487505136740804,1.4870498497556293,1.0194920357558144,1.5569085133525862
2021-02,2021-02-01,4,3,BIDU,0.8044758961792244,0.9129300532024329,0.9056960435521639,1.0065532415274485,1.00522262204391
2021-02,2021-02-01,5,1,MRNA,1.3465950572983325,1.2487505136740804,1.4870498497556293,1.0194920357558144,1.5569085133525862
2021-02,2021-02-01,5,2,BIDU,0.8044758961792244,0.9129300532024329,0.9056960435521639,1.0065532415274485,1.00522262204391
2021-02,2021-02-01,5,3,PDD,0.8987120879600377,1.3372296923364408,0.9041156474571719,0.8115173271393528,1.0358105667251958
2021-02,2021-02-01,6,1,TSLA,1.0968516930661902,0.8739066240185982,0.7678349557018147,1.827643192175663,2.750390965337882
2021-02,2021-02-01,6,2,PTON,0.2939879242505521,0.39534218198079074,0.7543922134399534,1.0196751880816848,1.4363484362843622
2021-02,2021-02-01,6,3,MRNA,1.3465950572983325,1.2487505136740804,1.4870498497556293,1.0194920357558144,1.5569085133525862
2021-01,2021-01-04,4,1,PDD,1.240763107557037,0.8255253684882291,0.736748941990542,0.9517847248176847,1.5361921131600669
2021-01,2021-01-04,4,2,MRNA,0.5954591647082048,0.7645294361248458,0.4328032642614541,0.8140932469577031,0.7968800709001176
2021-01,2021-01-04,4,3,PTON,0.3874525755516769,0.7444724501982987,1.0082554499311538,1.422572725541364,2.1834244617532703
2021-01,2021-01-04,5,1,TSLA,0.6283692731663943,0.5361961396566035,1.4571380615234375,2.2589785062078143,3.0628549638796247
2021-01,2021-01-04,5,2,PTON,0.3874525755516769,0.7444724501982987,1.0082554499311538,1.422572725541364,2.1834244617532703
2021-01,2021-01-04,5,3,ALGN,0.6575676025736963,0.7236683842359315,0.8320575195205886,0.9225096005444664,1.101217383996207
2021-01,2021-01-04,6,1,TSLA,0.6283692731663943,0.5361961396566035,1.4571380615234375,2.2589785062078143,3.0628549638796247
2021-01,2021-01-04,6,2,PTON,0.3874525755516769,0.7444724501982987,1.0082554499311538,1.422572725541364,2.1834244617532703
2021-01,2021-01-04,6,3,PDD,1.240763107557037,0.8255253684882291,0.736748941990542,0.9517847248176847,1.5361921131600669
2020-12,2020-12-01,4,1,TSLA,0.2309440521367796,0.9688888703933869,1.6113984436615372,2.255539460996143,3.1689956843149183
2020-12,2020-12-01,4,2,MRNA,1.226942438194012,0.8082840271421716,1.2894949530359918,1.2677708879827465,1.9419986148343251
2020-12,2020-12-01,4,3,ALGN,0.6373637759746131,0.7403258337853906,0.8262489511811242,0.9960087807311124,1.4603956490154113
2020-12,2020-12-01,5,1,TSLA,0.2309440521367796,0.9688888703933869,1.6113984436615372,2.255539460996143,3.1689956843149183
2020-12,2020-12-01,5,2,MRNA,1.226942438194012,0.8082840271421716,1.2894949530359918,1.2677708879827465,1.9419986148343251
2020-12,2020-12-01,5,3,ALGN,0.6373637759746131,0.7403258337853906,0.8262489511811242,0.9960087807311124,1.4603956490154113
2020-12,2020-12-01,6,1,TSLA,0.2309440521367796,0.9688888703933869,1.6113984436615372,2.255539460996143,3.1689956843149183
2020-12,2020-12-01,6,2,MRNA,1.226942438194012,0.8082840271421716,1.2894949530359918,1.2677708879827465,1.9419986148343251
2020-12,2020-12-01,6,3,PDD,0.4945270618864479,0.42184728753291934,0.5978934834700613,1.0763380299664882,2.0055028036303355
2020-11,2020-11-02,4,1,TSLA,0.3485184486466224,0.7885818905264346,1.2297627303735132,1.8554011743199808,3.1584639308278373
2020-11,2020-11-02,4,2,ZM,0.6902985074626866,0.74815726262523,1.218956715863027,2.2693418589909906,2.3065693430656933
2020-11,2020-11-02,4,3,ALGN,0.5953508693304699,0.6741163035794746,0.8297345713729776,1.2554364598587462,1.9162850594224046
2020-11,2020-11-02,5,1,TSLA,0.3485184486466224,0.7885818905264346,1.2297627303735132,1.8554011743199808,3.1584639308278373
2020-11,2020-11-02,5,2,ZM,0.6902985074626866,0.74815726262523,1.218956715863027,2.2693418589909906,2.3065693430656933
2020-11,2020-11-02,5,3,ALGN,0.5953508693304699,0.6741163035794746,0.8297345713729776,1.2554364598587462,1.9162850594224046
2020-11,2020-11-02,6,1,ZM,0.6902985074626866,0.74815726262523,1.218956715863027,2.2693418589909906,2.3065693430656933
2020-11,2020-11-02,6,2,TSLA,0.3485184486466224,0.7885818905264346,1.2297627303735132,1.8554011743199808,3.1584639308278373
2020-11,2020-11-02,6,3,ALGN,0.5953508693304699,0.6741163035794746,0.8297345713729776,1.2554364598587462,1.9162850594224046
2020-10,2020-10-01,4,1,TSLA,1.0013755847103831,1.4950452153763178,2.1951180010859583,3.653210582719246,2.0133670347319446
2020-10,2020-10-01,4,2,ZM,0.863890638418348,1.3658584603204948,2.4857823235030727,2.52547438127281,3.2700909524190465
2020-10,2020-10-01,4,3,AMD,0.6139215986149269,0.5823233063630044,0.7012830551961751,0.9436555406992639,0.7880320743224571
2020-10,2020-10-01,5,1,ZM,0.863890638418348,1.3658584603204948,2.4857823235030727,2.52547438127281,3.2700909524190465
2020-10,2020-10-01,5,2,TSLA,1.0013755847103831,1.4950452153763178,2.1951180010859583,3.653210582719246,2.0133670347319446
2020-10,2020-10-01,5,3,DOCU,0.24195343187598106,0.5097133043331357,1.1470247460805205,1.4135085605968976,1.5268303412939774
2020-10,2020-10-01,6,1,TSLA,1.0013755847103831,1.4950452153763178,2.1951180010859583,3.653210582719246,2.0133670347319446
2020-10,2020-10-01,6,2,ZM,0.863890638418348,1.3658584603204948,2.4857823235030727,2.52547438127281,3.2700909524190465
2020-10,2020-10-01,6,3,MELI,0.14143310999457692,0.3213675756306833,0.8419539071288318,1.4932712812423317,0.7369920905522926
2020-09,2020-09-01,4,1,TSLA,1.6447501455040907,2.3868279204712946,3.932407352726771,2.1941717346242626,2.0451924250676083
2020-09,2020-09-01,4,2,ZM,1.2419300324519287,2.3031900296321814,2.340802937528513,3.046414994002923,4.2211953379057485
2020-09,2020-09-01,4,3,DOCU,0.8258387825306457,1.5965996571636532,1.9188836842462815,2.055934408717147,2.3337467065531134
2020-09,2020-09-01,5,1,TSLA,1.6447501455040907,2.3868279204712946,3.932407352726771,2.1941717346242626,2.0451924250676083
2020-09,2020-09-01,5,2,ZM,1.2419300324519287,2.3031900296321814,2.340802937528513,3.046414994002923,4.2211953379057485
2020-09,2020-09-01,5,3,DOCU,0.8258387825306457,1.5965996571636532,1.9188836842462815,2.055934408717147,2.3337467065531134
2020-09,2020-09-01,6,1,ZM,1.2419300324519287,2.3031900296321814,2.340802937528513,3.046414994002923,4.2211953379057485
2020-09,2020-09-01,6,2,TSLA,1.6447501455040907,2.3868279204712946,3.932407352726771,2.1941717346242626,2.0451924250676083
2020-09,2020-09-01,6,3,DOCU,0.8258387825306457,1.5965996571636532,1.9188836842462815,2.055934408717147,2.3337467065531134
2020-08,2020-08-03,4,1,TSLA,1.1174357512021218,2.083727875581743,0.9969876194452596,0.9038461538461537,2.4514014763399734
2020-08,2020-08-03,4,2,MRNA,0.6269560371463805,1.6282441239101613,1.6097726086727553,2.826300616687579,3.0551224759865496
2020-08,2020-08-03,4,3,MELI,0.9365503324315281,1.6213171295138764,0.8261980375140323,0.7295790862533247,0.9217292817408769
2020-08,2020-08-03,5,1,MRNA,0.6269560371463805,1.6282441239101613,1.6097726086727553,2.826300616687579,3.0551224759865496
2020-08,2020-08-03,5,2,DOCU,1.185857864345794,1.4571615569300818,1.5725329824297538,1.8063996835830811,1.9812910965771762
2020-08,2020-08-03,5,3,ZM,0.9341801726480916,0.9562043795620438,1.3693749319586979,2.057266584576265,2.89988351628929
2020-08,2020-08-03,6,1,MRNA,0.6269560371463805,1.6282441239101613,1.6097726086727553,2.826300616687579,3.0551224759865496
2020-08,2020-08-03,6,2,ZM,0.9341801726480916,0.9562043795620438,1.3693749319586979,2.057266584576265,2.89988351628929
2020-08,2020-08-03,6,3,DOCU,1.185857864345794,1.4571615569300818,1.5725329824297538,1.8063996835830811,1.9812910965771762
2020-07,2020-07-01,4,1,ZM,0.8914598896555657,1.2909557376405632,1.9560802424974142,2.770809084397178,2.759321104534437
2020-07,2020-07-01,4,2,DOCU,0.9433164711749882,1.034561261670801,1.2195214288721923,1.3578393032422915,1.5594967305555731
2020-07,2020-07-01,4,3,PYPL,0.9416720844295177,0.5721245943105355,0.5228734275428815,0.6020766578471615,0.6705582848632059
2020-07,2020-07-01,5,1,ZM,0.8914598896555657,1.2909557376405632,1.9560802424974142,2.770809084397178,2.759321104534437
2020-07,2020-07-01,5,2,DOCU,0.9433164711749882,1.034561261670801,1.2195214288721923,1.3578393032422915,1.5594967305555731
2020-07,2020-07-01,5,3,REGN,0.2265578301895208,0.3107475707380529,0.7857936504070719,0.6316322221485982,0.6640348969072685
2020-07,2020-07-01,6,1,ZM,0.8914598896555657,1.2909557376405632,1.9560802424974142,2.770809084397178,2.759321104534437
2020-07,2020-07-01,6,2,TSLA,1.325006169890199,0.5056479442203277,0.4354230440579927,1.6022172030159303,2.343476449980371
2020-07,2020-07-01,6,3,DOCU,0.9433164711749882,1.034561261670801,1.2195214288721923,1.3578393032422915,1.5594967305555731
2020-06,2020-06-01,4,1,ZM,0.804880141409893,1.3288841588849634,1.970750731520368,1.9617001739829574,1.9002698631434671
2020-06,2020-06-01,4,2,REGN,0.2898762567385338,0.7573580760462464,0.6056513931923246,0.637538113228354,0.9307845712195482
2020-06,2020-06-01,4,3,DXCM,0.32537709602073117,0.5972838080748206,0.7262284792514413,0.6912290787056277,1.4075016202156347
2020-06,2020-06-01,5,1,ZM,0.804880141409893,1.3288841588849634,1.970750731520368,1.9617001739829574,1.9002698631434671
2020-06,2020-06-01,5,2,TSLA,0.20774045142001563,0.1514102495633638,1.087342523547783,1.6819362205568686,1.8664900979620263
2020-06,2020-06-01,5,3,DXCM,0.32537709602073117,0.5972838080748206,0.7262284792514413,0.6912290787056277,1.4075016202156347
2020-06,2020-06-01,6,1,ZM,0.804880141409893,1.3288841588849634,1.970750731520368,1.9617001739829574,1.9002698631434671
2020-06,2020-06-01,6,2,TSLA,0.20774045142001563,0.1514102495633638,1.087342523547783,1.6819362205568686,1.8664900979620263
2020-06,2020-06-01,6,3,JD,0.2639720734996178,0.3961733982706821,0.45056974351358314,0.6949517123802769,0.7380120296732955
2020-05,2020-05-01,4,1,ZM,0.5806524272196176,1.0162979496113582,1.0101551856251714,0.9684614115648138,0.8277272394251214
2020-05,2020-05-01,4,2,TSLA,-0.10087181971623349,0.6299911222243819,1.0943051658093794,1.2384219929945979,1.866156891944097
2020-05,2020-05-01,4,3,DXCM,0.4404656218685501,0.5567507585575249,0.5251875303964526,1.1711378409910047,1.2943901579430683
2020-05,2020-05-01,5,1,TSLA,-0.10087181971623349,0.6299911222243819,1.0943051658093794,1.2384219929945979,1.866156891944097
2020-05,2020-05-01,5,2,ZM,0.5806524272196176,1.0162979496113582,1.0101551856251714,0.9684614115648138,0.8277272394251214
2020-05,2020-05-01,5,3,DXCM,0.4404656218685501,0.5567507585575249,0.5251875303964526,1.1711378409910047,1.2943901579430683
2020-05,2020-05-01,6,1,TSLA,-0.10087181971623349,0.6299911222243819,1.0943051658093794,1.2384219929945979,1.866156891944097
2020-05,2020-05-01,6,2,DXCM,0.4404656218685501,0.5567507585575249,0.5251875303964526,1.1711378409910047,1.2943901579430683
2020-05,2020-05-01,6,3,ZM,0.5806524272196176,1.0162979496113582,1.0101551856251714,0.9684614115648138,0.8277272394251214
2020-04,2020-04-01,4,1,TSLA,0.11923023547882572,0.43805057091021404,0.5370081101432216,0.9680410582311492,1.1401715609282754
2020-04,2020-04-01,4,2,REGN,0.33025299092215454,0.3566705588191883,0.5996199184834556,0.7963971251256794,0.7418980954381036
2020-04,2020-04-01,4,3,JD,0.0842830597154347,0.26695557865287345,0.29914263673509955,0.45122380843606713,0.389134164968189
2020-04,2020-04-01,5,1,REGN,0.33025299092215454,0.3566705588191883,0.5996199184834556,0.7963971251256794,0.7418980954381036
2020-04,2020-04-01,5,2,TSLA,0.11923023547882572,0.43805057091021404,0.5370081101432216,0.9680410582311492,1.1401715609282754
2020-04,2020-04-01,5,3,JD,0.0842830597154347,0.26695557865287345,0.29914263673509955,0.45122380843606713,0.389134164968189
2020-04,2020-04-01,6,1,TSLA,0.11923023547882572,0.43805057091021404,0.5370081101432216,0.9680410582311492,1.1401715609282754
2020-04,2020-04-01,6,2,REGN,0.33025299092215454,0.3566705588191883,0.5996199184834556,0.7963971251256794,0.7418980954381036
2020-04,2020-04-01,6,3,AMD,-0.11079427282622445,0.12729151467712918,0.2513614391281891,0.51808065020692,0.4129449963238785
2020-03,2020-03-02,4,1,TSLA,1.2206229967734785,1.3734322176521583,2.0390288915474897,2.3048310548841244,2.17990175747677
2020-03,2020-03-02,4,2,REGN,0.269531169888255,0.49687581357731014,0.6810139565714928,0.6300154171933974,0.5019552835414707
2020-03,2020-03-02,4,3,JD,0.3409724375376315,0.3750398969347333,0.5360058084122823,0.4702888235788505,0.5134568741788048
2020-03,2020-03-02,5,1,TSLA,1.2206229967734785,1.3734322176521583,2.0390288915474897,2.3048310548841244,2.17990175747677
2020-03,2020-03-02,5,2,REGN,0.269531169888255,0.49687581357731014,0.6810139565714928,0.6300154171933974,0.5019552835414707
2020-03,2020-03-02,5,3,AMD,0.22540665234751622,0.3602751480286248,0.6502085781213449,0.5359223194297902,0.5894172174939512
2020-03,2020-03-02,6,1,TSLA,1.2206229967734785,1.3734322176521583,2.0390288915474897,2.3048310548841244,2.17990175747677
2020-03,2020-03-02,6,2,NVDA,0.3218417009720649,0.36630348103328814,0.5908016613327312,0.6860539773992895,0.6800474438075752
2020-03,2020-03-02,6,3,REGN,0.269531169888255,0.49687581357731014,0.6810139565714928,0.6300154171933974,0.5019552835414707
2020-02,2020-02-03,4,1,TSLA,1.489547143643243,2.1877066638480094,2.4665126106062054,2.3354714234154876,2.4335519643352588
2020-02,2020-02-03,4,2,AMD,0.3763256319233641,0.6696801138944442,0.5540453414428776,0.6081714493038755,0.5391025411385135
2020-02,2020-02-03,4,3,SWKS,0.17545447033510198,0.4926653124915015,0.5578702565891411,0.40440535571738523,0.41915026262301636
2020-02,2020-02-03,5,1,TSLA,1.489547143643243,2.1877066638480094,2.4665126106062054,2.3354714234154876,2.4335519643352588
2020-02,2020-02-03,5,2,SWKS,0.17545447033510198,0.4926653124915015,0.5578702565891411,0.40440535571738523,0.41915026262301636
2020-02,2020-02-03,5,3,AMD,0.3763256319233641,0.6696801138944442,0.5540453414428776,0.6081714493038755,0.5391025411385135
2020-02,2020-02-03,6,1,TSLA,1.489547143643243,2.1877066638480094,2.4665126106062054,2.3354714234154876,2.4335519643352588
2020-02,2020-02-03,6,2,AMD,0.3763256319233641,0.6696801138944442,0.5540453414428776,0.6081714493038755,0.5391025411385135
2020-02,2020-02-03,6,3,LRCX,0.11323613602647287,0.34454248938522136,0.46203280774914157,0.5130500168965801,0.6270789001877921
2020-01,2020-01-02,4,1,TSLA,0.7583880383549395,0.9121816879908304,0.8398973530797134,0.8940000884112387,1.4040902223811234
2020-01,2020-01-02,4,2,SWKS,0.5788279463376871,0.6477967815609726,0.48547327055645817,0.5010693126791901,0.837307125252394
2020-01,2020-01-02,4,3,ALGN,0.5561162256000625,0.5945140061632093,0.4019272751129046,0.04416961249818874,0.0012705962948480476
2020-01,2020-01-02,5,1,TSLA,0.7583880383549395,0.9121816879908304,0.8398973530797134,0.8940000884112387,1.4040902223811234
2020-01,2020-01-02,5,2,AMD,0.7072322003952238,0.5889967339894897,0.6443401698089586,0.5737178613291551,0.7802755116006286
2020-01,2020-01-02,5,3,NTES,0.2815595421088384,0.30298230751705635,0.5031459699094165,0.2870376370651784,0.3819897760548103
2020-01,2020-01-02,6,1,TSLA,0.7583880383549395,0.9121816879908304,0.8398973530797134,0.8940000884112387,1.4040902223811234
2020-01,2020-01-02,6,2,AMD,0.7072322003952238,0.5889967339894897,0.6443401698089586,0.5737178613291551,0.7802755116006286
2020-01,2020-01-02,6,3,LRCX,0.2985531492797495,0.4120247755956339,0.4612969690211921,0.5714255567569066,0.7538513623400704
2019-12,2019-12-02,4,1,TSLA,0.4882449923674479,0.43198632190025266,0.4740943106108473,0.8710958572234839,0.4310072112423613
2019-12,2019-12-02,4,2,NTES,0.21413890042354233,0.4006544713255884,0.19928141192321935,0.2877592714924877,0.10712661044299598
2019-12,2019-12-02,4,3,ALGN,0.5420155735532626,0.355769646962834,0.009790944249927769,-0.03169564716286277,-0.14626252734060297
2019-12,2019-12-02,5,1,TSLA,0.4882449923674479,0.43198632190025266,0.4740943106108473,0.8710958572234839,0.4310072112423613
2019-12,2019-12-02,5,2,LRCX,0.24101098946407062,0.28431570661418104,0.3811063507985424,0.5414381193364162,0.3031484943404257
2019-12,2019-12-02,5,3,KLAC,0.0794299569287511,0.18989257325180597,0.33701608976223096,0.5989541608835607,0.3009758083441181
2019-12,2019-12-02,6,1,TSLA,0.4882449923674479,0.43198632190025266,0.4740943106108473,0.8710958572234839,0.4310072112423613
2019-12,2019-12-02,6,2,KLAC,0.0794299569287511,0.18989257325180597,0.33701608976223096,0.5989541608835607,0.3009758083441181
2019-12,2019-12-02,6,3,NVDA,0.2755339585363268,0.2709898943058693,0.261428780068639,0.5668385258180484,0.16280251977091953
2019-11,2019-11-01,4,1,LRCX,0.3591456187338493,0.461575713842171,0.6312491201782067,0.3790756879488011,0.5228826075494395
2019-11,2019-11-01,4,2,KLAC,0.2676876932260319,0.42443013826433185,0.7034937080456056,0.38603354495735265,0.42914863260569636
2019-11,2019-11-01,4,3,TSLA,0.33979042410673355,0.3791873646990047,0.7506286713459434,0.33887435175078884,0.08344277271677703
2019-11,2019-11-01,5,1,TSLA,0.33979042410673355,0.3791873646990047,0.7506286713459434,0.33887435175078884,0.08344277271677703
2019-11,2019-11-01,5,2,KLAC,0.2676876932260319,0.42443013826433185,0.7034937080456056,0.38603354495735265,0.42914863260569636
2019-11,2019-11-01,5,3,LRCX,0.3591456187338493,0.461575713842171,0.6312491201782067,0.3790756879488011,0.5228826075494395
2019-11,2019-11-01,6,1,KLAC,0.2676876932260319,0.42443013826433185,0.7034937080456056,0.38603354495735265,0.42914863260569636
2019-11,2019-11-01,6,2,LRCX,0.3591456187338493,0.461575713842171,0.6312491201782067,0.3790756879488011,0.5228826075494395
2019-11,2019-11-01,6,3,TSLA,0.33979042410673355,0.3791873646990047,0.7506286713459434,0.33887435175078884,0.08344277271677703
2019-10,2019-10-01,4,1,WDC,0.18006042817298162,0.5982173126917061,0.16657293140596452,0.20182296409783929,0.15993292784376534
2019-10,2019-10-01,4,2,KLAC,0.3076970243278023,0.5638911260939539,0.2724470605261071,0.3120288345329896,0.3843273237257252
2019-10,2019-10-01,4,3,TSLA,0.0771229370868396,0.36721256624918297,0.04563912856233321,-0.153848787058101,-0.16995140657341368
2019-10,2019-10-01,5,1,KLAC,0.3076970243278023,0.5638911260939539,0.2724470605261071,0.3120288345329896,0.3843273237257252
2019-10,2019-10-01,5,2,TTWO,0.05993450010786816,0.160075575293809,0.24088843892194256,0.28446024167854667,0.39164406801183693
2019-10,2019-10-01,5,3,CTAS,0.09846368882695322,0.174582388701211,0.21443120150608763,0.2800760919720635,0.25937095560997814
2019-10,2019-10-01,6,1,HAS,0.10640596035170535,0.21297773794368946,0.15333238558785567,0.38347537352800387,0.34669541516744595
2019-10,2019-10-01,6,2,QCOM,-0.018715209744172512,0.15158280421135384,-0.11121341283964115,0.32787581488172335,0.43278842529638895
2019-10,2019-10-01,6,3,KLAC,0.3076970243278023,0.5638911260939539,0.2724470605261071,0.3120288345329896,0.3843273237257252
2019-09,2019-09-03,4,1,TTWO,0.24266170320351033,0.3292276588150278,0.37590135126946644,0.4907156263251775,0.25450221525056027
2019-09,2019-09-03,4,2,SBUX,0.27442593881156796,0.25886769906502827,0.3194621497026131,0.3773807354339047,0.44026903763738523
2019-09,2019-09-03,4,3,IDXX,0.1648682390901115,0.22225066032759155,0.2707888804961329,0.32487378444834447,0.3929300797100459
2019-09,2019-09-03,5,1,TTWO,0.24266170320351033,0.3292276588150278,0.37590135126946644,0.4907156263251775,0.25450221525056027
2019-09,2019-09-03,5,2,SBUX,0.27442593881156796,0.25886769906502827,0.3194621497026131,0.3773807354339047,0.44026903763738523
2019-09,2019-09-03,5,3,QCOM,0.13721322879172582,-0.12230378849430468,0.3113064361101199,0.4149099355669712,0.5458196587308664
2019-09,2019-09-03,6,1,TTWO,0.24266170320351033,0.3292276588150278,0.37590135126946644,0.4907156263251775,0.25450221525056027
2019-09,2019-09-03,6,2,QCOM,0.13721322879172582,-0.12230378849430468,0.3113064361101199,0.4149099355669712,0.5458196587308664
2019-09,2019-09-03,6,3,SBUX,0.27442593881156796,0.25886769906502827,0.3194621497026131,0.3773807354339047,0.44026903763738523
2019-08,2019-08-01,4,1,HAS,0.13097486935852243,0.3566565019667327,0.32058952845445976,0.2804394244954058,0.46346797903457126
2019-08,2019-08-01,4,2,SBUX,0.2361002239964567,0.29559878294883135,0.3524698718243189,0.4142207964832123,0.49755259598941004
2019-08,2019-08-01,4,3,TTWO,0.23271069876008688,0.27599535331694103,0.3824728135871638,0.16341116745660034,0.17392554529704407
2019-08,2019-08-01,5,1,MELI,0.2923689435534049,0.20910623211006985,0.3870560443911688,0.7179016231993847,1.1021106395040672
2019-08,2019-08-01,5,2,TTWO,0.23271069876008688,0.27599535331694103,0.3824728135871638,0.16341116745660034,0.17392554529704407
2019-08,2019-08-01,5,3,SBUX,0.2361002239964567,0.29559878294883135,0.3524698718243189,0.4142207964832123,0.49755259598941004
2019-08,2019-08-01,6,1,MELI,0.2923689435534049,0.20910623211006985,0.3870560443911688,0.7179016231993847,1.1021106395040672
2019-08,2019-08-01,6,2,CDNS,0.06565509104013678,0.12716045487201577,0.25627797871170577,0.5004108557444185,0.6895674690943778
2019-08,2019-08-01,6,3,QCOM,-0.16810466006602864,0.24287845740388514,0.34107560952688587,0.4651540631244766,0.2663115412500332
2019-07,2019-07-01,4,1,QCOM,0.35320126029420806,0.4601147796480689,0.5952069270607216,0.37871435725416536,0.35267775612933683
2019-07,2019-07-01,4,2,MELI,0.19532534610071672,0.37124696101312615,0.6983217005954969,1.0781516635822421,0.6760303677603035
2019-07,2019-07-01,4,3,AMD,0.18361153416237896,0.3175675828061544,0.2729498356419564,0.6569304773952853,0.31590054692882275
2019-07,2019-07-01,5,1,MELI,0.19532534610071672,0.37124696101312615,0.6983217005954969,1.0781516635822421,0.6760303677603035
2019-07,2019-07-01,5,2,QCOM,0.35320126029420806,0.4601147796480689,0.5952069270607216,0.37871435725416536,0.35267775612933683
2019-07,2019-07-01,5,3,CDNS,0.13194436758797878,0.26160989412016966,0.5067789238761022,0.6967383587977394,0.5869752604261236
2019-07,2019-07-01,6,1,MELI,0.19532534610071672,0.37124696101312615,0.6983217005954969,1.0781516635822421,0.6760303677603035
2019-07,2019-07-01,6,2,CDNS,0.13194436758797878,0.26160989412016966,0.5067789238761022,0.6967383587977394,0.5869752604261236
2019-07,2019-07-01,6,3,AMD,0.18361153416237896,0.3175675828061544,0.2729498356419564,0.6569304773952853,0.31590054692882275
2019-06,2019-06-03,4,1,MELI,0.25934372749055035,0.5597269067607071,0.908560118428803,0.5392547008185593,0.6647739783176467
2019-06,2019-06-03,4,2,QCOM,0.2441905350241964,0.35930502705572587,0.17482774485103136,0.15264148036330383,0.06996081400731224
2019-06,2019-06-03,4,3,CDNS,0.0612315344111416,0.2674609773241796,0.42724962795009214,0.33491992932493564,0.3617302779273339
2019-06,2019-06-03,5,1,MELI,0.25934372749055035,0.5597269067607071,0.908560118428803,0.5392547008185593,0.6647739783176467
2019-06,2019-06-03,5,2,AMD,0.16469592771406516,0.1252549843392745,0.4646840167526596,0.16322231078312455,0.3639960860676479
2019-06,2019-06-03,5,3,CDNS,0.0612315344111416,0.2674609773241796,0.42724962795009214,0.33491992932493564,0.3617302779273339
2019-06,2019-06-03,6,1,MELI,0.25934372749055035,0.5597269067607071,0.908560118428803,0.5392547008185593,0.6647739783176467
2019-06,2019-06-03,6,2,CDNS,0.0612315344111416,0.2674609773241796,0.42724962795009214,0.33491992932493564,0.3617302779273339
2019-06,2019-06-03,6,3,SNPS,0.09904061419618926,0.19643425009749027,0.3493158779812504,0.22077504627938094,0.2581540318396456
2019-05,2019-05-01,4,1,MELI,0.32926563406573783,0.6265561393979759,0.3118183490990827,0.41879121804754127,0.4578785082962584
2019-05,2019-05-01,4,2,ALGN,0.31696719810610907,0.5898476355670816,0.3633432350381163,0.39138341885280736,-0.17925008848866353
2019-05,2019-05-01,4,3,CDNS,0.4079704290437318,0.5854730890885802,0.4829078127506954,0.5126903296880005,0.5210829744038563
2019-05,2019-05-01,5,1,QCOM,0.7612240299852717,0.5222005467064428,0.49345425255344333,0.38632658547140486,0.21656832364349898
2019-05,2019-05-01,5,2,CDNS,0.4079704290437318,0.5854730890885802,0.4829078127506954,0.5126903296880005,0.5210829744038563
2019-05,2019-05-01,5,3,TCOM,0.29853868299010244,0.5781080943459627,0.45036642391632875,0.24827985173903966,0.1716899836282859
2019-05,2019-05-01,6,1,CDNS,0.4079704290437318,0.5854730890885802,0.4829078127506954,0.5126903296880005,0.5210829744038563
2019-05,2019-05-01,6,2,WDAY,0.08126408317524536,0.259421470875,0.19892722894484938,0.4589890025837804,0.37917323239888634
2019-05,2019-05-01,6,3,MCHP,0.21362956672199473,0.39256985973218117,0.2777759875372121,0.4189743164441946,0.29410578487828487
2019-04,2019-04-01,4,1,TCOM,0.6379122769638963,0.5053296921421087,0.29558482183529144,0.21609249445980816,0.1749870456341518
2019-04,2019-04-01,4,2,JD,0.4696753791517918,0.42026358623542204,0.22829070806319662,0.2263632838050802,0.062181478568183346
2019-04,2019-04-01,4,3,MELI,0.7385657138128978,0.402154127516579,0.5164934717035097,0.5582724309575227,0.5137464632660702
2019-04,2019-04-01,5,1,MELI,0.7385657138128978,0.402154127516579,0.5164934717035097,0.5582724309575227,0.5137464632660702
2019-04,2019-04-01,5,2,CDNS,0.49895914267700325,0.4019905093107663,0.4301478942341328,0.4380825804893902,0.38936543524355005
2019-04,2019-04-01,5,3,WDAY,0.2066482619987675,0.14868889448438427,0.3978533675624192,0.3213820967440941,0.23013591803394262
2019-04,2019-04-01,6,1,MELI,0.7385657138128978,0.402154127516579,0.5164934717035097,0.5582724309575227,0.5137464632660702
2019-04,2019-04-01,6,2,CDNS,0.49895914267700325,0.4019905093107663,0.4301478942341328,0.4380825804893902,0.38936543524355005
2019-04,2019-04-01,6,3,SBUX,0.15587681595449165,0.10142208537279251,0.27486203151323996,0.3448210464739885,0.3963230102631432
2019-03,2019-03-01,4,1,WDAY,0.12717518444447418,0.37167307438430086,0.2966340283873947,0.2070967926647187,0.49659759060117503
2019-03,2019-03-01,4,2,MELI,0.22226733434070267,0.321937721987136,0.35835672625835335,0.3195431359609997,0.3047899564780243
2019-03,2019-03-01,4,3,INCY,0.29054447545064743,0.2884699368074748,0.28116824411401975,0.1940682901104278,0.3442598428384187
2019-03,2019-03-01,5,1,MELI,0.22226733434070267,0.321937721987136,0.35835672625835335,0.3195431359609997,0.3047899564780243
2019-03,2019-03-01,5,2,WDAY,0.12717518444447418,0.37167307438430086,0.2966340283873947,0.2070967926647187,0.49659759060117503
2019-03,2019-03-01,5,3,CDNS,0.2578969678522216,0.2831603978701345,0.290279574294698,0.2465694714942981,0.3216639502450416
2019-03,2019-03-01,6,1,SBUX,0.05510750594177827,0.22125433687352403,0.2882715891818388,0.3376079056461003,0.38842008448817267
2019-03,2019-03-01,6,2,MELI,0.22226733434070267,0.321937721987136,0.35835672625835335,0.3195431359609997,0.3047899564780243
2019-03,2019-03-01,6,3,AVGO,0.13861323487792365,0.19899116353927693,0.1046618421458978,0.2655223860114979,0.28087431385651196
2019-02,2019-02-01,4,1,WDAY,0.3493364158544008,0.27551932396459455,0.1874401344027694,0.47222663081330074,0.49734423273717465
2019-02,2019-02-01,4,2,SBUX,0.1679291526214206,0.23202014524777637,0.27920222726116006,0.32779572919278555,0.4054712453175373
2019-02,2019-02-01,4,3,INCY,0.2117492006305539,0.20488228039299927,0.1229686116113109,0.26421714893500203,0.20839397916047986
2019-02,2019-02-01,5,1,SBUX,0.1679291526214206,0.23202014524777637,0.27920222726116006,0.32779572919278555,0.4054712453175373
2019-02,2019-02-01,5,2,NTES,0.13440361264790934,0.0697677080838115,0.26867777632714174,-0.02985547606472372,0.0013792992595396125
2019-02,2019-02-01,5,3,AVGO,0.17287924180840952,0.0806042473625943,0.23796153110523877,0.2529791209246717,0.12227171002999926
2019-02,2019-02-01,6,1,WDAY,0.3493364158544008,0.27551932396459455,0.1874401344027694,0.47222663081330074,0.49734423273717465
2019-02,2019-02-01,6,2,SBUX,0.1679291526214206,0.23202014524777637,0.27920222726116006,0.32779572919278555,0.4054712453175373
2019-02,2019-02-01,6,3,AMD,0.21216622459002643,-0.21992361014109696,-0.1265145867650257,0.326298746537512,0.6167546487848958
2019-01,2019-01-02,4,1,SBUX,0.16346398501251325,0.20802060478226436,0.2539101055515167,0.3272633424096951,0.14418444316782608
2019-01,2019-01-02,4,2,AVGO,0.02673800194465703,0.1762512983209099,0.19052028736371818,0.06632841394761813,0.02038670776460494
2019-01,2019-01-02,4,3,NTES,-0.01609962391759312,0.1668444764439192,-0.10772632718184161,-0.07899868195927295,-0.0070156422953432385
2019-01,2019-01-02,5,1,WDAY,0.09508473874173928,0.019465205209237002,0.2639658883110467,0.28553036171716495,0.2648666112530216
2019-01,2019-01-02,5,2,SBUX,0.16346398501251325,0.20802060478226436,0.2539101055515167,0.3272633424096951,0.14418444316782608
2019-01,2019-01-02,5,3,AVGO,0.02673800194465703,0.1762512983209099,0.19052028736371818,0.06632841394761813,0.02038670776460494
2019-01,2019-01-02,6,1,SBUX,0.16346398501251325,0.20802060478226436,0.2539101055515167,0.3272633424096951,0.14418444316782608
2019-01,2019-01-02,6,2,WDAY,0.09508473874173928,0.019465205209237002,0.2639658883110467,0.28553036171716495,0.2648666112530216
2019-01,2019-01-02,6,3,ORLY,-0.013389997771781292,-0.007650227838224111,0.12702346246719798,0.2427146410865717,0.2520185605299361
2018-12,2018-12-03,4,1,ESRX,0.1574468421149613,0.35196125858358096,0.29042187647502193,0.3058258698346292,0.3264794483506501
2018-12,2018-12-03,4,2,WDAY,0.07090433618766534,0.32774178428952006,0.3503943358039938,0.32868795498699543,0.33577455327928196
2018-12,2018-12-03,4,3,SBUX,0.26774560707173145,0.31590390236953425,0.39288375140796106,0.2007533611293606,0.1816994461637229
2018-12,2018-12-03,5,1,SBUX,0.26774560707173145,0.31590390236953425,0.39288375140796106,0.2007533611293606,0.1816994461637229
2018-12,2018-12-03,5,2,WDAY,0.07090433618766534,0.32774178428952006,0.3503943358039938,0.32868795498699543,0.33577455327928196
2018-12,2018-12-03,5,3,ULTA,0.11706817687359927,0.2877730682116597,0.31800980082273056,0.25021414589058355,0.2229271255514278
2018-12,2018-12-03,6,1,WDAY,0.07090433618766534,0.32774178428952006,0.3503943358039938,0.32868795498699543,0.33577455327928196
2018-12,2018-12-03,6,2,ESRX,0.1574468421149613,0.35196125858358096,0.29042187647502193,0.3058258698346292,0.3264794483506501
2018-12,2018-12-03,6,3,HSIC,0.16061116887846394,0.14998091565623373,0.2326152498578482,0.30015824464978214,0.176011484675489
2018-11,2018-11-01,4,1,ESRX,0.3062868709644355,0.2468265229808735,0.26171011092270513,0.2816659330904032,0.43273897051177856
2018-11,2018-11-01,4,2,SBUX,0.13688037173534373,0.20338741623406942,0.037395607008282594,0.020933901947494338,0.05524341523614851
2018-11,2018-11-01,4,3,AAPL,0.10669683078314729,0.19136314184197545,0.1722005937763691,0.3238278183007717,0.3430480372210578
2018-11,2018-11-01,5,1,ESRX,0.3062868709644355,0.2468265229808735,0.26171011092270513,0.2816659330904032,0.43273897051177856
2018-11,2018-11-01,5,2,CHTR,0.07680056550107328,0.10435161283389216,0.23946993784841686,0.16170362799836036,0.06815411783941117
2018-11,2018-11-01,5,3,CMCSA,0.07779936828772005,0.15025911484786336,0.22764944538351028,0.19701583295614067,0.15140489576212945
2018-11,2018-11-01,6,1,AAPL,0.10669683078314729,0.19136314184197545,0.1722005937763691,0.3238278183007717,0.3430480372210578
2018-11,2018-11-01,6,2,ILMN,-0.03245358951221833,0.12077122404136653,0.13176281111374877,0.28704888931523387,0.3601531586864226
2018-11,2018-11-01,6,3,ESRX,0.3062868709644355,0.2468265229808735,0.26171011092270513,0.2816659330904032,0.43273897051177856
2018-10,2018-10-01,4,1,ILMN,0.313575098240088,0.32645754450450615,0.5084571542850882,0.5941373946063588,0.6324041053625997
2018-10,2018-10-01,4,2,REGN,0.12271433806564436,0.28463887540032484,0.30877762047806034,0.19261234694770413,0.2251538386216796
2018-10,2018-10-01,4,3,ORLY,0.25958042010515925,0.26901060976708413,0.3362961143117702,0.4646730074213541,0.4214421245007234
2018-10,2018-10-01,5,1,ALGN,0.15058184559242593,0.1754180351201815,0.5577305431616593,0.6132514115747241,0.5944613485960579
2018-10,2018-10-01,5,2,ILMN,0.313575098240088,0.32645754450450615,0.5084571542850882,0.5941373946063588,0.6324041053625997
2018-10,2018-10-01,5,3,QCOM,0.3040419656046123,0.24997583201610873,0.45664160665482534,0.3757017772850151,0.13957080161342628
2018-10,2018-10-01,6,1,ALGN,0.15058184559242593,0.1754180351201815,0.5577305431616593,0.6132514115747241,0.5944613485960579
2018-10,2018-10-01,6,2,ILMN,0.313575098240088,0.32645754450450615,0.5084571542850882,0.5941373946063588,0.6324041053625997
2018-10,2018-10-01,6,3,ORLY,0.25958042010515925,0.26901060976708413,0.3362961143117702,0.4646730074213541,0.4214421245007234
2018-09,2018-09-04,4,1,ALGN,0.15683446158311543,0.5331025391368456,0.5877456124930305,0.5692526238374533,0.5077277283301558
2018-09,2018-09-04,4,2,ILMN,0.27749427150050643,0.4527757645820447,0.5352933066207513,0.5721474856201443,0.5328931971011659
2018-09,2018-09-04,4,3,QCOM,0.20486665746813748,0.40407426990684336,0.3260554001247371,0.09844592792939721,0.0773577312344218
2018-09,2018-09-04,5,1,ALGN,0.15683446158311543,0.5331025391368456,0.5877456124930305,0.5692526238374533,0.5077277283301558
2018-09,2018-09-04,5,2,ILMN,0.27749427150050643,0.4527757645820447,0.5352933066207513,0.5721474856201443,0.5328931971011659
2018-09,2018-09-04,5,3,AMZN,0.24243695178572744,0.2889854177140092,0.48653413222348196,0.36563662902195193,0.4672734102756857
2018-09,2018-09-04,6,1,ILMN,0.27749427150050643,0.4527757645820447,0.5352933066207513,0.5721474856201443,0.5328931971011659
2018-09,2018-09-04,6,2,ALGN,0.15683446158311543,0.5331025391368456,0.5877456124930305,0.5692526238374533,0.5077277283301558
2018-09,2018-09-04,6,3,ORLY,0.2616706282931742,0.328566952201371,0.4562013109224714,0.4132204762498981,0.3102370272055599
2018-08,2018-08-01,4,1,ALGN,0.4072571710056532,0.45741484465321824,0.4404398607662703,0.38396526223957017,0.5746595133817043
2018-08,2018-08-01,4,2,ILMN,0.33021927978253496,0.4057756237250789,0.43952077603332484,0.4035779879753798,0.4427978179725294
2018-08,2018-08-01,4,3,AMZN,0.13582469124111007,0.3099001342827661,0.20336799872980516,0.292928023304013,0.5114842916644851
2018-08,2018-08-01,5,1,ALGN,0.4072571710056532,0.45741484465321824,0.4404398607662703,0.38396526223957017,0.5746595133817043
2018-08,2018-08-01,5,2,ILMN,0.33021927978253496,0.4057756237250789,0.43952077603332484,0.4035779879753798,0.4427978179725294
2018-08,2018-08-01,5,3,SHPG,0.10100315981408259,0.17708963386642407,0.3244613516488999,0.24175805423668995,0.11041435661307197
2018-08,2018-08-01,6,1,ILMN,0.33021927978253496,0.4057756237250789,0.43952077603332484,0.4035779879753798,0.4427978179725294
2018-08,2018-08-01,6,2,ALGN,0.4072571710056532,0.45741484465321824,0.4404398607662703,0.38396526223957017,0.5746595133817043
2018-08,2018-08-01,6,3,AMZN,0.13582469124111007,0.3099001342827661,0.20336799872980516,0.292928023304013,0.5114842916644851
2018-07,2018-07-02,4,1,ALGN,0.4021179090863136,0.3857869865616397,0.3314551356866151,0.5149141046048367,0.3393158931391125
2018-07,2018-07-02,4,2,NFLX,0.4206001550975458,0.3711905162097704,0.5021692699777265,0.9803053711873779,1.1313565188200858
2018-07,2018-07-02,4,3,SHPG,0.1334540442102392,0.27536258262296687,0.19572515805957202,0.06925046915757926,0.14829929009382958
2018-07,2018-07-02,5,1,NFLX,0.4206001550975458,0.3711905162097704,0.5021692699777265,0.9803053711873779,1.1313565188200858
2018-07,2018-07-02,5,2,ALGN,0.4021179090863136,0.3857869865616397,0.3314551356866151,0.5149141046048367,0.3393158931391125
2018-07,2018-07-02,5,3,MU,0.08829376776118258,0.1440568807607714,0.28218446243111295,0.24753824948694225,0.29745173958087445
2018-07,2018-07-02,6,1,NFLX,0.4206001550975458,0.3711905162097704,0.5021692699777265,0.9803053711873779,1.1313565188200858
2018-07,2018-07-02,6,2,ALGN,0.4021179090863136,0.3857869865616397,0.3314551356866151,0.5149141046048367,0.3393158931391125
2018-07,2018-07-02,6,3,AMZN,0.2491198884632264,0.14753091553551,0.23293529483054187,0.44135040558007543,0.4744096449566575
2018-06,2018-06-01,4,1,MU,0.2335149269778678,0.3824432160192488,0.3450878873213703,0.3989042981343407,0.3235690976960002
2018-06,2018-06-01,4,2,NFLX,0.23947107610419005,0.35786773576626585,0.7900730791409751,0.9266139363667141,0.8178283544146743
2018-06,2018-06-01,4,3,ALGN,0.35650577152581353,0.303321934468348,0.4829044767991948,0.3110165967478187,0.417705897699024
2018-06,2018-06-01,5,1,NFLX,0.23947107610419005,0.35786773576626585,0.7900730791409751,0.9266139363667141,0.8178283544146743
2018-06,2018-06-01,5,2,ALGN,0.35650577152581353,0.303321934468348,0.4829044767991948,0.3110165967478187,0.417705897699024
2018-06,2018-06-01,5,3,ADBE,0.21977381472395008,0.2604573748822183,0.4142374894457177,0.3998996857039716,0.4258723265735813
2018-06,2018-06-01,6,1,NFLX,0.23947107610419005,0.35786773576626585,0.7900730791409751,0.9266139363667141,0.8178283544146743
2018-06,2018-06-01,6,2,STX,0.08352381389394603,0.0747665615211921,0.3629232663434536,0.5182939828875728,0.6066150017409757
2018-06,2018-06-01,6,3,AMZN,0.09915970147149311,0.18096407883458854,0.3805939866760708,0.41225969885174774,0.48733339904994777
2018-05,2018-05-01,4,1,NFLX,0.18195193570665702,0.5581637925530969,0.6770153759953801,0.5823232894405512,0.7699564739620675
2018-05,2018-05-01,4,2,AMZN,0.1383165318331272,0.33073730772034327,0.36125949235564003,0.4336220947184717,0.6495793329698356
2018-05,2018-05-01,4,3,STX,0.006270927400056969,0.27606320134988604,0.4215320320942817,0.5042242898667424,0.625617886193427
2018-05,2018-05-01,5,1,NFLX,0.18195193570665702,0.5581637925530969,0.6770153759953801,0.5823232894405512,0.7699564739620675
2018-05,2018-05-01,5,2,STX,0.006270927400056969,0.27606320134988604,0.4215320320942817,0.5042242898667424,0.625617886193427
2018-05,2018-05-01,5,3,AMZN,0.1383165318331272,0.33073730772034327,0.36125949235564003,0.4336220947184717,0.6495793329698356
2018-05,2018-05-01,6,1,NFLX,0.18195193570665702,0.5581637925530969,0.6770153759953801,0.5823232894405512,0.7699564739620675
2018-05,2018-05-01,6,2,STX,0.006270927400056969,0.27606320134988604,0.4215320320942817,0.5042242898667424,0.625617886193427
2018-05,2018-05-01,6,3,AMZN,0.1383165318331272,0.33073730772034327,0.36125949235564003,0.4336220947184717,0.6495793329698356
2018-04,2018-04-02,4,1,STX,0.3593923922589064,0.5143605957268385,0.6024528046359905,0.7317736181669154,0.8981488224525318
2018-04,2018-04-02,4,2,NFLX,0.3939920843183351,0.5003211925411455,0.4156060812441924,0.5834698034205772,0.6040401645642062
2018-04,2018-04-02,4,3,MELI,0.07632223528923165,0.2728128066087079,0.45328152195218907,0.31751694600520364,0.3796924282904466
2018-04,2018-04-02,5,1,STX,0.3593923922589064,0.5143605957268385,0.6024528046359905,0.7317736181669154,0.8981488224525318
2018-04,2018-04-02,5,2,MELI,0.07632223528923165,0.2728128066087079,0.45328152195218907,0.31751694600520364,0.3796924282904466
2018-04,2018-04-02,5,3,NFLX,0.3939920843183351,0.5003211925411455,0.4156060812441924,0.5834698034205772,0.6040401645642062
2018-04,2018-04-02,6,1,STX,0.3593923922589064,0.5143605957268385,0.6024528046359905,0.7317736181669154,0.8981488224525318
2018-04,2018-04-02,6,2,NFLX,0.3939920843183351,0.5003211925411455,0.4156060812441924,0.5834698034205772,0.6040401645642062
2018-04,2018-04-02,6,3,ADBE,0.19459765011209673,0.1824865960738029,0.20442552498891842,0.43490601105926974,0.3690184581557274
2018-03,2018-03-01,4,1,MELI,0.4127781923385445,0.6130922244670756,0.46239824087883785,0.531410875741277,0.3354254921686277
2018-03,2018-03-01,4,2,STX,0.40125575775871347,0.48276851984189895,0.6024305970707868,0.7563795400182927,0.6737449431777691
2018-03,2018-03-01,4,3,NFLX,0.5543839412713836,0.4666161957795192,0.6405287388870895,0.66184033482186,0.5952865444893309
2018-03,2018-03-01,5,1,NFLX,0.5543839412713836,0.4666161957795192,0.6405287388870895,0.66184033482186,0.5952865444893309
2018-03,2018-03-01,5,2,STX,0.40125575775871347,0.48276851984189895,0.6024305970707868,0.7563795400182927,0.6737449431777691
2018-03,2018-03-01,5,3,AMZN,0.28485396340594926,0.35315495742683223,0.556990827848058,0.5266548007123317,0.4991617691365924
2018-03,2018-03-01,6,1,STX,0.40125575775871347,0.48276851984189895,0.6024305970707868,0.7563795400182927,0.6737449431777691
2018-03,2018-03-01,6,2,NFLX,0.5543839412713836,0.4666161957795192,0.6405287388870895,0.66184033482186,0.5952865444893309
2018-03,2018-03-01,6,3,MELI,0.4127781923385445,0.6130922244670756,0.46239824087883785,0.531410875741277,0.3354254921686277
2018-02,2018-02-01,4,1,STX,0.4948501928335223,0.6154872827277262,0.7706906094588155,0.6873827017383656,0.45913338251481517
2018-02,2018-02-01,4,2,NFLX,0.33873742378070815,0.49748599794276616,0.5169393703523117,0.4561886094722609,0.8134364539521182
2018-02,2018-02-01,4,3,AMZN,0.2594230643473032,0.44913939738130537,0.4209047210453065,0.39531610838474407,0.45754256144012406
2018-02,2018-02-01,5,1,STX,0.4948501928335223,0.6154872827277262,0.7706906094588155,0.6873827017383656,0.45913338251481517
2018-02,2018-02-01,5,2,NFLX,0.33873742378070815,0.49748599794276616,0.5169393703523117,0.4561886094722609,0.8134364539521182
2018-02,2018-02-01,5,3,MELI,0.5853827882891598,0.43727740147009553,0.5051045485022758,0.3124857700099437,0.5124895592320275
2018-02,2018-02-01,6,1,STX,0.4948501928335223,0.6154872827277262,0.7706906094588155,0.6873827017383656,0.45913338251481517
2018-02,2018-02-01,6,2,DLTR,0.24967075630222535,0.31687291707032683,0.40476198095456106,0.5596493550857633,0.6292746278582395
2018-02,2018-02-01,6,3,TTWO,0.12735168362854443,0.24106341741417836,0.29995831205768253,0.5593644302986136,0.7294297199587694
2018-01,2018-01-02,4,1,STX,0.27393210968999315,0.3963214986795476,0.33062700527754707,0.1506354077684695,0.05127586576605547
2018-01,2018-01-02,4,2,ROST,0.2470232586557024,0.3728673695670117,0.45484417394954213,0.38913507980020756,0.2734466947118892
2018-01,2018-01-02,4,3,INTC,0.20716275641111226,0.3430506332065477,0.30622901812489434,0.4190505093881014,0.3145466908252381
2018-01,2018-01-02,5,1,MU,0.09147729588961329,0.3395706696616949,0.5409317285815529,0.49862719945063816,0.41970106339095925
2018-01,2018-01-02,5,2,DLTR,0.256967744963823,0.3408586937452138,0.4887001679386327,0.5551581541078758,0.34918080604896584
2018-01,2018-01-02,5,3,ROST,0.2470232586557024,0.3728673695670117,0.45484417394954213,0.38913507980020756,0.2734466947118892
2018-01,2018-01-02,6,1,TTWO,0.1239669113851487,0.17730496961809195,0.4122356664886504,0.5662549983543923,0.4449563912535419
2018-01,2018-01-02,6,2,DLTR,0.256967744963823,0.3408586937452138,0.4887001679386327,0.5551581541078758,0.34918080604896584
2018-01,2018-01-02,6,3,ALGN,0.1997649484704127,0.2735003339319886,0.32573927183610896,0.507213292337432,0.5394420497538368
2017-12,2017-12-01,4,1,ALGN,0.44046944262771603,0.49955744736649654,0.7048245950835634,0.7412788770301217,0.9005836418649693
2017-12,2017-12-01,4,2,MU,0.28803684739260604,0.48165146541367054,0.4409744085279943,0.3650845926567179,0.48427009137009813
2017-12,2017-12-01,4,3,DLTR,0.2707871359331131,0.4109026040572161,0.4738875809961378,0.2786743453077709,0.2756656611297892
2017-12,2017-12-01,5,1,ALGN,0.44046944262771603,0.49955744736649654,0.7048245950835634,0.7412788770301217,0.9005836418649693
2017-12,2017-12-01,5,2,DLTR,0.2707871359331131,0.4109026040572161,0.4738875809961378,0.2786743453077709,0.2756656611297892
2017-12,2017-12-01,5,3,MU,0.28803684739260604,0.48165146541367054,0.4409744085279943,0.3650845926567179,0.48427009137009813
2017-12,2017-12-01,6,1,ALGN,0.44046944262771603,0.49955744736649654,0.7048245950835634,0.7412788770301217,0.9005836418649693
2017-12,2017-12-01,6,2,PYPL,0.22518724680768254,0.2689587164154832,0.42424825083471895,0.4164786529282192,0.5839293247186395
2017-12,2017-12-01,6,3,NVDA,0.16049119038541781,0.20366857052150733,0.4210253324642572,0.37151192133535793,0.8585896915077833
2017-11,2017-11-01,4,1,ALGN,0.38670841707370585,0.5765282082313299,0.6102391272110916,0.7575554295404145,1.0191646245775345
2017-11,2017-11-01,4,2,MU,0.5659844332360555,0.522992110574638,0.44278278127573345,0.5687521067273975,0.5495810073509364
2017-11,2017-11-01,4,3,NVDA,0.26075964102096805,0.48842582743779217,0.4365639511959387,0.9467442530757311,0.9154896893058453
2017-11,2017-11-01,5,1,ALGN,0.38670841707370585,0.5765282082313299,0.6102391272110916,0.7575554295404145,1.0191646245775345
2017-11,2017-11-01,5,2,MU,0.5659844332360555,0.522992110574638,0.44278278127573345,0.5687521067273975,0.5495810073509364
2017-11,2017-11-01,5,3,NVDA,0.26075964102096805,0.48842582743779217,0.4365639511959387,0.9467442530757311,0.9154896893058453
2017-11,2017-11-01,6,1,NVDA,0.26075964102096805,0.48842582743779217,0.4365639511959387,0.9467442530757311,0.9154896893058453
2017-11,2017-11-01,6,2,ALGN,0.38670841707370585,0.5765282082313299,0.6102391272110916,0.7575554295404145,1.0191646245775345
2017-11,2017-11-01,6,3,MU,0.5659844332360555,0.522992110574638,0.44278278127573345,0.5687521067273975,0.5495810073509364
2017-10,2017-10-02,4,1,BIDU,0.38173026883515515,0.32793979207271406,0.3810396620050216,0.4209714181082589,0.41829690054164215
2017-10,2017-10-02,4,2,GILD,0.18871599504633618,0.311025181330012,0.24384681587852164,0.2625698151036113,0.21627452051181906
2017-10,2017-10-02,4,3,MU,0.3730264524001625,0.30071515801327386,0.41428056313601025,0.39699719943195144,0.6297352129945675
2017-10,2017-10-02,5,1,NVDA,0.2858502354202517,0.24104678969550308,0.6817912656282978,0.6547904655611245,0.7447830222273035
2017-10,2017-10-02,5,2,MU,0.3730264524001625,0.30071515801327386,0.41428056313601025,0.39699719943195144,0.6297352129945675
2017-10,2017-10-02,5,3,BIDU,0.38173026883515515,0.32793979207271406,0.3810396620050216,0.4209714181082589,0.41829690054164215
2017-10,2017-10-02,6,1,NVDA,0.2858502354202517,0.24104678969550308,0.6817912656282978,0.6547904655611245,0.7447830222273035
2017-10,2017-10-02,6,2,PYPL,0.21392092342128266,0.20729870888828783,0.350020930248369,0.5055124679942176,0.5126091068068719
2017-10,2017-10-02,6,3,LRCX,0.33852820490665336,0.19517806863963516,0.2530066003370093,0.4559543167618554,0.5683604250579808
2017-09,2017-09-01,4,1,NVDA,0.18183742599532926,0.6015543305335351,0.5758417173458954,0.661540800097796,0.5007048349328647
2017-09,2017-09-01,4,2,VRTX,0.27587292246601036,0.34505058695798607,0.5099116807915198,0.7964789046517424,0.8812617058438386
2017-09,2017-09-01,4,3,PYPL,0.15613238435101295,0.2928059191325132,0.4417075960390091,0.4485034733897826,0.5634698008163734
2017-09,2017-09-01,5,1,NVDA,0.18183742599532926,0.6015543305335351,0.5758417173458954,0.661540800097796,0.5007048349328647
2017-09,2017-09-01,5,2,VRTX,0.27587292246601036,0.34505058695798607,0.5099116807915198,0.7964789046517424,0.8812617058438386
2017-09,2017-09-01,5,3,PYPL,0.15613238435101295,0.2928059191325132,0.4417075960390091,0.4485034733897826,0.5634698008163734
2017-09,2017-09-01,6,1,VRTX,0.27587292246601036,0.34505058695798607,0.5099116807915198,0.7964789046517424,0.8812617058438386
2017-09,2017-09-01,6,2,NVDA,0.18183742599532926,0.6015543305335351,0.5758417173458954,0.661540800097796,0.5007048349328647
2017-09,2017-09-01,6,3,PYPL,0.15613238435101295,0.2928059191325132,0.4417075960390091,0.4485034733897826,0.5634698008163734
2017-08,2017-08-01,4,1,NVDA,0.5441041969738578,0.5193139334272108,0.6019388627419326,0.44687232263100274,0.6162246267504425
2017-08,2017-08-01,4,2,JD,0.28890776017400066,0.4270050484470185,0.48516469098432613,0.6192678942489322,0.764136463319208
2017-08,2017-08-01,4,3,VRTX,0.27010440606695596,0.42577944438693094,0.6963791505901098,0.7764378564833356,1.0456669541570065
2017-08,2017-08-01,5,1,VRTX,0.27010440606695596,0.42577944438693094,0.6963791505901098,0.7764378564833356,1.0456669541570065
2017-08,2017-08-01,5,2,NVDA,0.5441041969738578,0.5193139334272108,0.6019388627419326,0.44687232263100274,0.6162246267504425
2017-08,2017-08-01,5,3,JD,0.28890776017400066,0.4270050484470185,0.48516469098432613,0.6192678942489322,0.764136463319208
2017-08,2017-08-01,6,1,VRTX,0.27010440606695596,0.42577944438693094,0.6963791505901098,0.7764378564833356,1.0456669541570065
2017-08,2017-08-01,6,2,JD,0.28890776017400066,0.4270050484470185,0.48516469098432613,0.6192678942489322,0.764136463319208
2017-08,2017-08-01,6,3,MELI,0.22952662581099936,0.314159630550116,0.3697709484902263,0.5338559426883149,0.7963886859131661
2017-07,2017-07-03,4,1,VRTX,0.1933922696089645,0.419887046772895,0.4868970188299371,0.7122445823555912,0.6477768726599931
2017-07,2017-07-03,4,2,TSLA,0.18122738769200386,0.4103671978131631,0.41478096540359144,0.6250518501915128,0.9387508570052396
2017-07,2017-07-03,4,3,NVDA,0.2869231734598492,0.3569099838886445,0.2255620646032339,0.36901063033743897,0.59348228622216
2017-07,2017-07-03,5,1,VRTX,0.1933922696089645,0.419887046772895,0.4868970188299371,0.7122445823555912,0.6477768726599931
2017-07,2017-07-03,5,2,TSLA,0.18122738769200386,0.4103671978131631,0.41478096540359144,0.6250518501915128,0.9387508570052396
2017-07,2017-07-03,5,3,JD,0.21741862554708558,0.267036272069874,0.3814435319303284,0.5050350317883305,0.47756684652876147
2017-07,2017-07-03,6,1,VRTX,0.1933922696089645,0.419887046772895,0.4868970188299371,0.7122445823555912,0.6477768726599931
2017-07,2017-07-03,6,2,TSLA,0.18122738769200386,0.4103671978131631,0.41478096540359144,0.6250518501915128,0.9387508570052396
2017-07,2017-07-03,6,3,MELI,0.1403819643517632,0.18863952950477758,0.3310267735307826,0.5588435459118419,0.660560303068231
2017-06,2017-06-01,4,1,VRTX,0.40803905547231434,0.47448987490676675,0.6979570663434387,0.6340272958208035,0.6327684661869788
2017-06,2017-06-01,4,2,JD,0.31366137687890583,0.4322786586617744,0.5604181472091383,0.5319391724048079,0.5918607824540489
2017-06,2017-06-01,4,3,ADSK,0.2709996445678462,0.390625005866599,0.4837227399120587,0.6329095172782306,0.6124108593386675
2017-06,2017-06-01,5,1,VRTX,0.40803905547231434,0.47448987490676675,0.6979570663434387,0.6340272958208035,0.6327684661869788
2017-06,2017-06-01,5,2,TSLA,0.361371176376889,0.36563161010376,0.568597704483575,0.8713988378312889,0.7840034783946572
2017-06,2017-06-01,5,3,JD,0.31366137687890583,0.4322786586617744,0.5604181472091383,0.5319391724048079,0.5918607824540489
2017-06,2017-06-01,6,1,TSLA,0.361371176376889,0.36563161010376,0.568597704483575,0.8713988378312889,0.7840034783946572
2017-06,2017-06-01,6,2,MU,0.2529531949822452,0.2428282484756965,0.3640797875412751,0.6645021913024558,0.811543021600234
2017-06,2017-06-01,6,3,NVDA,0.4058962455842574,0.26980649108229837,0.4184337415224544,0.6510091238215865,1.0986398139425289
2017-05,2017-05-01,4,1,VRTX,0.3986549830059303,0.610628972221017,0.5499871912053533,0.548793104782606,0.3897914676136647
2017-05,2017-05-01,4,2,TSLA,0.29525760514552535,0.48776440960662426,0.7749615335700268,0.6920698495117448,0.510669091775175
2017-05,2017-05-01,4,3,WYNN,0.2932759376133831,0.4470611194113381,0.2749064635847478,0.296072515717382,0.2823649964312438
2017-05,2017-05-01,5,1,TSLA,0.29525760514552535,0.48776440960662426,0.7749615335700268,0.6920698495117448,0.510669091775175
2017-05,2017-05-01,5,2,VRTX,0.3986549830059303,0.610628972221017,0.5499871912053533,0.548793104782606,0.3897914676136647
2017-05,2017-05-01,5,3,MU,0.1430303037007532,0.2545454576991397,0.5308442237038677,0.6660778129933109,0.5956003078346159
2017-05,2017-05-01,6,1,CSX,0.09820076107181697,0.44091061195636505,0.412186514715289,0.7093113921043084,0.7081882936319748
2017-05,2017-05-01,6,2,TSLA,0.29525760514552535,0.48776440960662426,0.7749615335700268,0.6920698495117448,0.510669091775175
2017-05,2017-05-01,6,3,MU,0.1430303037007532,0.2545454576991397,0.5308442237038677,0.6660778129933109,0.5956003078346159
2017-04,2017-04-03,4,1,TSLA,0.375731605213367,0.6413019857195812,0.5646522763758204,0.39691150101082995,0.48687541241115584
2017-04,2017-04-03,4,2,MU,0.27006643758192395,0.5497835154242019,0.6866901870288029,0.6153407485869864,0.7211534743561039
2017-04,2017-04-03,4,3,INCY,0.353792070813189,0.3861703577447746,0.5385983133470256,0.4498639621631866,0.714144393730773
2017-04,2017-04-03,5,1,MU,0.27006643758192395,0.5497835154242019,0.6866901870288029,0.6153407485869864,0.7211534743561039
2017-04,2017-04-03,5,2,NVDA,0.06378582542491684,0.23821088864080142,0.5739214468687295,0.5877174645567096,0.7209697424151973
2017-04,2017-04-03,5,3,TSLA,0.375731605213367,0.6413019857195812,0.5646522763758204,0.39691150101082995,0.48687541241115584
2017-04,2017-04-03,6,1,MU,0.27006643758192395,0.5497835154242019,0.6866901870288029,0.6153407485869864,0.7211534743561039
2017-04,2017-04-03,6,2,NVDA,0.06378582542491684,0.23821088864080142,0.5739214468687295,0.5877174645567096,0.7209697424151973
2017-04,2017-04-03,6,3,CSX,0.3033085775776949,0.27732753336382676,0.5460780013661797,0.5450621549560617,0.6684256901972643
2017-03,2017-03-01,4,1,CSX,0.3488689659402926,0.632671793642315,0.6315990510128959,0.7618720153616123,0.780777430314787
2017-03,2017-03-01,4,2,NVDA,0.17434634953126715,0.49274160204502393,0.5058260476419549,0.6322054289778887,0.8202667027360724
2017-03,2017-03-01,4,3,STX,0.3196088509097639,0.49185136828361764,0.30930236237306885,0.5181267108251784,0.5780463667118974
2017-03,2017-03-01,5,1,CSX,0.3488689659402926,0.632671793642315,0.6315990510128959,0.7618720153616123,0.780777430314787
2017-03,2017-03-01,5,2,NVDA,0.17434634953126715,0.49274160204502393,0.5058260476419549,0.6322054289778887,0.8202667027360724
2017-03,2017-03-01,5,3,INCY,0.33313320137959734,0.4797290128514158,0.39438978379842116,0.6485584116508345,0.4802222357855903
2017-03,2017-03-01,6,1,CSX,0.3488689659402926,0.632671793642315,0.6315990510128959,0.7618720153616123,0.780777430314787
2017-03,2017-03-01,6,2,WDC,0.2803455337536658,0.37809335891959406,0.34016437610195616,0.7175714001802234,0.7268914742459911
2017-03,2017-03-01,6,3,INCY,0.33313320137959734,0.4797290128514158,0.39438978379842116,0.6485584116508345,0.4802222357855903
2017-02,2017-02-01,4,1,NVDA,0.6527241187385868,0.6672108716961951,0.8071347884404001,1.0153512691193352,1.450297706545021
2017-02,2017-02-01,4,2,CSX,0.5564653137155564,0.5554426423496786,0.6796349944888262,0.6976579815524848,0.8174853358408614
2017-02,2017-02-01,4,3,MU,0.45759723744777636,0.39593876266323913,0.4873795844300235,0.8252210162203073,0.9799998200775464
2017-02,2017-02-01,5,1,NVDA,0.6527241187385868,0.6672108716961951,0.8071347884404001,1.0153512691193352,1.450297706545021
2017-02,2017-02-01,5,2,WDC,0.39287379556606816,0.3545380138011942,0.7359928337513584,0.7454128682177605,0.7303889483825541
2017-02,2017-02-01,5,3,CSX,0.5564653137155564,0.5554426423496786,0.6796349944888262,0.6976579815524848,0.8174853358408614
2017-02,2017-02-01,6,1,NVDA,0.6527241187385868,0.6672108716961951,0.8071347884404001,1.0153512691193352,1.450297706545021
2017-02,2017-02-01,6,2,MU,0.45759723744777636,0.39593876266323913,0.4873795844300235,0.8252210162203073,0.9799998200775464
2017-02,2017-02-01,6,3,WDC,0.39287379556606816,0.3545380138011942,0.7359928337513584,0.7454128682177605,0.7303889483825541
2017-01,2017-01-03,4,1,NVDA,0.49251609356847226,0.6177784111080595,0.8041774165580002,1.1935490123883814,1.186519490416535
2017-01,2017-01-03,4,2,WDC,0.1880442969784919,0.5226124071232869,0.530874573346104,0.5176973261248246,0.4977119688712781
2017-01,2017-01-03,4,3,MU,0.27185531464198776,0.3551680632022711,0.6629791449068558,0.8039998325938911,0.7226891798353794
2017-01,2017-01-03,5,1,NVDA,0.49251609356847226,0.6177784111080595,0.8041774165580002,1.1935490123883814,1.186519490416535
2017-01,2017-01-03,5,2,MU,0.27185531464198776,0.3551680632022711,0.6629791449068558,0.8039998325938911,0.7226891798353794
2017-01,2017-01-03,5,3,WDC,0.1880442969784919,0.5226124071232869,0.530874573346104,0.5176973261248246,0.4977119688712781
2017-01,2017-01-03,6,1,NVDA,0.49251609356847226,0.6177784111080595,0.8041774165580002,1.1935490123883814,1.186519490416535
2017-01,2017-01-03,6,2,MU,0.27185531464198776,0.3551680632022711,0.6629791449068558,0.8039998325938911,0.7226891798353794
2017-01,2017-01-03,6,3,STX,0.04839436787147777,0.2156057600473984,0.2635850744989321,0.7052872289697596,0.7808807881993625
2016-12,2016-12-01,4,1,NVDA,0.38988419355956894,0.5500254277306011,0.8845467829111555,0.878507500021815,1.4489246146879045
2016-12,2016-12-01,4,2,MU,0.11057670779585949,0.36283163249853545,0.47839980099012114,0.41176473224750554,0.7401127498566156
2016-12,2016-12-01,4,3,WDC,0.3414905233782606,0.34876986619632255,0.3371601143061769,0.31955210898812303,0.5385620639684241
2016-12,2016-12-01,5,1,NVDA,0.38988419355956894,0.5500254277306011,0.8845467829111555,0.878507500021815,1.4489246146879045
2016-12,2016-12-01,5,2,STX,0.1504368963413305,0.19584403031546938,0.6138664454748743,0.6854074191373454,0.9551713473288241
2016-12,2016-12-01,5,3,AAL,0.2656039918122943,0.2922126837413799,0.5684546929464378,0.43983648259673824,0.3361244875534237
2016-12,2016-12-01,6,1,NVDA,0.38988419355956894,0.5500254277306011,0.8845467829111555,0.878507500021815,1.4489246146879045
2016-12,2016-12-01,6,2,STX,0.1504368963413305,0.19584403031546938,0.6138664454748743,0.6854074191373454,0.9551713473288241
2016-12,2016-12-01,6,3,AAL,0.2656039918122943,0.2922126837413799,0.5684546929464378,0.43983648259673824,0.3361244875534237
2016-11,2016-11-01,4,1,NVDA,0.21941178583242138,0.4825811995865157,0.47783006931375627,0.9265797091714356,0.9185858008670504
2016-11,2016-11-01,4,2,STX,0.0577772023813925,0.4275366104903082,0.49081778182865254,0.7294359678395161,0.05131662260951164
2016-11,2016-11-01,4,3,NTAP,0.24845742466513787,0.38003535234170926,0.33709873504951404,0.4386723604918499,0.2513603838969638
2016-11,2016-11-01,5,1,STX,0.0577772023813925,0.4275366104903082,0.49081778182865254,0.7294359678395161,0.05131662260951164
2016-11,2016-11-01,5,2,NVDA,0.21941178583242138,0.4825811995865157,0.47783006931375627,0.9265797091714356,0.9185858008670504
2016-11,2016-11-01,5,3,NTES,0.23292124034904416,0.3540960984653443,0.4187410715618578,0.8010044290850389,0.7551670702715774
2016-11,2016-11-01,6,1,NVDA,0.21941178583242138,0.4825811995865157,0.47783006931375627,0.9265797091714356,0.9185858008670504
2016-11,2016-11-01,6,2,NTES,0.23292124034904416,0.3540960984653443,0.4187410715618578,0.8010044290850389,0.7551670702715774
2016-11,2016-11-01,6,3,STX,0.0577772023813925,0.4275366104903082,0.49081778182865254,0.7294359678395161,0.05131662260951164
2016-10,2016-10-03,4,1,STX,0.6265703834635727,0.6986745091115176,0.9705619489634201,0.1978960605376301,0.21447843987341342
2016-10,2016-10-03,4,2,NVDA,0.46969873346142776,0.46498888677894423,0.9098392447384558,0.9019147972183885,1.0993658669764637
2016-10,2016-10-03,4,3,NTAP,0.4666666532114101,0.42103470278542554,0.528984581771694,0.32991415263183876,0.4043767709597961
2016-10,2016-10-03,5,1,STX,0.6265703834635727,0.6986745091115176,0.9705619489634201,0.1978960605376301,0.21447843987341342
2016-10,2016-10-03,5,2,NVDA,0.46969873346142776,0.46498888677894423,0.9098392447384558,0.9019147972183885,1.0993658669764637
2016-10,2016-10-03,5,3,NTES,0.33142131192305446,0.394983783587316,0.7708460148945655,0.7257762177984264,0.7869369282857737
2016-10,2016-10-03,6,1,NVDA,0.46969873346142776,0.46498888677894423,0.9098392447384558,0.9019147972183885,1.0993658669764637
2016-10,2016-10-03,6,2,NTES,0.33142131192305446,0.394983783587316,0.7708460148945655,0.7257762177984264,0.7869369282857737
2016-10,2016-10-03,6,3,MU,0.41840019994860467,0.35446945891034454,0.669491750930121,0.607434594240942,0.6016262697669095
2016-09,2016-09-01,4,1,NVDA,0.35155684820823474,0.7619630657256957,0.7546521970831612,0.936814906934377,1.172757097254451
2016-09,2016-09-01,4,2,STX,0.46501509513242434,0.6995033395979782,0.03312070774830311,0.047422115057253134,0.16740000954641632
2016-09,2016-09-01,4,3,MU,0.2711996590036614,0.56685507416249,0.5086130548219543,0.5031618133471463,0.5182485750396446
2016-09,2016-09-01,5,1,NVDA,0.35155684820823474,0.7619630657256957,0.7546521970831612,0.936814906934377,1.172757097254451
2016-09,2016-09-01,5,2,NTES,0.23005407201683892,0.5614779018680329,0.5217367320456034,0.5756663775852398,0.3970682961904277
2016-09,2016-09-01,5,3,MU,0.2711996590036614,0.56685507416249,0.5086130548219543,0.5031618133471463,0.5182485750396446
2016-09,2016-09-01,6,1,NVDA,0.35155684820823474,0.7619630657256957,0.7546521970831612,0.936814906934377,1.172757097254451
2016-09,2016-09-01,6,2,AMAT,0.24668890740684346,0.5030810614756445,0.42519039710577067,0.5760235504848632,0.7389623730719912
2016-09,2016-09-01,6,3,NTES,0.23005407201683892,0.5614779018680329,0.5217367320456034,0.5756663775852398,0.3970682961904277
2016-08,2016-08-01,4,1,NVDA,0.5799254456576142,0.5733699010932092,0.7367124286083042,0.9482781971775474,0.7635013001335955
2016-08,2016-08-01,4,2,NTES,0.46076194500077583,0.4235840967219313,0.4740352582897238,0.3069568254540207,0.18842565205835649
2016-08,2016-08-01,4,3,ULTA,0.23656988332732554,0.341899357053163,0.5472359222021945,0.4430414617880458,0.4331995535077342
2016-08,2016-08-01,5,1,NVDA,0.5799254456576142,0.5733699010932092,0.7367124286083042,0.9482781971775474,0.7635013001335955
2016-08,2016-08-01,5,2,ULTA,0.23656988332732554,0.341899357053163,0.5472359222021945,0.4430414617880458,0.4331995535077342
2016-08,2016-08-01,5,3,NTES,0.46076194500077583,0.4235840967219313,0.4740352582897238,0.3069568254540207,0.18842565205835649
2016-08,2016-08-01,6,1,NVDA,0.5799254456576142,0.5733699010932092,0.7367124286083042,0.9482781971775474,0.7635013001335955
2016-08,2016-08-01,6,2,AMAT,0.299124890179987,0.23180337080949087,0.3621696623165771,0.5029989797931376,0.4362705505949318
2016-08,2016-08-01,6,3,BBBY,0.07400125257966716,0.10363391638175701,0.0754098110511654,0.44366198188136274,0.3723849272210815
2016-07,2016-07-01,4,1,ULTA,0.2552271845026397,0.44730123028910795,0.34983660412397155,0.3406303765809775,0.46981850570973904
2016-07,2016-07-01,4,2,NVDA,0.29408480385569047,0.42843279318343463,0.6024440323276923,0.45046643672093634,0.4336368757623017
2016-07,2016-07-01,4,3,NTES,0.2961909219447454,0.3421273283546813,0.19000034941955835,0.08207625046628886,0.13261424930306043
2016-07,2016-07-01,5,1,NVDA,0.29408480385569047,0.42843279318343463,0.6024440323276923,0.45046643672093634,0.4336368757623017
2016-07,2016-07-01,5,2,BBBY,0.08344554195432252,0.05573772993244108,0.41725359753918445,0.34728038815423146,0.229946538868967
2016-07,2016-07-01,5,3,AMAT,0.12020453980787393,0.23875991564532217,0.36683038899661313,0.30614741710885474,0.25779692532088605
2016-07,2016-07-01,6,1,NVDA,0.29408480385569047,0.42843279318343463,0.6024440323276923,0.45046643672093634,0.4336368757623017
2016-07,2016-07-01,6,2,BBBY,0.08344554195432252,0.05573772993244108,0.41725359753918445,0.34728038815423146,0.229946538868967
2016-07,2016-07-01,6,3,ULTA,0.2552271845026397,0.44730123028910795,0.34983660412397155,0.3406303765809775,0.46981850570973904
2016-06,2016-06-01,4,1,NVDA,0.43302511433538404,0.6075957886158361,0.45512959464431413,0.4382459277108397,0.6474354070604922
2016-06,2016-06-01,4,2,BBBY,0.12131150042424443,0.5052817692136629,0.43096239785808743,0.3063407320197058,0.053604489449882164
2016-06,2016-06-01,4,3,AMAT,0.26416746080066367,0.3948647194504151,0.3329371114318569,0.2835949284470143,0.4658920486999194
2016-06,2016-06-01,5,1,NVDA,0.43302511433538404,0.6075957886158361,0.45512959464431413,0.4382459277108397,0.6474354070604922
2016-06,2016-06-01,5,2,BBBY,0.12131150042424443,0.5052817692136629,0.43096239785808743,0.3063407320197058,0.053604489449882164
2016-06,2016-06-01,5,3,AMAT,0.26416746080066367,0.3948647194504151,0.3329371114318569,0.2835949284470143,0.4658920486999194
2016-06,2016-06-01,6,1,NVDA,0.43302511433538404,0.6075957886158361,0.45512959464431413,0.4382459277108397,0.6474354070604922
2016-06,2016-06-01,6,2,ULTA,0.40537965399398646,0.31073812413827606,0.3017985581321183,0.4272447088127489,0.36999305511332414
2016-06,2016-06-01,6,3,MAT,-0.001369925593599386,0.2197228192262064,0.18993008203041417,0.3145301900350761,0.32825151540559094
2016-05,2016-05-02,4,1,BBBY,0.34419022176538383,0.277824326484462,0.16653936438226813,-0.05914966799440702,-0.10229275412729044
2016-05,2016-05-02,4,2,PCAR,0.21454248916729446,0.2500821688165269,0.1771582949288697,0.13592976443066207,0.1810068215708669
2016-05,2016-05-02,4,3,CHTR,0.23203413245688131,0.21968118215606092,0.1463892057480587,0.15581297647064374,0.19123064141393264
2016-05,2016-05-02,5,1,MAT,0.18581769466038045,0.15685311813343672,0.27798966694561456,0.2913295751297309,0.6253950376456752
2016-05,2016-05-02,5,2,ULTA,0.16697121710998863,0.15901217782477706,0.2706989018511967,0.21972683445741348,0.27254064787056076
2016-05,2016-05-02,5,3,ISRG,0.16606528087727201,0.15705446770232778,0.21275255505095636,0.2560187864120007,0.39025842692056734
2016-05,2016-05-02,6,1,MAT,0.18581769466038045,0.15685311813343672,0.27798966694561456,0.2913295751297309,0.6253950376456752
2016-05,2016-05-02,6,2,NVDA,0.2331456541397834,0.11619273237261618,0.10324170285860879,0.2637056075158213,0.500552688053393
2016-05,2016-05-02,6,3,ISRG,0.16606528087727201,0.15705446770232778,0.21275255505095636,0.2560187864120007,0.39025842692056734
2016-04,2016-04-01,4,1,MAT,0.2650425965456571,0.3975078955917384,0.4120953586174192,0.7774027891746065,0.5616261057150593
2016-04,2016-04-01,4,2,FAST,0.22715044384908967,0.2052585969998202,0.22532085631502063,0.39944457337885897,0.32657623314654294
2016-04,2016-04-01,4,3,AVGO,0.1127529506601832,0.19505004105149681,0.28279661133876943,0.30023104045120586,0.33457449570698117
2016-04,2016-04-01,5,1,MAT,0.2650425965456571,0.3975078955917384,0.4120953586174192,0.7774027891746065,0.5616261057150593
2016-04,2016-04-01,5,2,AVGO,0.1127529506601832,0.19505004105149681,0.28279661133876943,0.30023104045120586,0.33457449570698117
2016-04,2016-04-01,5,3,AMAT,0.16599011224581517,0.12282791278154503,0.28229278016560544,0.47634172755067694,0.39818782594337776
2016-04,2016-04-01,6,1,MAT,0.2650425965456571,0.3975078955917384,0.4120953586174192,0.7774027891746065,0.5616261057150593
2016-04,2016-04-01,6,2,NVDA,0.12084341953426159,0.10783842874193383,0.2689709163415477,0.5068048351237906,0.6892149782666144
2016-04,2016-04-01,6,3,AMAT,0.16599011224581517,0.12282791278154503,0.28229278016560544,0.47634172755067694,0.39818782594337776
2016-03,2016-03-01,4,1,MAT,0.3163334689438937,0.33007361729529516,0.6741621185575457,0.4709188516311378,0.5000843689627497
2016-03,2016-03-01,4,2,DLTR,0.0797682961856041,0.23874958120131962,0.21634038863754212,0.1777458288901559,0.05627085901516171
2016-03,2016-03-01,4,3,FAST,0.150328419532743,0.16947633277539298,0.33566428675622806,0.2661169523816225,0.14503952605563986
2016-03,2016-03-01,5,1,MAT,0.3163334689438937,0.33007361729529516,0.6741621185575457,0.4709188516311378,0.5000843689627497
2016-03,2016-03-01,5,2,NVDA,0.0036432113598212634,0.14962075024382848,0.3650857420910334,0.5303397151422922,0.6329693873451958
2016-03,2016-03-01,5,3,TCOM,-0.23013314730016543,-0.1303445123062158,0.3386582252189232,0.30286069547966576,0.17284821854028865
2016-03,2016-03-01,6,1,NVDA,0.0036432113598212634,0.14962075024382848,0.3650857420910334,0.5303397151422922,0.6329693873451958
2016-03,2016-03-01,6,2,MAT,0.3163334689438937,0.33007361729529516,0.6741621185575457,0.4709188516311378,0.5000843689627497
2016-03,2016-03-01,6,3,TCOM,-0.23013314730016543,-0.1303445123062158,0.3386582252189232,0.30286069547966576,0.17284821854028865
2016-02,2016-02-01,4,1,MAT,0.08897816329142327,0.3706955503908129,0.2042931222538369,0.22817195954692449,0.04958802945294538
2016-02,2016-02-01,4,2,KLAC,0.01646564348976831,0.3638265971294128,0.4084071508983911,0.30020014699937114,0.20289636469074823
2016-02,2016-02-01,4,3,TCOM,-0.12889165371285272,0.340894606330302,0.30503727273832504,0.17480759514071176,0.18242015836412873
2016-02,2016-02-01,5,1,KLAC,0.01646564348976831,0.3638265971294128,0.4084071508983911,0.30020014699937114,0.20289636469074823
2016-02,2016-02-01,5,2,NVDA,0.024782111726579403,0.21684951247721607,0.3641583666700079,0.45564336481708523,0.44779400217916643
2016-02,2016-02-01,5,3,META,0.1140256565288742,0.26542043500060286,0.31938547793116934,0.2225407659847911,0.3242433076544875
2016-02,2016-02-01,6,1,NVDA,0.024782111726579403,0.21684951247721607,0.3641583666700079,0.45564336481708523,0.44779400217916643
2016-02,2016-02-01,6,2,KLAC,0.01646564348976831,0.3638265971294128,0.4084071508983911,0.30020014699937114,0.20289636469074823
2016-02,2016-02-01,6,3,MAT,0.08897816329142327,0.3706955503908129,0.2042931222538369,0.22817195954692449,0.04958802945294538
2016-01,2016-01-04,4,1,NVDA,0.34434909360480126,0.5070927382243322,0.6081633908205488,0.599491584291096,0.45798205058471586
2016-01,2016-01-04,4,2,KLAC,0.3957284037390101,0.4413517588493612,0.33061364218317846,0.2310337886701035,0.1692662759679464
2016-01,2016-01-04,4,3,TCOM,0.44504792402697024,0.40640538998767317,0.26606018733661796,0.2742640525998459,0.10817098703649553
2016-01,2016-01-04,5,1,NVDA,0.34434909360480126,0.5070927382243322,0.6081633908205488,0.599491584291096,0.45798205058471586
2016-01,2016-01-04,5,2,KLAC,0.3957284037390101,0.4413517588493612,0.33061364218317846,0.2310337886701035,0.1692662759679464
2016-01,2016-01-04,5,3,TCOM,0.44504792402697024,0.40640538998767317,0.26606018733661796,0.2742640525998459,0.10817098703649553
2016-01,2016-01-04,6,1,NVDA,0.34434909360480126,0.5070927382243322,0.6081633908205488,0.599491584291096,0.45798205058471586
2016-01,2016-01-04,6,2,AMZN,0.2232870454278062,0.2828574167952087,0.19056881435158424,0.4563433920150819,0.47820947532508185
2016-01,2016-01-04,6,3,GOOG,0.21356467677304813,0.24097094918753692,0.17526647985407795,0.4215849996537653,0.3892393769681626
